word,meaning_bn,meaning_en,example,part_of_speech,phonetic,level
April,এপ্রিল,,,,,
August,আগস্ট,"Awe-inspiring, majestic, noble, venerable.",an august patron of the arts,adjective,,
CD,সিডি,,,,,
December,ডিসেম্বর,,,,,
February,ফেব্রুয়ারি,,,,,
Friday,শুক্রবার,,,,,
I,আমি,The name of the Latin-script letter I.,the position of an i-dot (the dot of an i),noun,,
Internet,ইন্টারনেট,Any set of computer networks that communicate using the Internet Protocol. (An intranet.),,noun,/ˈɪntəˌnɛt/,
January,জানুয়ারি,,,,,
July,জুলাই,,,,,
June,জুন,,,,,
K,কে,A kilobyte (more formally KB or kB).,,noun,,
March,মার্চ,"A formal, rhythmic way of walking, used especially by soldiers, bands and in ceremonies.",,noun,/mɑːtʃ/,
May,মে,To be strong; to have power (over).,,verb,/meɪ/,
Monday,সোমবার,,,,,
Mr.,মি.,,,,,
Mrs.,মিসেস,,,,,
Ms.,সুশ্রী,Abbreviation of million.,,noun,,
November,নভেম্বর,,,,,
OK,ঠিক আছে,"All right, permitted.",Do you think it's OK to stay here for the night?,adjective,,
October,অক্টোবর,,,,,
Saturday,শনিবার,,,,,
September,সেপ্টেম্বর,,,,,
Sunday,রবিবার,,,,,
TV,টিভি,The assessed value of an asset from which the tax owing is computed.,,noun,,
Thursday,বৃহস্পতিবার,,,,,
Tuesday,মঙ্গলবার,,,,,
Web site,ওয়েব সাইট,,,,,
Wednesday,বুধবার,,,,,
a,ক,The name of the Latin script letter A/a.,,noun,/æɪ/,
a.m.,a.m,Before noon.,,adverb,,
abandon,পরিত্যাগ করা,"To give up or relinquish control of, to surrender or to give oneself over, or to yield to one's emotions.",,verb,/əˈbæn.dən/,
abandoned,পরিত্যক্ত,"To give up or relinquish control of, to surrender or to give oneself over, or to yield to one's emotions.",,verb,/əˈbæn.dn̩d/,
ability,ক্ষমতা,Suitableness.,,noun,/əˈ.bɪl.ɪ.ti/,
able,সক্ষম,Easy to use.,,adjective,/ˈeɪ.bl̩/,
about,সম্পর্কে,Moving around; astir.,"After my bout with Guillan-Barre Syndrome, it took me 6 months to be up and about again.",adjective,/əˈbɛʊt/,
above,উপরে,Heaven.,,noun,/əˈbʌv/,
abroad,বিদেশে,Countries or lands abroad.,,noun,/əˈbɹɔːd/,
absence,অনুপস্থিতি,A state of being away or withdrawn from a place or from companionship; the period of being away.,Absence makes the heart grow fonder.,noun,/ˈæb.s(ə)n̩s/,
absent,অনুপস্থিত,"(with definite article) Something absent, especially absent people collectively; those who were or are not there.",,noun,/ˈæb.sn̩t/,
absolute,পরম,"That which is independent of context-dependent interpretation, inviolate, fundamental.",moral absolutes,noun,/ˈæb.səˌljuːt/,
absolutely,একেবারে,"In an absolute or unconditional manner; utterly, positively, wholly.",,adverb,/æb.səˈl(j)uːt.lɪ/,
absorb,শোষণ করা,To include so that it no longer has separate existence; to overwhelm; to cause to disappear as if by swallowing up; to incorporate; to assimilate; to take in and use up.,,verb,/əbˈsɔːb/,
abuse,অপব্যবহার,"Improper treatment or usage; application to a wrong or bad purpose; an unjust, corrupt or wrongful practice or custom.","All abuse, whether physical, verbal, psychological or sexual, is bad.",noun,/əˈbjuːs/,
academic,একাডেমিক,"(usually capitalized) A follower of Plato, a Platonist.",,noun,/ˌækəˈdɛmɪk/,
accent,উচ্চারণ,A higher-pitched or stronger articulation of a particular syllable of a word or phrase in order to distinguish it from the others or to emphasize it.,"In the word ""careful"", the accent is placed on the first syllable.",noun,/ˈak.sənt/,
accept,গ্রহণ,"To receive, especially with a consent, with favour, or with approval.",,verb,/ækˈsɛpt/,
acceptable,গ্রহণযোগ্য,"Worthy, decent, sure of being accepted or received with at least moderate pleasure",We need to find an acceptable present for Jeff.,adjective,/æk.ˈsɛp.tə.bəl/,
access,অ্যাক্সেস,A way or means of approaching or entering; an entrance; a passage.,,noun,/ˈæksɛs/,
accident,দুর্ঘটনা,An unexpected event with negative consequences occurring without the intention of the one suffering the consequences.,to die by an accident,noun,/ˈæk.sə.dənt/,
accidental,আকস্মিক,A property which is not essential; a nonessential; anything happening accidentally.,,noun,/ˌæk.sɪ.ˈdɛn.tl̩/,
accompany,সঙ্গে,To go with or attend as a companion or associate; to keep company with; to go along with.,Geoffrey accompanied the group on their pilgrimage.,verb,/ə.ˈkʌm.pə.ni/,
according to,অনুযায়ী,,,,,
account,অ্যাকাউন্ট,"A registry of pecuniary transactions; a written or printed statement of business dealings or debts and credits, and also of other things subjected to a reckoning or review.",,noun,/ə.ˈkaʊnt/,
accurate,সঠিক,Telling the truth or giving a true result; exact; not defective or faulty,accurate knowledge,adjective,/ˈæk.jə.ɹɪt/,
accuse,অভিযুক্ত করা,Accusation.,,noun,/əˈkjuːz/,
achieve,অর্জন,"To succeed in something, now especially in academic performance.",,verb,/əˈtʃiːv/,
achievement,অর্জন,The act of achieving or performing; a successful performance; accomplishment,,noun,/əˈtʃiːvmənt/,
acid,অ্যাসিড,A sour substance.,,noun,/ˈæs.ɪd/,
acknowledge,স্বীকার,To admit the knowledge of; to recognize as a fact or truth; to declare one's belief in,to acknowledge the being of a god,verb,/əkˈnɒ.lɪdʒ/,
acquire,অর্জন,To get.,,verb,/əˈkwaɪə/,
across,জুড়ে,"(crosswords, often in combination) A word that runs horizontally in the completed puzzle grid or its associated clue.","I solved all of the acrosses, but then got stuck on 3 down.",noun,/əˈkɹɑs/,
act,কাজ,"Something done, a deed.",an act of goodwill,noun,/æk/,
action,কর্ম,Something done so as to accomplish a purpose.,,noun,/ˈæk.ʃən/,
active,সক্রিয়,A person or thing that is acting or capable of acting.,,noun,/ˈæk.tɪv/,
activist,কর্মী,"One who is politically active in the role of a citizen; especially, one who campaigns for change.",,noun,/ˈæk.tɪ.vɪst/,
activity,কার্যকলাপ,The state or quality of being active; activeness.,Pit row was abuzz with activity.,noun,/ækˈtɪ.və.ti/,
actor,অভিনেতা,"A person who performs, plays a part in a theatrical play or film.",,noun,/ˈæk.tə/,
actress,অভিনেত্রী,A female who performs on the stage or in films.,,noun,/ˈak.tɹəs/,
actual,প্রকৃত,"An actual, real one; notably:",,noun,/ˈak(t)ʃj(ʊ)əl/,
actually,আসলে,(modal) In act or in fact; really; in truth; positively.,"Actually, I had nothing to do with that incident.",adverb,/-ɪ/,
ad,বিজ্ঞাপন,Advertisement.,I have placed both of the ads in the newspaper as instructed.,noun,/æd/,
adapt,মানিয়ে নেওয়া,To make suitable; to make to correspond; to fit or suit,,verb,/əˈdæpt/,
add,যোগ করুন,An act or instance of adding.,,noun,/æd/,
add up,যোগ করুন,To take a sum.,Add up the prices and find out how much it will cost.,verb,,
addition,সংযোজন,The act of adding anything.,The addition of five more items to the agenda will make the meeting unbearably long.,noun,/æˈdɪʃən/,
additional,অতিরিক্ত,Something added.,,noun,/əˈdɪʃənəl/,
address,ঠিকানা,Direction.,,noun,/æˈdɹɛs/,
adequate,পর্যাপ্ত,To equalize; to make adequate.,,verb,,
adjust,সামঞ্জস্য করা,To modify.,Morimoto's recipes are adjusted to suit the American palate.,verb,/əˈdʒʌst/,
administration,প্রশাসন,"The act of administering; government of public affairs; the service rendered, or duties assumed, in conducting affairs; the conducting of any office or employment; direction.",,noun,/ədˌmɪnəˈstɹeɪʃən/,
admiration,প্রশংসা,A positive emotion including wonder and approbation; the regarding of another as being wonderful,They looked at the landscape in admiration.,noun,/ˌæd.mɚˈeɪʃ.ən/,
admire,প্রশংসা করা,To be amazed at; to view with surprise; to marvel at.,,verb,/ədˈmaɪə/,
admit,স্বীকার করা,"To allow to enter; to grant entrance (to), whether into a place, into the mind, or into consideration",A ticket admits one into a playhouse.,verb,/ədˈmɪt/,
adopt,গ্রহণ,"To take by choice into relationship (a child, heir, friend, citizen, etc.)",,verb,/əˈdɒpt/,
adult,প্রাপ্তবয়স্ক,A fully grown human or animal.,,noun,/əˈdʌlt/,
advance,অগ্রিম,A forward move; improvement or progression.,an advance in health or knowledge,noun,/ədˈvaːns/,
advanced,উন্নত,To promote or advantage.,,verb,/ədˈvɑːnst/,
advantage,সুবিধা,"Any condition, circumstance, opportunity or means, particularly favorable to success, or to any desired end.",The enemy had the advantage of a more elevated position.,noun,/ədˈvɑːn.tɪdʒ/,
adventure,অ্যাডভেঞ্চার,"The encountering of risks; a bold undertaking, in which dangers are likely to be encountered, and the issue is staked upon unforeseen events; a daring feat.",,noun,/ædˈvɛnt͡ʃɚ/,
advertise,বিজ্ঞাপন,To give (especially public) notice of (something); to announce publicly.,,verb,/ˈadvə(ɹ)taɪz/,
advertisement,বিজ্ঞাপন,"A commercial solicitation designed to sell some commodity, service or similar.","Companies try to sell their products using advertisements in form of placards, television spots and print publications.",noun,/ədˈvɜːtɪsmənt/,
advertising,বিজ্ঞাপন,To give (especially public) notice of (something); to announce publicly.,,verb,/ˈædvə(ɹ)ˌtaɪzɪŋ/,
advice,উপদেশ,An opinion offered in an effort to be helpful.,She was offered various piece of advice on what to do with her new-found wealth.,noun,/ədˈvaɪs/,
advise,পরামর্শ,"To give advice to; to offer an opinion to, as worthy or expedient to be followed.",The dentist advised me to brush three times a day.,verb,/ədˈvaɪz/,
affair,ব্যাপার,"(often in the plural) Something which is done or is to be done; business of any kind, commercial, professional, or public.",a difficult affair to manage,noun,/əˈfɛə/,
affect,প্রভাবিত,To influence or alter.,The experience affected me deeply.,verb,/əˈfɛkt/,
affection,স্নেহ,The act of affecting or acting upon.,,noun,/əˈfɛkʃən/,
afford,সামর্থ্য,"To incur, stand, or bear without serious detriment, as an act which might under other circumstances be injurious;—with an auxiliary, as can, could, might, etc.; to be able or rich enough.",I think we can afford the extra hour it will take.  We can only afford to buy a small car at the moment.,verb,/əˈfɔːd/,
afraid,ভীত,"(usually used predicatively, not attributively, be afraid) Impressed with fear or apprehension; in fear.",He is afraid of death.,adjective,/əˈfɹeɪd/,
after,পরে,"Later; second (of two); next, following, subsequent",,adjective,/ˈæf.tə(ɹ)/,
afternoon,বিকেল,"The part of the day from noon or lunchtime until sunset, evening, or suppertime or 6pm.",,noun,/af.təɾˈnʉːn/,
afterward,পরে,(temporal location) At a later or succeeding time.,,adverb,/ˈɑːftə.wəd/,
again,আবার,Another time; once more.,,adverb,/əˈɡeɪn/,
against,বিরুদ্ধে,In a contrary direction to.,It is hard work to swim against the current.,preposition,/əˈɡeɪnst/,
age,বয়স,"The whole duration of a being, whether animal, plant, or other kind, being alive.",,noun,/eɪd͡ʒ/,
aged,বৃদ্ধ,To cause to grow old; to impart the characteristics of age to.,Grief ages us.,verb,/eɪdʒd/,
agency,সংস্থা,"The capacity, condition, or state of acting or of exerting power.",,noun,/ˈeɪ.dʒən.si/,
agenda,এজেন্ডা,A temporally organized plan for matters to be attended to.,,noun,/əˈdʒɛn.də/,
agent,এজেন্ট,"One who exerts power, or has the power to act",,noun,/ˈeɪ.dʒənt/,
aggressive,আক্রমণাত্মক,Characterized by aggression; unjustly attacking; prone to behave in a way that involves attacking or arguing.,"an aggressive policy, war, person, nation",adjective,/əˈɡɹɛs.ɪv/,
ago,আগে,Gone; gone by; gone away; passed; passed away.,in days ago/in days agone,adjective,/əˈɡəʊ/,
agree,একমত,"To harmonize in opinion, statement, or action; to be in unison or concord; to be or become united or consistent; to concur.",all parties agree in the expediency of the law.,verb,/əˈɡɹi/,
agreement,চুক্তি,An understanding between entities to follow a specific course of conduct.,to enter an agreement;  the UK and US negotiators nearing agreement;  he nodded his agreement.,noun,/əˈɡɹiːmənt/,
ahead,এগিয়ে,In or to the front; in advance; onward.,,adverb,/əˈhɛd/,
aid,সাহায্য,"Help; assistance; succor, relief.",He came to my aid when I was foundering.,noun,/eɪd/,
aim,লক্ষ্য,"The pointing of a weapon, as a gun, a dart, or an arrow, or object, in the line of direction with the object intended to be struck; the line of fire; the direction of anything, such as a spear, a blow, a discourse, a remark, towards a particular point or object, with a view to strike or affect it.",Take time with the aim of your gun.,noun,/eɪm/,
air,বায়ু,"The substance constituting earth's atmosphere, particularly:",I'm going outside to get some air.,noun,/ˈɛə/,
aircraft,বিমান,"A vehicle capable of atmospheric flight due to interaction with the air, such as buoyancy or lift",,noun,/ɛə.kɹɑːft/,
airport,বিমানবন্দর,"An airfield (an area designated for the takeoff and landing of aircraft), including one or more runways and (for commercial airports) one or more passenger terminals.","Because of this, and contrary to popular belief, British airports primarily act as giant wealth extractors, transporting our richest citizens out of the country as often as possible to take their money overseas. ― The Independent, Heathrow expansion to mainly benefit wealthy frequent fliers, research finds, 23 june 2018.",noun,/ˈɛə.pɔːt/,
alarm,এলার্ম,"A summons to arms, as on the approach of an enemy.",,noun,/əˈlɑːm/,
alarmed,শঙ্কিত,To call to arms for defense,,verb,/əˈlɑːmd/,
alarming,উদ্বেগজনক,To call to arms for defense,,verb,/ə.ˈlɑːm.ɪŋ/,
alcohol,অ্যালকোহল,Any of a class of organic compounds (such as ethanol) containing a hydroxyl functional group (-OH).,,noun,/ˈæl.kə.hɒl/,
alcoholic,মদ্যপ,A person addicted to alcohol.,,noun,/ˌælkəˈhɒlɪk/,
alive,জীবিত,Having life; living; not dead,"As long as the plant is alive, he will continue to water it.",adjective,,
all,সব,(with a possessive pronoun) Everything that one is capable of.,"She gave her all, and collapsed at the finish line.",noun,/ɔːl/,
allied,মিত্র,Joined as allies.,,adjective,/əˈlaɪd/,
allow of,অনুমতি দেয়,,,,,
ally,মিত্র,"A person, group, or state (etc) which is associated with another for a common cause; one united to another by treaty or common purpose; a confederate.",the two countries were allies in WWI,noun,,
almost,প্রায়,Something or someone that doesn't quite make it.,"In all the submissions, they found four papers that were clearly worth publishing and another dozen almosts.",noun,/ɔːl.ˈməʊst/,
alone,একা,"By oneself, solitary.",I can't ask for help because I am alone.,adjective,/əˈləʊn/,
along,বরাবর,In company; together.,John played the piano and everyone sang along.,adverb,/əˈlɑŋ/,
alongside,পাশাপাশি,Along the side; by the side; side by side with.,Ahoy! Bring your boat alongside mine.,adverb,/ə.lɒŋˈsaɪd/,
aloud,জোরে,Spoken out loud.,,adjective,/əˈlaʊd/,
alphabet,বর্ণমালা,The set of letters used when writing in a language.,"In the first year of school, pupils are taught to recite the alphabet.",noun,/ˈæl.fə.bɛt/,
alphabetical,বর্ণানুক্রমিক,"Pertaining to, furnished with, or expressed by letters of the alphabet.",,adjective,/ˌæl.fəˈbɛt.ɪ.kəl/,
already,ইতিমধ্যে,"Prior to some specified time, either past, present, or future; by this time; previously.",,adverb,/ɑlˈɹɛdi/,
also,এছাড়াও,(focus) In addition; besides; as well; further; too.,"They had porridge for breakfast, and also toast.",adverb,/ˈɔːl.səʊ/,
alter,পরিবর্তন,To change the form or structure of.,,verb,/ˈɑl.tɚ/,
alternative,বিকল্প,A situation which allows a mutually exclusive choice between two or more possibilities; a choice between two or more possibilities.,,noun,/ɒl.ˈtɜː(ɹ).nə.tɪv/,
alternatively,বিকল্পভাবে,In an alternative way,,adverb,,
although,যদিও,"Though, even though, in spite of or despite the fact that: introducing a clause that expresses a concession.","Although it was very muddy, the football game went on.",conjunction,/ɔːlˈðəʊ/,
altogether,সব মিলিয়ে,Without exception; wholly; completely.,,adverb,/ɔː.tuːˈɡɛð.ə(ɹ)/,
always,সবসময়,At all times; throughout all time; since the beginning.,Airplanes did not always exist as a form of transportation.,adverb,/ˈɔː(l).weɪz/,
amaze,বিস্মিত,"Amazement, astonishment.",,noun,/əˈmeɪz/,
amazed,বিস্মিত,"To fill with wonder and surprise; to astonish, astound, surprise or perplex.",He was amazed when he found that the girl was a robot.,verb,/əˈmeɪzd/,
amazing,আশ্চর্যজনক,"To fill with wonder and surprise; to astonish, astound, surprise or perplex.",He was amazed when he found that the girl was a robot.,verb,/əˈmeɪzɪŋ/,
ambition,উচ্চাকাঙ্ক্ষা,"Eager or inordinate desire for some object that confers distinction, as preferment, honor, superiority, political power, or literary fame; desire to distinguish one's self from other people.","My son, John, wants to be a firefighter very much. He has a lot of ambition.",noun,/æmˈbɪ.ʃən/,
ambulance,অ্যাম্বুলেন্স,An emergency vehicle designed for transporting seriously ill or injured people to a hospital.,,noun,/ˈæm.bjə.ləns/,
among,মধ্যে,Denotes a mingling or intermixing with distinct or separable objects. (See Usage Note at amidst.),How can you speak with authority about their customs when you have never lived among them?,preposition,/əˈmɒŋ/,
amount,পরিমাণ,"The total, aggregate or sum of material (not applicable to discrete numbers or units or items in standard English).",The amount of atmospheric pollution threatens a health crisis.,noun,/əˈmaʊnt/,
amuse,বিনোদন,To entertain or occupy in a pleasant manner; to stir with pleasing emotions.,I watch these movies because they amuse me.,verb,/əˈmjuːz/,
amused,আনন্দিত,To entertain or occupy in a pleasant manner; to stir with pleasing emotions.,I watch these movies because they amuse me.,verb,/əˈmjuːzd/,
amusing,মজাদার,To entertain or occupy in a pleasant manner; to stir with pleasing emotions.,I watch these movies because they amuse me.,verb,/əˈmjuːzɪŋ/,
an,একটি,One,,numeral,/æn/,
analysis,বিশ্লেষণ,"Decomposition into components in order to study (a complex thing, concept, theory etc.).",,noun,/əˈnælɪsɪs/,
analyze,বিশ্লেষণ,To subject to analysis.,,verb,/ˈæn.ə.laɪz/,
ancient,প্রাচীন,A person who is very old.,,noun,/ˈeɪn.ʃənt/,
and,এবং,"In rhythm, the second half of a divided beat.",,noun,,
anger,রাগ,"A strong feeling of displeasure, hostility or antagonism towards someone or something, usually combined with an urge to harm.",You need to control your anger.,noun,/ˈæŋɡə(ɹ)/,
angle,কোণ,A figure formed by two rays which start from a common point (a plane angle) or by three planes that intersect (a solid angle).,the angle between lines A and B,noun,/ˈæŋ.ɡəl/,
angry,রাগান্বিত,Displaying or feeling anger.,An angry mob started looting the warehouse.,adjective,/ˈæŋ.ɡɹi/,
animal,পশু,"In scientific usage, a multicellular organism that is usually mobile, whose cells are not encased in a rigid cell wall (distinguishing it from plants and fungi) and which derives energy solely from the consumption of other organisms (distinguishing it from plants).","A cat is an animal, not a plant. Humans are also animals, under the scientific definition, as we are not plants.",noun,/ˈænɪməl/,
ankle,গোড়ালি,"The skeletal joint which connects the foot with the leg; the uppermost portion of the foot and lowermost portion of the leg, which contain this skeletal joint.",,noun,/ˈæŋ.kəl/,
anniversary,বার্ষিকী,A day that is an exact number of years (to the day) since a given significant event occurred. Often preceded by an ordinal number indicating the number of years.,Today is the fiftieth anniversary of the end of the war.,noun,/ˌænɪˈvɜːs(ə)ɹi/,
announce,ঘোষণা,"To give public notice, especially for the first time; to make known",,verb,/əˈnaʊns/,
announcement,ঘোষণা,"An act of announcing, or giving notice.","He raised his hand to make his announcement and said ""Excuse me everyone, I have an announcement to make.",noun,/əˈnaʊns.mɛnt/,
annoy,বিরক্ত করা,A feeling of discomfort or vexation caused by what one dislikes.,,noun,/əˈnɔɪ/,
annoyed,বিরক্ত,"To disturb or irritate, especially by continued or repeated acts; to bother with unpleasant deeds.","Marc loved his sister, but when she annoyed him he wanted to switch her off.",verb,/əˈnɔɪd/,
annoying,বিরক্তিকর,"To disturb or irritate, especially by continued or repeated acts; to bother with unpleasant deeds.","Marc loved his sister, but when she annoyed him he wanted to switch her off.",verb,,
annual,বার্ষিক,"An annual publication; a book, periodical, journal, report, comic book, yearbook, etc., which is published serially once a year, which may or may not be in addition to regular weekly or monthly publication.","I read the magazine, but I usually don't purchase the annuals.",noun,/ˈæn.ju.əl/,
annually,বার্ষিক,"Once every year without fail, yearly",,adverb,/ˈæn.jʊə.li/,
another,অন্য,An additional one of the same kind.,There is one sterling and here is another,pronoun,,
answer,উত্তর,A response or reply; something said or done in reaction to a statement or question.,Her answer to his proposal was a slap in the face.,noun,/ˈan.sə/,
anti-,বিরোধী-,,,,,
anticipate,অনুমান করা,"To act before (someone), especially to prevent an action.",,verb,/ænˈtɪs.ɪ.peɪt/,
anxiety,উদ্বেগ,"An unpleasant state of mental uneasiness, nervousness, apprehension and obsession or concern about some uncertain event.",,noun,/ˌæŋ(ɡ)ˈzaɪ.ə.ti/,
anxious,উদ্বিগ্ন,Nervous and worried.,,adjective,/ˈaŋ(k)ʃəs/,
any,যেকোনো,"To even the slightest extent, at all.",I will not remain here any longer.,adverb,/ˈæni/,
anymore,আর,"(in negative or interrogative constructions) From a given time onwards; longer, again.",They don't make repairable radios any more.,adverb,/ˌæ.niˈmoːɹ/,
anyone,যে কেউ,Any person; anybody.,Almost anyone can change a light bulb.,pronoun,/ˈæniˌwʌn/,
anything,কিছু,Someone or something of importance.,,noun,/ˈɛ.nə.θɪŋ/,
anyway,যাইহোক,Regardless; anyhow.,"He didn't enjoy washing his car, but it was so dirty that he did it anyway.",adverb,/ˈɛniweɪ/,
anywhere,যে কোন জায়গায়,In or at any location or an unknown location.,I don't know where I left my keys. They could be anywhere.,adverb,/ˈɛn.iː.(h)wɛə(ɹ)/,
apart,আলাদা,"(Used after a noun or in the predicate) Exceptional, distinct.",a world apart,adjective,/əˈpɑː(ɹ)t/,
apart from,ছাড়াও,"Except for; besides, apart (postposition).",,preposition,,
apartment,অ্যাপার্টমেন্ট,"A complete domicile occupying only part of a building, especially one for rent; a flat.",,noun,/əˈpɑːt.mənt/,
apologize,ক্ষমাপ্রার্থী,"(often followed by “for”) To make an apology or excuse; to acknowledge some fault or offense, with expression of regret for it, by way of amends",My correspondent apologized for not answering my letter.,verb,/əˈpɒləd͡ʒaɪz/,
apparently,দৃশ্যত,Plainly; clearly; manifestly; evidently.,,adverb,/əˈpaɹəntli/,
appeal,আপিল,An application for the removal of a cause or suit from an inferior to a superior judge or court for re-examination or review.,,noun,/əˈpiːl/,
appear,প্রদর্শিত,To come or be in sight; to be in view; to become visible.,,verb,/əˈpiːɹ/,
appearance,চেহারা,The act of appearing or coming into sight; the act of becoming visible to the eye.,His sudden appearance surprised me.,noun,/əˈpɪəɹəns/,
apple,আপেল,"A common, round fruit produced by the tree Malus domestica, cultivated in temperate climates.",,noun,/ˈæp.əl/,
application,আবেদন,"The act of applying or laying on, in a literal sense",The application of this cream should reduce the swelling.,noun,/aplɪˈkeɪʃ(ə)n/,
apply,আবেদন,To lay or place; to put (one thing to another),to apply cream to a rash,verb,/əˈplaɪ/,
appoint,নিয়োগ,"To set, fix or determine (a time or place for something such as a meeting, or the meeting itself) by authority or agreement.",,verb,/əˈpɔɪnt/,
appointment,অ্যাপয়েন্টমেন্ট,The act of appointing a person to hold an office or to have a position of trust,His appointment was deemed suitable,noun,/əˈpɔɪnt.mɛnt/,
appreciate,প্রশংসা,To be grateful or thankful for.,I appreciate your efforts,verb,/əˈpɹiː.si.eɪt/,
approach,পন্থা,The act of drawing near; a coming or advancing near.,,noun,/əˈpɹəʊt͡ʃ/,
appropriate,উপযুক্ত,To make suitable; to suit.,,verb,,
approval,অনুমোদন,"An expression granting permission; an indication of agreement with a proposal; an acknowledgement that a person, thing or event meets requirements.",I need to get an approval on this purchase order.,noun,/əˈpɹuːvəl/,
approve,অনুমোদন,To sanction officially; to ratify; to confirm; to set as satisfactory.,"Although we may disagree with it, we must nevertheless approve the sentence handed down by the court-martial.",verb,/əˈpɹuːv/,
approving,অনুমোদন,To sanction officially; to ratify; to confirm; to set as satisfactory.,"Although we may disagree with it, we must nevertheless approve the sentence handed down by the court-martial.",verb,/ʌˈpɹuv.ɪŋ/,
approximate,আনুমানিক,To estimate.,,verb,,
approximately,প্রায়,Imprecise but close to in quantity or amount.,...approximately 60 beats per minute.,adverb,/əˈpɹɒk.sɪ.mət.li/,
area,এলাকা,A measure of the extent of a surface; it is measured in square units.,,noun,/ˈɛə̯ɹɪə̯/,
argue,তর্ক করা,"To show grounds for concluding (that); to indicate, imply.",,verb,/ˈɑː.ɡjuː/,
argument,যুক্তি,A fact or statement used to support a proposition; a reason.,,noun,/ˈɑːɡjʊmənt/,
arise,উঠা,To come up from a lower to a higher position.,to arise from a kneeling posture,verb,/əˈɹaɪz/,
arm,বাহু,"The portion of the upper human appendage, from the shoulder to the wrist and sometimes including the hand.",She stood with her right arm extended and her palm forward to indicate “Stop!”,noun,/ɑːm/,
armed,সশস্ত্র,To take by the arm; to take up in one's arms.,,verb,/ɑːmd/,
arms,অস্ত্র,"The portion of the upper human appendage, from the shoulder to the wrist and sometimes including the hand.",She stood with her right arm extended and her palm forward to indicate “Stop!”,noun,/ɑːmz/,
army,সেনাবাহিনী,"A large, highly organized military force, concerned mainly with ground (rather than air or naval) operations.",The army was sent in to quell the uprising.,noun,/ˈɑː.miː/,
around,চারপাশে,"(with the verb ""to be"") Present in the vicinity.",Is Clare around today?,adjective,/əˈɹaʊnd/,
arrange,ব্যবস্থা করা,To set up; to organize; to put into an orderly sequence or arrangement.,,verb,/əˈɹeɪndʒ/,
arrangement,ব্যবস্থা,The act of arranging.,,noun,/əˈɹeɪnd͡ʒmənt/,
arrest,গ্রেফতার,"A check, stop, an act or instance of arresting something.",,noun,/əˈɹɛst/,
arrival,আগমন,The act of arriving or something that has arrived.,The early arrival of the bride created a stir.,noun,/əˈɹaɪ.vəl/,
arrive,পৌঁছা,To reach; to get to a certain place.,He arrived home for two days.,verb,/əˈɹaɪv/,
arrow,তীর,"A projectile consisting of a shaft, a point and a tail with stabilizing fins that is shot from a bow.",,noun,/ˈæɹ.əʊ/,
art,শিল্প,"The conscious production or arrangement of sounds, colours, forms, movements, or other elements in a manner that affects the senses and emotions, usually specifically the production of the beautiful in a graphic or plastic medium.",There is a debate as to whether graffiti is art or vandalism.,noun,/ɑːt/,
article,নিবন্ধ,"A piece of nonfictional writing such as a story, report, opinion piece, or entry in a newspaper, magazine, journal, dictionary, encyclopedia, etc.",,noun,/ˈɑːtɪkəl/,
artificial,কৃত্রিম,Man-made; of artifice.,"The flowers were artificial, and he thought them rather tacky.",adjective,/ɑː(ɹ)təˈfɪʃəl/,
artist,শিল্পী,A person who creates art.,,noun,/ˈɑːtɪst/,
artistic,শৈল্পিক,Having or revealing creative skill.,,adjective,/ɑːˈtɪstɪk/,
as,হিসাবে,To such an extent or degree; to the same extent or degree.,"It's not as well made, but it's twice as expensive.",adverb,,
ashamed,লজ্জিত,To feel shame; to be ashamed.,,verb,/əˈʃeɪmd/,
aside,একপাশে,An incidental remark made quietly so as to be heard by the person to whom it is said and not by any others in the vicinity.,,noun,/əˈsaɪd/,
aside from,একপাশে থেকে,Excluding; with the exception of,,preposition,,
ask,জিজ্ঞাসা,An act or instance of asking.,,noun,/ˈask/,
asleep,ঘুমন্ত,"In a state of sleep; also, broadly, resting.",I was asleep when you called.,adjective,/əˈsliːp/,
aspect,দৃষ্টিভঙ্গি,"Any specific feature, part, or element of something.",Japan's aging population is an important aspect of its economy.,noun,/ˈæspɛkt/,
assist,সাহায্য,A helpful action or an act of giving.,The foundation gave a much needed assist to the shelter.,noun,/əˈsɪst/,
assistance,সাহায্য,Aid; help; the act or result of assisting.,,noun,/əˈsɪs.təns/,
assistant,সহকারী,"Someone who is present; a bystander, a witness.",,noun,/əˈsɪstənt/,
associate,সহযোগী,"A person united with another or others in an act, enterprise, or business; a partner.",,noun,/əˈsəʊsi.ət/,
association,সমিতি,The act of associating.,,noun,/əˌsəʊsiˈeɪʃən/,
assume,অনুমান,"To authenticate by means of belief; to surmise; to suppose to be true, especially without proof","We assume that, as her parents were dentists, she knows quite a bit about dentistry.",verb,/əˈsuːm/,
assure,নিশ্চিত করা,To make sure and secure.,,verb,/əˈʃɔː/,
at,এ,"To reply to or talk to someone, either online or face-to-face. (from the practice of targeting a message or reply to someone online by writing @name)",Cars 2 is the most influential film of all time. Don't @ me.,verb,,
atmosphere,বায়ুমণ্ডল,The gases surrounding the Earth or any astronomical body.,,noun,/ˈæt.məsˌfɪə(ɹ)/,
atom,পরমাণু,"The smallest possible amount of matter which still retains its identity as a chemical element, now known to consist of a nucleus surrounded by electrons.",,noun,/ˈatəm/,
attach,সংযুক্ত করা,"To fasten, to join to (literally and figuratively).","An officer is attached to a certain regiment, company, or ship.",verb,/əˈtætʃ/,
attached,সংযুক্ত,"To fasten, to join to (literally and figuratively).","An officer is attached to a certain regiment, company, or ship.",verb,/əˈtætʃt/,
attack,আক্রমণ,"An attempt to cause damage, injury to, or death of opponent or enemy.",,noun,/əˈtæk/,
attempt,প্রচেষ্টা,The action of trying at something.,It was worth the attempt.,noun,/əˈtɛmpt/,
attempted,চেষ্টা করেছে,To try.,"A group of 80 budding mountaineers attempted Kilimanjaro, but 30 of them didn't make it to the top.",verb,/əˈtɛmptɪd/,
attend,অংশগ্রহণ,To listen to (something or someone); to pay attention to; regard; heed.,,verb,/əˈtɛnd/,
attention,মনোযোগ,Mental focus.,Please direct your attention to the following words.,noun,/əˈtɛn.ʃən/,
attitude,মনোভাব,The position of the body or way of carrying oneself.,The ballet dancer walked with a graceful attitude.,noun,/ˈætɪˌtjuːd/,
attorney,অ্যাটর্নি,A lawyer; one who advises or represents others in legal matters as a profession.,,noun,/əˈtɜː(ɹ)ni/,
attract,আকর্ষণ,To pull toward without touching.,A magnet attracts iron filings.,verb,/əˈtɹækt/,
attraction,আকর্ষণ,The tendency to attract.,The Moon is held in its orbit by the attraction of the Earth's gravity.,noun,/əˈtɹækʃən/,
attractive,আকর্ষণীয়,Causing attraction; having the quality of attracting by inherent force.,,adjective,/əˈtɹæktɪv/,
audience,দর্শক,"A group of people within hearing; specifically, a large gathering of people listening to or watching a performance, speech, etc.",We joined the audience just as the lights went down.,noun,/ˈɔːdi.əns/,
aunt,খালা,The sister or sister-in-law of one’s parent.,,noun,/ɑ(ː)nt/,
author,লেখক,"The originator or creator of a work, especially of a literary composition.",Have you read any Corinthian authors?,noun,/ˈɔː.θə/,
authority,কর্তৃত্ব,The power to enforce rules or give orders.,"I have the authority to penalise the staff in my department, but not the authority to sack them.",noun,/ɔːˈθɒɹəti/,
automatic,স্বয়ংক্রিয়,A car with automatic transmission.,I never learned to drive a stick. I can only drive an automatic.,noun,/ˌɔːtəˈmætɪk/,
available,উপলব্ধ,Such as one may avail oneself of; capable of being used for the accomplishment of a purpose.,We have an available candidate.,adjective,/əˈveɪləb(ə)l/,
average,গড়,The arithmetic mean.,"The average of 10, 20 and 24 is (10 + 20 + 24)/3 = 18.",noun,/ˈævəɹɪd͡ʒ/,
avoid,এড়ানো,To try not to meet or communicate with (a person); to shun,,verb,/əˈvɔɪd/,
awake,জাগ্রত,Not asleep; conscious.,,adjective,/əˈweɪk/,
award,পুরস্কার,"A judgment, sentence, or final decision. Specifically: The decision of arbitrators in a case submitted.",,noun,/əˈwɔːd/,
aware,সচেতন,Vigilant or on one's guard against danger or difficulty.,Stay aware! Don't let your guard down.,adjective,/əˈweːɹ/,
away,দূরে,To depart; to go to another place.,At 9 o'clock sharp he awayed to bed.,verb,/əˈweɪ/,
awful,ভয়ঙ্কর,Very bad.,My socks smell awful.,adjective,/ˈɔːfəl/,
awkward,বিশ্রী,Someone or something that is awkward.,,noun,,
baby,শিশু,"A very young human, particularly from birth to a couple of years old or until walking is fully mastered.",,noun,/ˈbeɪbi/,
back,ফিরে,"The rear of the body, especially the part between the neck and the end of the spine and opposite the chest and belly.",Could you please scratch my back?,noun,/bæk/,
background,পটভূমি,"One's social heritage, or previous life; what one did in the past.",The lawyer had a background in computer science.,noun,/ˈbæk.ɡɹaʊnd/,
backward,পশ্চাদপদ,The state behind or past.,,noun,,
bacteria,ব্যাকটেরিয়া,"A type, species, or strain of bacterium.",,noun,/bækˈtɪəɹ.ɪ.ə/,
bad,খারাপ,"Error, mistake.",,noun,/bæːd/,
badly,খারাপভাবে,"Ill, unwell.",He's never badly.,adjective,/ˈbæd.li/,
bag,ব্যাগ,"A flexible container made of cloth, paper, plastic, etc.",,noun,/ˈbæːɡ/,
baggage,লাগেজ,(usually uncountable) Luggage; traveling equipment,Please put your baggage in the trunk.,noun,/ˈbæɡɪdʒ/,
bake,বেক,The act of cooking food by baking.,,noun,/beɪk/,
balance,ভারসাম্য,A state in which opposing forces harmonise; equilibrium.,,noun,/ˈbæləns/,
ball,বল,"A solid or hollow sphere, or roughly spherical mass.",a ball of spittle; a fecal ball,noun,/bɔːl/,
ban,নিষেধাজ্ঞা,Prohibition.,,noun,/bæn/,
band,ব্যান্ড,A strip of material used for strengthening or coupling.,,noun,/bænd/,
bandage,ব্যান্ডেজ,A strip of gauze or similar material used to protect or support a wound or injury.,,noun,/ˈbændɪdʒ/,
bank,ব্যাংক,An institution where one can place and borrow money and take care of financial affairs.,,noun,/bæŋk/,
bar,বার,"A solid, more or less rigid object of metal or wood with a uniform cross-section smaller than its length.",The window was protected by steel bars.,noun,/bɑː/,
barely,সবে,(degree) By a small margin.,,adverb,/ˈbɛə(ɹ).li/,
bargain,দর কষাকষি,"An agreement between parties concerning the sale of property; or a contract by which one party binds himself to transfer the right to some property for a consideration, and the other party binds himself to receive the property and pay the consideration.",,noun,/-ɡɪn/,
barrier,বাধা,A structure that bars passage.,,noun,/ˈbæɹi.ə(ɹ)/,
base,ভিত্তি,Something from which other things extend; a foundation.,,noun,/beɪs/,
baseball,বেসবল,"A sport common in North America, the Caribbean, and Japan, in which the object is to strike a ball so that one of a nine-person team can run counter-clockwise among four bases, resulting in the scoring of a run. The team with the most runs after termination of play, usually nine innings, wins.",,noun,/ˈbeɪs.bɔːl/,
basic,মৌলিক,"A necessary commodity, a staple requirement.",Rice is a basic for many Asian villagers.,noun,/ˈbeɪsɪk/,
basically,মূলত,"In a fundamental, essential or basic manner","They've added some fancy features, but it's basically still a car.",adverb,/ˈbeɪsɪk(ə)li/,
basis,ভিত্তি,A physical base or foundation.,,noun,/ˈbeɪsɪs/,
basketball,বাস্কেটবল,A sport in which two opposing teams of five players strive to put a ball through a hoop.,,noun,/ˈbɑːs.kɪt.bɔːl/,
bath,স্নান,A tub or pool which is used for bathing: bathtub.,,noun,/bɐːθ/,
bathroom,বাথরুম,"A room containing a shower and/or bathtub, and (typically but not necessarily) a toilet.",,noun,/ˈbæθ.ɹuːm/,
battery,ব্যাটারি,"A device used to power electric devices, consisting of a set of electrically connected electrochemical or, archaically, electrostatic cells. A single such cell when used by itself.",,noun,/ˈbætəɹi/,
battle,যুদ্ধ,"A contest, a struggle.",the battle of life,noun,/ˈbætəl/,
bay,উপসাগর,A berry.,,noun,/beɪ/,
be,হতে,,,,,
beach,সৈকত,"The shore of a body of water, especially when sandy or pebbly.",,noun,/biːt͡ʃ/,
beak,চঞ্চু,Anatomical uses.,,noun,/biːk/,
bear,ভালুক,"A large omnivorous mammal, related to the dog and raccoon, having shaggy hair, a very small tail, and flat feet; a member of family Ursidae.",,noun,/bɛə(ɹ)/,
beard,দাড়ি,"Facial hair on the chin, cheeks, jaw and neck.",,noun,/bɪəd/,
beat,বীট,A stroke; a blow.,,noun,/biːt/,
beautiful,সুন্দর,Someone who is beautiful. Can be used as a term of address.,"Hey, beautiful!",noun,/ˈbjuːtɪfəl/,
beautifully,সুন্দরভাবে,In a beautiful manner.,,adverb,/ˈbjuːtɪf(ə)li/,
beauty,সৌন্দর্য,"The quality of being (especially visually) attractive, pleasing, fine or good-looking; comeliness.","1988, ""… beauty and recollection, like danger, glamour, greed, hunger- everything but disappointment and desire- were concepts belonging to other people.” -Second Son, Robert Ferro",noun,/ˈbuːti/,
because,কারণ,For the reason (that).,,adverb,/bɪˈkɒz/,
become,হয়ে,"To arrive, come (to a place).",,verb,/bəˈkʊm/,
bed,বিছানা,"A piece of furniture, usually flat and soft, on which to rest or sleep.","My cat often sleeps on my bed.
I keep a glass of water next to my bed when I sleep.",noun,/bed/,
bedroom,শয়নকক্ষ,A room in a house where a bed is kept for sleeping.,Please don't enter my bedroom without knocking.,noun,/ˈbɛdɹʊm/,
beef,গরুর মাংস,"The meat from a cow, bull or other bovine.",I love eating beef.,noun,/biːf/,
beer,বিয়ার,"An alcoholic drink fermented from starch material, commonly barley malt, often with hops or some other substance to impart a bitter flavor.",Beer is brewed all over the world.,noun,/bɛə/,
before,আগে,At an earlier time.,I've never done this before.,adverb,/bɪˈfɔː/,
begin,শুরু,Beginning; start.,,noun,/biˈɡɪn/,
beginning,শুরু,"The act of doing that which begins anything; commencement of an action, state, or space of time; entrance into being or upon a course; the first act, effort, or state of a succession of acts or states.",,noun,/bɪˈɡɪn.ɪŋ/,
behalf,পক্ষ থেকে,,,,,
behave,আচরণ,"To conduct (oneself) well, or in a given way.","You need to behave yourself, young lady.",verb,/bəˈheɪv/,
behavior,আচরণ,Human conduct relative to social norms.,,noun,[bɪˈheɪvjə],
behind,পিছনে,"The rear, back-end",,noun,/bəˈhaɪnd/,
belief,বিশ্বাস,Mental acceptance of a claim as true.,It's my belief that the thief is somebody known to us.,noun,/bəˈliːf/,
believe,বিশ্বাস,"To accept as true, particularly without absolute certainty (i.e., as opposed to knowing)",I believe there are faeries.,verb,/bɪˈliːv/,
bell,ঘণ্টা,"A percussive instrument made of metal or other hard material, typically but not always in the shape of an inverted cup with a flared rim, which resonates when struck.",,noun,/bɛl/,
belong,অন্তর্গত,To have its proper place.,Where does this document belong?,verb,/bɪˈlɒŋ/,
below,নীচে,In a lower place.,,adverb,/bɪˈləʊ/,
belt,বেল্ট,"A band worn around the waist to hold clothing to one's body (usually pants), hold weapons (such as a gun or sword), or serve as a decorative piece of clothing.","As part of the act, the fat clown's belt broke, causing his pants to fall down.",noun,/bɛlt/,
bend,বাঁক,A curve.,There's a sharp bend in the road ahead.,noun,/bɛnd/,
beneath,নিচে,Below or underneath.,,adverb,/bɪˈniːθ/,
benefit,সুবিধা,An advantage; help or aid from something.,It was for her benefit.   His benefit was free beer.,noun,/ˈbɛn.ɪ.fɪt/,
bent,বাঁকানো,"To cause (something) to change its shape into a curve, by physical force, chemical action, or any other means.",Don’t bend your knees.,verb,/bɛnt/,
beside,পাশে,Otherwise; else.,,adverb,/bɪˈsaɪd/,
best,সেরা,"The supreme effort one can make, or has made.",I did my best.,noun,/ˈbɛst/,
bet,বাজি,"A wager, an agreement between two parties that a stake (usually money) will be paid by the loser to the winner (the winner being the one who correctly forecast the outcome of an event).",Dylan owes Fletcher $30 from an unsuccessful bet.,noun,/ˈbɛt/,
better,ভাল,"An entity, usually animate, deemed superior to another; one who has a claim to precedence; a superior.",He quickly found Ali his better in the ring.,noun,[ˈbeɾə],
between,মধ্যে,"A kind of needle, shorter than a sharp, with a small rounded eye, used for making fine stitches on heavy fabrics.",,noun,/bɪˈtwiːn/,
beyond,অতিক্রম,The unknown.,,noun,/biˈjɒnd/,
bicycle,সাইকেল,"A vehicle that has two wheels, one behind the other, a steering handle, and a saddle seat or seats and is usually propelled by the action of a rider’s feet upon pedals.",,noun,/ˈbaɪsɪkl̩/,
bid 1,বিড 1,,,,,
big,বড়,Someone or something that is large in stature,,noun,/bɪɡ/,
bill,বিল,"Any of various bladed or pointed hand weapons, originally designating an Anglo-Saxon sword, and later a weapon of infantry, especially in the 14th and 15th centuries, commonly consisting of a broad, heavy, double-edged, hook-shaped blade, with a short pike at the back and another at the top, attached to the end of a long staff.",,noun,/bɪl/,
biology,জীববিজ্ঞান,The study of all life or living matter.,,noun,/baɪˈɒlədʒɪ/,
bird,পাখি,"A member of the class of animals Aves in the phylum Chordata, characterized by being warm-blooded, having feathers and wings usually capable of flight, and laying eggs.",Ducks and sparrows are birds.,noun,/bɜd/,
birth,জন্ম,The process of childbearing; the beginning of life.,,noun,/bɜːθ/,
birthday,জন্মদিন,The anniversary of the day on which someone is born.,,noun,/ˈbɜːθ.deɪ/,
bit,বিট,A piece of metal placed in a horse's mouth and connected to the reins to direct the animal.,A horse hates having a bit put in its mouth.,noun,/bɪt/,
bite,কামড়,The act of biting.,,noun,/bʌɪt/,
bitter,তিক্ত,"(usually in the plural bitters) A liquid or powder, made from bitter herbs, used in mixed drinks or as a tonic.",,noun,/ˈbɪtə/,
bitterly,তিক্তভাবে,In a bitter manner.,,adverb,/ˈbɪtəli/,
black,কালো,"The colour/color perceived in the absence of light, but also when no light is reflected, but rather absorbed.",,noun,/blak/,
blade,ফলক,"The sharp cutting edge of a knife, chisel, or other tool, a razor blade/sword.",,noun,/bleɪd/,
blame,দোষ,Censure.,Blame came from all directions.,noun,/bleɪm/,
blank,ফাঁকা,"A small French coin, originally of silver, afterwards of copper, worth 5 deniers; also a silver coin of Henry V current in the parts of France then held by the English, worth about 8 pence .",,noun,/blæŋk/,
blind,অন্ধ,A covering for a window to keep out light. The covering may be made of cloth or of narrow slats that can block light or allow it to pass.,,noun,/blaɪnd/,
block,ব্লক,"A substantial, often approximately cuboid, piece of any substance.",a block of ice,noun,,
blond,স্বর্ণকেশী,"A pale yellowish (golden brown) color, especially said of hair color.",,noun,/blɒnd/,
blood,রক্ত,A member of the Los Angeles gang The Bloods.,,noun,/blʊd/,
blow,ঘা,A strong wind.,We're having a bit of a blow this afternoon.,noun,/bləʊ/,
blue,নীল,"The colour of the clear sky or the deep sea, between green and violet in the visible spectrum, and one of the primary additive colours for transmitted light; the colour obtained by subtracting red and green from white light using magenta and cyan filters; or any colour resembling this.",,noun,/bluː/,
board,বোর্ড,"A relatively long, wide and thin piece of any material, usually wood or similar, often for use in construction or furniture-making.",,noun,/bɔːd/,
boat,নৌকা,"A craft used for transportation of goods, fishing, racing, recreational cruising, or military use on or in the water, propelled by oars or outboard motor or inboard motor or by wind.",,noun,,
body,শরীর,Physical frame.,,noun,/ˈbɒdi/,
boil,ফোঁড়া,"A localized accumulation of pus in the skin, resulting from infection.",,noun,/bɔɪl/,
bomb,বোমা,An explosive device used or intended as a weapon.,,noun,/bɒm/,
bond,বন্ধন,"Evidence of a long-term debt, by which the bond issuer (the borrower) is obliged to pay interest when due, and repay the principal at maturity, as specified on the face of the bond certificate. The rights of the holder are specified in the bond indenture, which contains the legal terms and conditions under which the bond was issued. Bonds are available in two forms: registered bonds, and bearer bonds.",,noun,/bɒnd/,
bone,হাড়,A composite material consisting largely of calcium phosphate and collagen and making up the skeleton of most vertebrates.,,noun,/bəʉn/,
book,বই,"A collection of sheets of paper bound together to hinge at one edge, containing printed or written material, pictures, etc.",He was frustrated because he couldn't find anything about dinosaurs in the book.,noun,/buːk/,
boot,বুট,A heavy shoe that covers part of the leg.,,noun,,
border,সীমান্ত,The outer edge of something.,the borders of the garden,noun,/ˈbɔədə/,
bore,বোর,"A hole drilled or milled through something, or (by extension) its diameter.",the bore of a cannon,noun,/bɔː/,
bored,বিরক্ত,To inspire boredom in somebody.,,verb,/bɔːd/,
boring,বিরক্তিকর,To inspire boredom in somebody.,,verb,/ˈbɔːɹɪŋ/,
born,জন্ম,"To carry or convey, literally or figuratively.","Judging from the look on his face, he wasn't bearing good news.",verb,/ˈbɔːn/,
borrow,ধার করা,Deviation of the path of a rolling ball from a straight line; slope; slant.,This putt has a big left-to right borrow on it.,noun,/ˈbɔɹoʊ/,
boss,বস,A person who oversees and directs the work of others; a supervisor.,,noun,/bɑs/,
both,উভয়,"Each of the two, or of the two kinds.","""Did you want this one or that one?"" — ""Give me both.""",pronoun,/bəʊθ/,
bother,বিরক্ত করা,"Fuss, ado.",There was a bit of bother at the hairdresser's when they couldn't find my appointment in the book.,noun,[ˈbɔðə(ɹ)],
bottle,বোতল,"A container, typically made of glass or plastic and having a tapered neck, used primarily for holding liquids.",Beer is often sold in bottles.,noun,/ˈbɑ.təl/,
bottom,নীচে,The lowest part of anything.,Footers appear at the bottoms of pages.,noun,/ˈbɒtəm/,
bound,আবদ্ধ,To tie; to confine by any ligature.,,verb,/ˈbaʊnd/,
bowl,বাটি,"A roughly hemispherical container used to hold, mix or present food, such as salad, fruit or soup, or other items.",,noun,/bəʊɫ/,
box,বাক্স,Senses relating to a three-dimensional object or space.,,noun,,
boy,ছেলে,A young male.,Kate is dating a boy named Jim.,noun,/bɔːə/,
boyfriend,প্রেমিক,A male partner in an unmarried romantic relationship.,,noun,/ˈbɔɪfɹənd/,
brain,মস্তিষ্ক,"The control center of the central nervous system of an animal located in the skull which is responsible for perception, cognition, attention, memory, emotion, and action.",,noun,/bɹeɪn/,
branch,শাখা,The woody part of a tree arising from the trunk and usually dividing.,,noun,/bɹæntʃ/,
brand,ব্র্যান্ড,A conflagration; a flame.,,noun,/bɹand/,
brave,সাহসী,A Native American warrior.,,noun,/bɹeɪv/,
bread,রুটি,A foodstuff made by baking dough made from cereals.,,noun,/bɹeːd/,
break,বিরতি,An instance of breaking something into two or more pieces.,The femur has a clean break and so should heal easily.,noun,/bɹeɪk/,
break in,বিরতি,To enter a place by force or illicit means.,Someone broke in and stole his radio.,verb,,
breakfast,প্রাতঃরাশ,"The first meal of the day, usually eaten in the morning.",You should put more protein in her breakfast so she will grow.,noun,/ˈbɹɛkfəst/,
breast,স্তন,"Either of the two organs on the front of a female human's chest, which contain the mammary glands; also the analogous organs in males.",Tanya's breasts grew remarkably during pregnancy.,noun,/bɹɛst/,
breath,শ্বাস,The act or process of breathing.,I could hear the breath of the runner behind me.,noun,/bɹɛθ/,
breathe,শ্বাস ফেলা,"To draw air into (inhale), and expel air from (exhale), the lungs in order to extract oxygen and excrete waste gases.",,verb,/bɹiːð/,
breathing,শ্বাস,"To draw air into (inhale), and expel air from (exhale), the lungs in order to extract oxygen and excrete waste gases.",,verb,/ˈbɹiːðɪŋ/,
breed,বংশবৃদ্ধি,All animals or plants of the same species or subspecies.,a breed of animal,noun,/bɹiːd/,
brick,ইট,"A hardened rectangular block of mud, clay etc., used for building.",This wall is made of bricks.,noun,/bɹɪk/,
bridge,সেতু,A construction or natural feature that spans a divide.,,noun,/bɹɪd͡ʒ/,
brief,সংক্ষিপ্ত,A writ summoning one to answer to any action.,,noun,/bɹiːf/,
briefly,সংক্ষেপে,"(manner) In a brief manner, summarily.",He covered the subject briefly in his book.,adverb,/ˈbɹiːfli/,
bright,উজ্জ্বল,"An artist's brush used in oil and acrylic painting with a long ferrule and a flat, somewhat tapering bristle head.",,noun,/bɹaɪt/,
brilliant,উজ্জ্বল,"A finely cut gemstone, especially a diamond, cut in a particular form with numerous facets so as to maximize light return through the top (called ""table"") of the stone.",,noun,/ˈbɹɪljənt/,
bring,আনা,(ditransitive) To transport toward somebody/somewhere.,"Waiter, please bring me a single malt whiskey.",verb,/ˈbɹɪŋ/,
broad,বিস্তৃত,"A shallow lake, one of a number of bodies of water in eastern Norfolk and Suffolk.",,noun,/bɹɑd/,
broadcast,সম্প্রচার,A transmission of a radio or television programme intended to be received by anyone with a receiver.,,noun,/ˈbɹɑdkæst/,
broadly,ব্যাপকভাবে,Widely and openly.,,adverb,,
broken,ভাঙ্গা,"To separate into two or more pieces, to fracture or crack, by a process that cannot easily be reversed for reassembly.","If the vase falls to the floor, it might break.",verb,/ˈbɹəʊkən/,
brother,ভাই,Son of the same parents as another person.,,noun,/ˈbɹɐðɘ(ɹ)/,
brown,বাদামী,A colour like that of chocolate or coffee.,The browns and greens in this painting give it a nice woodsy feel.,noun,/bɹaʊn/,
brush,ব্রাশ,"An implement consisting of multiple more or less flexible bristles or other filaments attached to a handle, used for any of various purposes including cleaning, painting, and arranging hair.",,noun,/bɹʌʃ/,
bubble,বুদবুদ,"A spherically contained volume of air or other gas, especially one made from soapy liquid.",,noun,/ˈbʌb.əl/,
budget,বাজেট,"The amount of money or resources earmarked for a particular institution, activity or time-frame.",,noun,/ˈbʌdʒ.ɪt/,
build,নির্মাণ,The physique of a human body; constitution or structure of a human body.,Rugby players are of sturdy build.,noun,/bɪld/,
building,ভবন,The act or process by which something is built; construction.,The building of the bridge will be completed in a couple of weeks.,noun,/ˈbɪl.dɪŋ/,
bullet,বুলেট,"A projectile, usually of metal, shot from a gun at high speed.",,noun,/ˈbʊl.ɪt/,
bunch,গুচ্ছ,"A group of similar things, either growing together, or in a cluster or clump, usually fastened together.",a bunch of grapes;  a bunch of bananas;  a bunch of keys;  a bunch of yobs on a street corner,noun,/ˈbʌntʃ/,
burn,পোড়া,"A physical injury caused by heat, cold, electricity, radiation or caustic chemicals.",She had second-degree burns from falling in the bonfire.,noun,/bɜːn/,
burn down,পুড়িয়ে ফেলা,To cause (a structure) to burn to nothing.,The police are hoping to find the people who burned down the cottage.,verb,,
burst,ফেটে যাওয়া,An act or instance of bursting.,The bursts of the bombs could be heard miles away.,noun,/bɜːst/,
bury,কবর দেওয়া,A burrow.,,noun,/ˈbʌ.ɹi/,
bus,বাস,A motor vehicle for transporting large numbers of people along roads.,,noun,/bɐs/,
bush,গুল্ম,"A woody plant distinguished from a tree by its multiple stems and lower height, being usually less than six metres tall; a horticultural rather than strictly botanical category.",,noun,/bʊʃ/,
business,ব্যবসা,A specific commercial enterprise or establishment.,I was left my father's business.,noun,/ˈbɪd.nəs/,
businessman,ব্যবসায়ী,"A man in business, one who works at a commercial institution.",,noun,/ˈbɪznəsmən/,
businesswoman,ব্যবসায়ী মহিলা,A woman involved in business.,,noun,,
c.,গ.,Abbreviation of circa.,"The document was written in the Middle Ages, c. 1250.",adverb,,
cabinet,ক্যাবিনেট,"A storage closet either separate from, or built into, a wall.",,noun,/ˈkæ.bɪ.nɪt/,
cable,তারের,(material) A long object used to make a physical connection.,,noun,/keɪ.bl/,
cake,কেক,"A rich, sweet dessert food, typically made of flour, sugar and eggs and baked in an oven, and often covered in icing.",,noun,/keɪk/,
calculate,গণনা করা,To determine the value of something or the solution to something by a mathematical process.,Calculate the square root of 3 to 10 decimal places.,verb,/ˈkælkjəleɪt/,
calculation,গণনা,The act or process of calculating.,,noun,/kælkjuˈleɪʃən/,
call,কল,A telephone conversation.,I received several calls today.,noun,,
call back,ফিরে কল,,,,,
calm,শান্ত,"(in a person) The state of being calm; peacefulness; absence of worry, anger, fear or other strong negative emotion.",,noun,/kam/,
calm down,শান্ত হও,,,,,
camera,ক্যামেরা,A device for taking still or moving pictures or photographs.,,noun,/ˈkæməɹə/,
camp,শিবির,An outdoor place acting as temporary accommodation in tents or other temporary structures.,,noun,[kʰɛəmp],
campaign,প্রচারণা,A series of operations undertaken to achieve a set goal.,The company is targeting children in their latest advertising campaign.,noun,/kæmˈpeɪn/,
can 1,পারেন 1,,,,,
can 2,পারেন 2,,,,,
cancel,বাতিল,A cancellation (US); (nonstandard in some kinds of English).,,noun,/ˈkænsl̩/,
cancer,ক্যান্সার,A disease in which the cells of a tissue undergo uncontrolled (and often rapid) proliferation.,,noun,/ˈkæːnsə/,
candidate,প্রার্থী,A person who is running in an election.,,noun,/ˈkæn.dɪdət/,
candy,মিছরি,"Edible, sweet-tasting confectionery containing sugar, or sometimes artificial sweeteners, and often flavored with fruit, chocolate, nuts, herbs and spices, or artificial flavors.",,noun,/ˈkændi/,
cap,টুপি,"A close-fitting hat, either brimless or peaked.",The children were all wearing caps to protect them from the sun.,noun,/kæp/,
capable,সক্ষম,Able and efficient; having the ability needed for a specific task; having the disposition to do something; permitting or being susceptible to something.,"As everyone knew, he was capable of violence when roused.",adjective,/ˈkeɪpəbl̩/,
capacity,ক্ষমতা,"The ability to hold, receive or absorb",,noun,/kəˈpæsɪti/,
capital,মূলধন,"Already-produced durable goods available for use as a factor of production, such as steam shovels (equipment) and office buildings (structures).",,noun,/ˈkæp.ɪ.təl/,
captain,অধিনায়ক,A chief or leader.,,noun,/ˈkæp.tən/,
capture,ক্যাপচার,An act of capturing; a seizing by force or stratagem.,,noun,/ˈkæp.t͡ʃə/,
car,গাড়ী,"A wheeled vehicle that moves independently, with at least three wheels, powered mechanically, steered by a driver and mostly for personal transportation.",She drove her car to the mall.,noun,/kɑː/,
card,কার্ড,A playing card.,,noun,/kaːd/,
care,যত্ন,"Grief, sorrow.",,noun,/kɛə/,
career,কর্মজীবন,One's calling in life; a person's occupation; one's profession.,,noun,/kəˈɹɪə/,
careful,সতর্ক,"Taking care; attentive to potential danger, error or harm; cautious.",He was a slow and careful driver.,adjective,/ˈkɛːfəl/,
careless,অসাবধান,Not concerned or worried (about).,,adjective,/ˈkɛələs/,
carpet,কার্পেট,A fabric used as a complete floor covering.,,noun,/ˈkɑː(ɹ)pɪt/,
carrot,গাজর,"A vegetable with a nutritious, juicy, sweet root that is often orange in colour, Daucus carota, especially the subspecies sativus in the family Apiaceae.",,noun,/ˈkæɹ.ət/,
carry,বহন,A manner of transporting or lifting something; the grip or position in which something is carried.,Adjust your carry from time to time so that you don't tire too quickly.,noun,/ˈkæ.ɹi/,
carry on,চালিয়ে যান,To continue or proceed as before.,"I'll be gone for a few days, but I hope you will carry on in my absence.",verb,,
case,মামলা,"An actual event, situation, or fact.","For a change, in this case, he was telling the truth.",noun,/keɪs/,
cash,নগদ,"Money in the form of notes/bills and coins, as opposed to cheques/checks or electronic transactions.","After you bounced those checks last time, they want to be paid in cash.",noun,/kæʃ/,
cast,ঢালাই,An act of throwing.,,noun,/kæst/,
cat,বিড়াল,An animal of the family Felidae:,,noun,/kat/,
catch,ধরা,The act of seizing or capturing.,The catch of the perpetrator was the product of a year of police work.,noun,/kæt͡ʃ/,
category,বিভাগ,"A group, often named or numbered, to which items are assigned based on similarity or defined criteria.",I wouldn't put this book in the same category as the author's first novel.,noun,/ˈkætəˌɡɔɹi/,
cattle,গবাদি পশু,"Domesticated bovine animals (cows, bulls, steers etc).",Do you want to raise cattle?,noun,/ˈkæt(ə)l/,
cause,কারণ,"(often with of, typically of adverse results) The source of, or reason for, an event or action; that which produces or effects a result.",They identified a burst pipe as the cause of the flooding.,noun,/kɔːz/,
cease,বন্ধ,Cessation; extinction (see without cease).,,noun,/siːs/,
ceiling,সিলিং,"To line or finish (a surface, such as a wall), with plaster, stucco, thin boards, or similar.",,verb,/ˈsiːlɪŋ/,
celebrate,উদযাপন,To extol or honour in a solemn manner.,to celebrate the name of the Most High,verb,/ˈsɛl.ə.bɹeɪt/,
celebration,উদযাপন,"The formal performance of a solemn rite, such as Christian sacrament.",,noun,/ˌsɛlɪˈbɹeiʃən/,
cell,কোষ,A single-room dwelling for a hermit.,,noun,/sɛl/,
cell phone,সেল ফোন,"A portable, wireless telephone, which changes antenna connections seamlessly during travel from one radio reception cell to another without losing the party-to-party call connection.",,noun,,
cent,শতক,(money) A subunit of currency equal to one-hundredth of the main unit of currency in many countries. Symbol: ¢.,,noun,/sɛnt/,
center,কেন্দ্র,The point in the interior of a circle that is equidistant from all points on the circumference.,,noun,/ˈsɛn.tə(ɹ)/,
centimeter,সেন্টিমিটার,An SI unit of length equal to 10-2 metres. Symbol: cm,,noun,,
central,কেন্দ্রীয়,Being in the centre.,,adjective,/ˈsɛntɹəl/,
century,শতাব্দী,"A period of 100 consecutive years; often specifically a numbered period with conventional start and end dates, e.g., the twentieth century, which stretches from (strictly) 1901 through 2000, or (informally) 1900 through 1999. The first century AD was from 1 to 100.",,noun,/ˈsɛn.t͡ʃə.ɹiː/,
ceremony,অনুষ্ঠান,"A ritual, with religious or cultural significance.",,noun,/ˈsɛɹɪməni/,
certain,নিশ্চিত,"(with ""the"") Something certain.",,noun,/ˈsɝtn̩/,
certainly,অবশ্যই,In a way which is certain; with certainty.,,adverb,/ˈsɜːtn̩li/,
certificate,সার্টিফিকেট,A document containing a certified statement.,,noun,,
chain,চেইন,A series of interconnected rings or links usually made of metal.,He wore a gold chain around the neck.,noun,/ˈt͡ʃeɪn/,
chair,চেয়ার,"An item of furniture used to sit on or in, comprising a seat, legs, back, and sometimes arm rests, for use by one person. Compare stool, couch, sofa, settee, loveseat and bench.","All I need to weather a snowstorm is hot coffee, a warm fire, a good book and a comfortable chair.",noun,/t͡ʃɛə(ɹ)/,
chairman,চেয়ারম্যান,A person presiding over a meeting.,,noun,/ˈtʃɛːmən/,
chairwoman,সভানেত্রী,A female chairperson,,noun,,
challenge,চ্যালেঞ্জ,A confrontation; a dare.,,noun,/ˈtʃæl.əndʒ/,
chamber,চেম্বার,"A room or set of rooms, particularly:",,noun,/ˈtʃeɪmbə(ɹ)/,
chance,সুযোগ,An opportunity or possibility.,We had the chance to meet the president last week.,noun,[tʃʰans],
change,পরিবর্তন,The process of becoming different.,The product is undergoing a change in order to improve it.,noun,/tʃeɪndʒ/,
channel,চ্যানেল,"The physical confine of a river or slough, consisting of a bed and banks.",The water coming out of the waterwheel created a standing wave in the channel.,noun,/ˈtʃænəl/,
chapter,অধ্যায়,(authorship) One of the main sections into which the text of a book is divided.,Detective novel writers try to keep up the suspense until the last chapter.,noun,/ˈt͡ʃæptə/,
character,চরিত্র,A being involved in the action of a story.,,noun,/ˈkæɹəktə/,
characteristic,বৈশিষ্ট্য,A distinguishing feature of a person or thing.,,noun,/ˌkæɹəktəˈɹɪstɪk/,
charge,চার্জ,The amount of money levied for a service.,There will be a charge of five dollars.,noun,,
charity,দাতব্য,"An organization, the objective of which is to carry out a charitable purpose.",,noun,/ˈtʃæɹɪti/,
chart,চার্ট,A map.,,noun,/tʃɑːt/,
chase,তাড়া,The act of one who chases another; a pursuit.,,noun,/tʃeɪs/,
chat,চ্যাট,Informal conversation.,,noun,/tʃæt/,
cheap,সস্তা,Trade; traffic; chaffer; chaffering.,,noun,/t͡ʃiːp/,
cheaply,সস্তায়,In a cheap manner; without expending much money.,,adverb,/ˈtʃiːpli/,
cheat,প্রতারণা,To violate rules in order to gain advantage from a situation.,My brother flunked biology because he cheated on his mid-term.,verb,/tʃiːt/,
check,চেক,A situation in which the king is directly threatened by an opposing piece.,,noun,/t͡ʃɛk/,
cheerful,প্রফুল্ল,Noticeably happy and optimistic.,,adjective,/ˈt͡ʃɪəfəl/,
cheese,পনির,A dairy product made from curdled or cultured milk.,,noun,/t͡ʃiz/,
chemical,রাসায়নিক,Any specific chemical element or chemical compound or alloy.,,noun,/ˈkɛmɪkəl/,
chemist,রসায়নবিদ,"A person who specializes in the science of chemistry, especially at a professional level.",,noun,/ˈkɛmɪst/,
chemistry,রসায়ন,The branch of natural science that deals with the composition and constitution of substances and the changes that they undergo as a consequence of alterations in the constitution of their molecules.,,noun,/ˈkɛm.ɪ.stɹi/,
chest,বুক,"A box, now usually a large strong box with a secure convex lid.",The clothes are kept in a chest.,noun,/t͡ʃɛst/,
chew,চিবানো,The act of chewing; mastication with the mouth.,I popped the gum into my mouth and gave it a chew.,noun,/tʃuː/,
chicken,মুরগি,"A domestic fowl, Gallus gallus, especially when young.",,noun,/ˈt͡ʃɪkɪn/,
chief,প্রধান,"A leader or head of a group of people, organisation, etc.",All firefighters report to the fire chief.,noun,/tʃiːf/,
child,শিশু,"A person who has not yet reached adulthood, whether natural (puberty), cultural (initiation), or legal (majority)",Go easy on him: he is but a child.,noun,/t͡ʃaɪld/,
childhood,শৈশব,The state of being a child.,,noun,/ˈtʃaɪldhʊd/,
chin,চিবুক,"The bottom of a face, (specifically) the typically jutting jawline below the mouth.",,noun,/tʃɪn/,
chip,চিপ,A small piece broken from a larger piece of solid material.,,noun,/tʃɪp/,
chocolate,চকোলেট,A food made from ground roasted cocoa beans.,Chocolate is a very popular treat.,noun,/ˈt͡ʃɔk(ə)lət/,
choice,পছন্দ,An option; a decision; an opportunity to choose or select something.,Do I have a choice of what color to paint it?,noun,/tʃɔɪs/,
choose,চয়ন করুন,To pick; to make the choice of; to select.,I chose a nice ripe apple from the fruit bowl.,verb,/t͡ʃuːz/,
chop,কাটা,"A cut of meat, often containing a section of a rib.",I only like lamb chops with mint jelly.,noun,/tʃɒp/,
church,গির্জা,A Christian house of worship; a building where Christian religious services take place.,There is a lovely little church in the valley.,noun,/t͡ʃɜːt͡ʃ/,
cigarette,সিগারেট,"Tobacco or other substances, in a thin roll wrapped with paper, intended to be smoked.",,noun,/sɪ.ɡəˈɹɛt/,
circle,বৃত্ত,"A two-dimensional geometric figure, a line, consisting of the set of all those points in a plane that are equally distant from a given point (center).","The set of all points (x, y) such that (x − 1)2 + y2 = r2 is a circle of radius r around the point (1, 0).",noun,/ˈsɜɹkəl/,
circumstance,পরিস্থিতি,"That which attends, or relates to, or in some way affects, a fact or event; an attendant thing or state of things.",,noun,/-æns/,
citizen,নাগরিক,"A resident of a city or town, especially one with legally-recognized rights or duties.",,noun,/ˈsɪtɪzən/,
city,শহর,"A large settlement, bigger than a town; sometimes with a specific legal definition, depending on the place.",São Paulo is the largest city in South America.,noun,/sɪtɪ/,
civil,নাগরিক,Having to do with people and government office as opposed to the military or religion.,She went into civil service because she wanted to help the people.,adjective,/ˈsɪv.əl/,
claim,দাবি,A demand of ownership made for something.,a claim of ownership,noun,/kleɪm/,
class,ক্লাস,"A group, collection, category or set sharing characteristics or attributes.",Often used to imply membership of a large class.,noun,/klas/,
classic,ক্লাসিক,A perfect and/or early example of a particular style.,,noun,/ˈklæ.sɪk/,
classroom,শ্রেণীকক্ষ,"A room, often in a school, where classes take place",,noun,/ˈklɑːsɹʊm/,
clean,পরিষ্কার,Removal of dirt.,This place needs a clean.,noun,/kleːn/,
clear,পরিষ্কার,"Full extent; distance between extreme limits; especially; the distance between the nearest surfaces of two bodies, or the space between walls.",a room ten feet square in the clear,noun,/klɪə(ɹ)/,
clear out,পরিষ্কার করা,To completely empty,We had to clear out the attic so the guest could sleep there.,verb,,
clearly,স্পষ্টভাবে,(manner) In a clear manner.,He enunciated every syllable clearly.,adverb,/ˈkliːɹli/,
clerk,কেরানি,"One who occupationally works with records, accounts, letters, etc.; an office worker.",,noun,/klɐːk/,
click,ক্লিক,"A brief, sharp, not particularly loud, relatively high-pitched sound produced by the impact of something small and hard against something hard, such as by the operation of a switch, a lock or a latch, or a finger pressed against the thumb and then released to strike the hand.","I turned the key, the lock gave a click and the door opened;  a click of one’s fingers",noun,/klɪk/,
client,ক্লায়েন্ট,"A customer, a buyer or receiver of goods or services.",,noun,/ˈklʌɪənt/,
climate,জলবায়ু,An area of the earth's surface between two parallels of latitude.,,noun,/ˈklaɪmɪt/,
climb,আরোহণ,An act of climbing.,,noun,/klaɪm/,
clock,ঘড়ি,An instrument used to measure or keep track of time; a non-portable timepiece.,,noun,/klɒk/,
close 1,বন্ধ 1,,,,,
close 2,বন্ধ 2,,,,,
closed,বন্ধ,(physical) To remove a gap.,,verb,/kləʊzd/,
closet,পায়খানা,"Any private area, (particularly) bowers in the open air.",,noun,/ˈklɒzɪt/,
cloth,কাপড়,"A woven fabric such as used in dressing, decorating, cleaning or other practical use.",,noun,/klɑθ/,
clothes,জামাকাপড়,"A woven fabric such as used in dressing, decorating, cleaning or other practical use.",,noun,/kləʊ(ð)z/,
clothing,পোশাক,To adorn or cover with clothing; to dress; to supply clothes or clothing.,to feed and clothe a family; to clothe oneself extravagantly,verb,/ˈkləʊðɪŋ/,
cloud,মেঘ,A rock; boulder; a hill.,,noun,/klaʊd/,
club,ক্লাব,"An association of members joining together for some common purpose, especially sports or recreation.",,noun,/klʌb/,
cm,সেমি,,,,,
coach,কোচ,"A wheeled vehicle, generally drawn by horse power.",,noun,,
coal,কয়লা,"A black rock formed from prehistoric plant remains, composed largely of carbon and burned as a fuel.",Put some coal on the fire.,noun,/kɔʊl/,
coast,উপকূল,"The edge of the land where it meets an ocean, sea, gulf, bay, or large lake.",The rocky coast of Maine has few beaches.,noun,/kəʊst/,
coat,কোট,An outer garment covering the upper torso and arms.Wp,,noun,/kəʊt/,
code,কোড,"A short symbol, often with little relation to the item it represents.",This flavour of soup has been assigned the code WRT-9.,noun,/kəʊd/,
coffee,কফি,A beverage made by infusing the beans of the coffee plant in hot water.,,noun,/ˈkɑ.fi/,
coin,মুদ্রা,"(money) A piece of currency, usually metallic and in the shape of a disc, but sometimes polygonal, or with a hole in the middle.",,noun,/kɔɪn/,
cold,ঠান্ডা,(of a thing) Having a low temperature.,A cold wind whistled through the trees.,adjective,/kɔʊld/,
coldly,ঠান্ডাভাবে,In a cold or uncaring manner; indifferently.,,adverb,/ˈkəʊldli/,
collapse,পতন,The act of collapsing.,She suffered a terrible collapse after slipping on the wet floor.,noun,/kəˈlæps/,
colleague,সহকর্মী,"A fellow member of a profession, staff, academic faculty or other organization; an associate.",,noun,/ˈkɒliːɡ/,
collect,সংগ্রহ করা,To gather together; amass.,Suzanne collected all the papers she had laid out.,verb,/kəˈlɛkt/,
collection,সংগ্রহ,A set of items or amount of material procured or gathered together.,"The asteroid belt consists of a collection of dust, rubble, and minor planets.",noun,/kəˈlɛkʃən/,
college,কলেজ,A corporate group; a group of colleagues.,,noun,,
color,রঙ,The spectral composition of visible light,Humans and birds can perceive color.,noun,/ˈkʌl.ə(ɹ)/,
column,কলাম,"A solid upright structure designed usually to support a larger structure above it, such as a roof or horizontal beam, but sometimes for decoration.",,noun,/ˈkɑljəm/,
combination,সংমিশ্রণ,"The act of combining, the state of being combined or the result of combining.",,noun,/kɒmbɪˈneɪʃən/,
combine,একত্রিত করা,A combine harvester,We can't finish harvesting because our combine is stuck in the mud.,noun,/kəmˈbaɪn/,
come,আসা,"Coming, arrival; approach.",,noun,/kʌm/,
come about,সম্পর্কে আসা,To come to pass; to develop; to occur; to take place; to happen.,"We have to ask, how did this come about?",verb,,
come away,দূরে আসা,(of two objects) To become separated from something.,The cakes have started to come away from the pan.,verb,,
come on,চল,"To encounter, discover; to come upon.","Turning the corner, I came on Julia sitting by the riverbank.",verb,,
come over,উপর আসা,"To affect in a sudden, unprecedented or surprising manner; to overwhelm a person's ordinarily contrary impulse.",I apologise for my behaviour last night. I don't know what came over me.,verb,,
comedy,কমেডি,"A choric song of celebration or revel, especially in Ancient Greece.",,noun,/ˈkɒmədi/,
comfort,আরাম,"Contentment, ease.",Sleep in comfort with our new mattress.,noun,/ˈkʊm.fət/,
comfortable,আরামদায়ক,A stuffed or quilted coverlet for a bed; a comforter.,,noun,/ˈkʌm.fə.tə.bəl/,
comfortably,আরামে,In a comfortable manner.,I snuggled comfortably into the blankets.,adverb,/ˈkʌmf(ə)təbli/,
command,আদেশ,An order to do something.,I was given a command to cease shooting.,noun,/kəˈmɑːnd/,
comment,মন্তব্য,A spoken or written remark.,I have no comment on that.,noun,/ˈkɒmɛnt/,
commercial,বাণিজ্যিক,"An advertisement in a common media format, usually radio or television.",,noun,/kəˈmɜːʃəl/,
commission,কমিশন,A sending or mission (to do or accomplish something).,,noun,/kəˈmɪʃən/,
commit,কমিট,"The act of committing (e.g. a database transaction or source code into a source control repository), making it a permanent change.",,noun,/kəˈmɪt/,
commitment,অঙ্গীকার,"The act or an instance of committing, putting in charge, keeping, or trust, especially:",,noun,,
committee,কমিটি,"A body of one or more persons convened for the accomplishment of some specific purpose, typically with formal protocols.",,noun,,
common,সাধারণ,"Mutual good, shared by more than one.",,noun,/ˈkɒmən/,
commonly,সাধারণত,As a rule; frequently; usually,,adverb,/ˈkɒmənli/,
communicate,যোগাযোগ,To impart,,verb,/kəˈmjuːnɪkeɪt/,
communication,যোগাযোগ,The act or fact of communicating anything; transmission.,communication of a secret,noun,/kəˌmjuːnɪˈkeɪʃən/,
community,সম্প্রদায়,"A group sharing a common understanding, and often the same language, law, manners, and/or tradition.",,noun,,
company,কোম্পানি,A team; a group of people who work together professionally.,,noun,/ˈkʌmp(ə)ni/,
compare,তুলনা,Comparison.,,noun,/kəmˈpɛə/,
comparison,তুলনা,The act of comparing or the state or process of being compared.,to bring a thing into comparison with another;  there is no comparison between them,noun,/kəmˈpæɹɪsən/,
compete,প্রতিযোগিতা,"To be in battle or in a rivalry with another for the same thing, position, or reward; to contend",,verb,/kəm.ˈpiːt/,
competition,প্রতিযোগিতা,The action of competing.,The competition for this job is strong.,noun,/ˌkɒmpəˈtɪʃən/,
competitive,প্রতিযোগিতামূলক,Capable of competing successfully,,adjective,/kəmˈpɛtɪtɪv/,
complain,অভিযোগ,"To express feelings of pain, dissatisfaction, or resentment.",Joe was always complaining about the noise made by his neighbours.,verb,/kəmˈpleɪn/,
complete,সম্পূর্ণ,A completed survey.,,noun,/kəmˈpliːt/,
completely,সম্পূর্ণরূপে,(manner) In a complete manner,"Please completely fill in the box for your answer, using a number 2 pencil.",adverb,/kəmˈpliːtli/,
complex,জটিল,A network of interconnected systems.,,noun,,
complicate,জটিল,To make complex; to modify so as to make something intricate or difficult.,,verb,/ˈkɒmplɪkeɪt/,
complicated,জটিল,To make complex; to modify so as to make something intricate or difficult.,,verb,/ˈkɒmplɪkeɪtɪd/,
component,উপাদান,"A smaller, self-contained part of a larger entity. Often refers to a manufactured object that is part of a larger device.",A CPU is a component of a computer.,noun,/kʌmˈpoʊnənt/,
computer,কম্পিউটার,A person employed to perform computations; one who computes.,,noun,/kəmˈpjuːtə/,
concentrate,মনোনিবেশ,A substance that is in a condensed form.,,noun,/ˈkɒn.sən.tɹeɪt/,
concentration,একাগ্রতা,"The act, process or ability of concentrating; the process of becoming concentrated, or the state of being concentrated.",,noun,/ˌkɒnsənˈtɹeɪʃən/,
concept,ধারণা,An abstract and general idea; an abstraction.,,noun,/ˈkɒn.sɛpt/,
concern,উদ্বেগ,"That which affects one’s welfare or happiness. A matter of interest to someone. The adposition before the matter of interest is usually over, about or for.",Judy's eyes filled with concern as she listened to the news report.,noun,/kənˈsɜːn/,
concerned,উদ্বিগ্ন,To relate or belong to; to have reference to or connection with; to affect the interest of; to be of importance to.,,verb,/kənˈsɜːnd/,
concerning,সম্পর্কিত,To relate or belong to; to have reference to or connection with; to affect the interest of; to be of importance to.,,verb,/kənˈsɜːnɪŋ/,
concert,কনসার্ট,Agreement in a design or plan; union formed by mutual communication of opinions and views; accordance in a scheme; harmony; simultaneous action.,,noun,,
conclude,উপসংহার,To end; to come to an end.,The story concluded with a moral.,verb,/kən.ˈkluːd/,
conclusion,উপসংহার,"The end, finish, close or last part of something.",,noun,/kənˈkluːʒən/,
concrete,কংক্রিট,"A solid mass formed by the coalescence of separate particles; a compound substance, a concretion.",,noun,/kɵnˈkɹiːt/,
condition,অবস্থা,A logical clause or phrase that a conditional statement uses. The phrase can either be true or false.,,noun,/kənˈdɪʃən/,
conduct,আচার,The act or method of controlling or directing,,noun,,
conference,সম্মেলন,The act of consulting together formally; serious conversation or discussion; interchange of views.,,noun,/ˈkɒn.fə.ɹəns/,
confidence,আত্মবিশ্বাস,Self-assurance.,,noun,/ˈkɒnfɪdəns/,
confident,আত্মবিশ্বাসী,A person in whom one can confide or share one's secrets: a friend.,,noun,/ˈkɒn.fɪ.dənt/,
confirm,নিশ্চিত করুন,To strengthen; to make firm or resolute.,,verb,/kənˈfɜːm/,
conflict,সংঘর্ষ,"A clash or disagreement, often violent, between two or more opposing groups or individuals.",The conflict between the government and the rebels began three years ago.,noun,/kənˈflɪkt/,
confront,মুখোমুখি,"To stand or meet facing, especially in competition, hostility or defiance; to come face to face with",We should confront him about the missing money.,verb,/kɒnˈfɹɒnt/,
confuse,বিভ্রান্ত করা,"To puzzle, perplex, baffle, bewilder (somebody).",,verb,/kənˈfjuːz/,
confused,বিভ্রান্ত,"To puzzle, perplex, baffle, bewilder (somebody).",,verb,/kənˈfjuːzd/,
confusing,বিভ্রান্তিকর,"To puzzle, perplex, baffle, bewilder (somebody).",,verb,/kənˈfjuːzɪŋ/,
confusion,বিভ্রান্তি,A lack of clarity or order.,,noun,/kənˈfjuːʒən/,
congratulation,অভিনন্দন,The act of congratulating.,,noun,/kənˌɡɹætjʊˈleɪʃ(ə)n/,
congress,কংগ্রেস,A coming together of two or more people; a meeting.,,noun,/ˈkɒŋˌɡɹɛs/,
connect,সংযোগ,"(of an object) To join (to another object): to attach, or to be intended to attach or capable of attaching, to another object.",I think this piece connects to that piece over there.,verb,/kəˈnɛkt/,
connection,সংযোগ,The act of connecting.,,noun,/kəˈnɛkʃən/,
conscious,সচেতন,The part of the mind that is aware of itself; the consciousness.,,noun,/ˈkɒn.ʃəs/,
consequence,পরিণতি,That which follows something on which it depends; that which is produced by a cause.,,noun,/ˈkɒnsɪkwɛns/,
conservative,রক্ষণশীল,A person who favors maintenance of the status quo.,,noun,/kənˈsɜːvətɪv/,
consider,বিবেচনা,To think about seriously.,Consider that we’ve had three major events and the year has hardly begun.,verb,/kənˈsɪdə/,
considerable,যথেষ্ট,"A thing to be considered, consideration.",,noun,/kənˈsɪdəɹəbl̩/,
considerably,যথেষ্ট,Significantly; to a degree worth considering.,The situation has improved considerably.,adverb,/kənˈsɪdəɹəbli/,
consideration,বিবেচনা,"The thought process of considering, of taking multiple or specified factors into account (with of being the main corresponding adposition).","After much consideration, I have decided to stay.",noun,/kənˌsɪdəˈɹeɪʃən/,
consist,গঠিত,To be.,,verb,/kənˈsɪst/,
consistent,সামঞ্জস্যপূর্ণ,"(in the plural) Objects or facts that are coexistent, or in agreement with one another.",,noun,/kənˈsɪstənt/,
constant,ধ্রুবক,That which is permanent or invariable.,,noun,/ˈkɒnstənt/,
constantly,ক্রমাগত,"With steadfastness; with resolve; in loyalty, faithfully.",,adverb,/ˈkɒnstəntli/,
construct,নির্মাণ,Something constructed from parts.,Loops and conditional statements are constructs in computer programming.,noun,/ˈkɒn.stɹʌkt/,
construction,নির্মাণ,The process of constructing.,Construction is underway on the new bridge.,noun,/kənˈstɹʌkʃən/,
consult,পরামর্শ,The act of consulting or deliberating; consultation,,noun,,
consumer,ভোক্তা,"One who, or that which, consumes.",,noun,/kənˈsjuːmə/,
contact,যোগাযোগ,The act of touching physically; being in close association.,,noun,,
contain,ধারণ,To hold inside.,,verb,/kənˈteɪn/,
container,ধারক,Someone who contains; something that contains.,,noun,/kənˈteɪnə/,
contemporary,সমসাময়িক,"Someone or something living at the same time, or of roughly the same age as another.",Cervantes was a contemporary of Shakespeare.,noun,/kənˈtɛm.p(ə).ɹi/,
content 1,বিষয়বস্তু 1,,,,,
contest,প্রতিযোগিতা,Controversy; debate.,no contest,noun,/ˈkɒn.tɛst/,
context,প্রসঙ্গ,"The surroundings, circumstances, environment, background or settings that determine, specify, or clarify the meaning of an event or other occurrence.","In what context did your attack on him happen? - We had a pretty tense relationship at the time, and when he insulted me I snapped.",noun,/ˈkɒntɛkst/,
continent,মহাদেশ,"Each of the main continuous land-masses on the earth's surface, now generally regarded as seven in number, including their related islands, continental shelves etc.",,noun,/ˈkɒntɪnənt/,
continue,চালিয়ে যান,"An option allowing a gamer to resume play after game over, when all lives have been lost.",,noun,/kənˈtɪnjuː/,
continuous,একটানা,"Without stopping; without a break, cessation, or interruption",a continuous current of electricity,adjective,/kənˈtɪn.juː.əs/,
contract,চুক্তি,"An agreement between two or more parties, to perform a specific job or work order, often temporary or of fixed duration and usually governed by a written agreement.",Marriage is a contract.,noun,/ˈkɒntɹækt/,
contrast,বিপরীত,"A difference in lightness, brightness and/or hue between two colours that makes them more or less distinguishable.",,noun,/ˈkɒntɹɑːst/,
contrasting,বিপরীত,To set in opposition in order to show the difference or differences between.,,verb,,
contribute,অবদান,To give something that is or becomes part of a larger whole.,to contribute articles to a journal,verb,/kənˈt(ʃ)ɹɪb.juːt/,
contribution,অবদান,Something given or offered that adds to a larger whole.,,noun,/ˌkɒntɹɪˈbjuːʃən/,
control,নিয়ন্ত্রণ,Influence or authority over something.,The government has complete control over the situation.,noun,/kənˈtɹəʊl/,
controlled,নিয়ন্ত্রিত,To exercise influence over; to suggest or dictate the behavior of.,"With a simple remote, he could control the toy truck.",verb,/kənˈtɹəʊld/,
convenient,সুবিধাজনক,"Serving to reduce a difficulty, or accessible with minimum difficulty; expedient.","Fast food might be convenient, but it's also very unhealthy.",adjective,/kənˈviːniənt/,
convention,সম্মেলন,A meeting or gathering.,The convention was held in Geneva.,noun,/kənˈvɛn.ʃən/,
conventional,প্রচলিত,"A conventional gilt-edged security, a kind of bond paying the holder a fixed cash payment (or coupon) every six months until maturity, at which point the holder receives the final payment and the return of the principal.",,noun,/kənˈvɛnʃənl/,
conversation,কথোপকথন,"Expression and exchange of individual ideas through talking with other people; also, a set instance or occasion of such talking.",I had an interesting conversation with Nicolas yesterday about how much he's getting paid.,noun,/ˌkɒn.vəˈseɪ.ʃən/,
convert,রূপান্তর,A person who has converted to a religion.,They were all converts to Islam.,noun,/ˈkɒn.vəːt/,
convince,বোঝানো,"To make someone believe, or feel sure about something, especially by using logic, argument or evidence.","I wouldn't have or do something, unless I'm convinced that it's good.",verb,/kənˈvɪns/,
cook,রান্না,A person who prepares food.,"I'm a terrible cook, so I eat a lot of frozen dinners.",noun,/kuːk/,
cookie,কুকি,"A small, flat, baked good which is either crisp or soft but firm.",,noun,/ˈkuːki/,
cooking,রান্না,"To prepare (food) for eating by heating it, often by combining it with other ingredients.",I'm cooking bangers and mash.,verb,/ˈkʊ.kɪŋ/,
cool,শীতল,A moderate or refreshing state of cold; moderate temperature of the air between hot and cold; coolness.,in the cool of the morning,noun,/kuːl/,
cooperation,সহযোগিতা,(usually uncountable) The act of cooperating.,,noun,/kowɑpəˈɹejʃən/,
cope,মোকাবেলা,"To deal effectively with something, especially if difficult.","I thought I would never be able to cope with life after the amputation, but I have learned how to be happy again.",verb,/kəʊp/,
copy,অনুলিপি,The result of copying; an identical duplicate of an original.,Please bring me the copies of those reports.,noun,/ˈkɒpi/,
core,মূল,"The central part of fruit, containing the kernels or seeds.",the core of an apple or quince,noun,/kɔː/,
corner,কোণ,"The point where two converging lines meet; an angle, either external or internal.",The corners of the wire mesh were reinforced with little blobs of solder.,noun,/ˈkɔːnə(ɹ)/,
correct,সঠিক,Free from error; true; accurate.,,adjective,/kəˈɹɛkt/,
cost,খরচ,To incur a charge of; to require payment of a (specified) price.,It will cost you a lot of money to take a trip around the world.,verb,/ˈkɑst/,
cottage,কুটির,A small house.,,noun,/ˈkɒtɪdʒ/,
cotton,তুলা,"Gossypium, a genus of plant used as a source of cotton fiber.",,noun,/ˈkɒt.n̩/,
cough,কাশি,"A sudden, usually noisy expulsion of air from the lungs, often involuntary.","Behind me, I heard a distinct, dry cough.",noun,/kɑf/,
could,পারে,"(auxiliary verb, defective) To know how to; to be able to.","She can speak English, French, and German.   I can play football.   Can you remember your fifth birthday?",verb,,
council,পরিষদ,"A committee that leads or governs (e.g. city council, student council).",,noun,/ˈkaʊn.səl/,
count,গণনা,The act of counting or tallying a quantity.,Give the chairs a quick count to check if we have enough.,noun,/kaʊnt/,
counter,পাল্টা,One who counts,"He's only 16 months, but is already a good counter – he can count to 100.",noun,/ˈkaʊntə/,
country,দেশ,"(chiefly British) An area of land; a district, region.",,noun,/ˈkɐntɹi/,
countryside,গ্রামাঞ্চল,"A rural area, or the rural part of a larger area.",We live in the Swedish countryside.,noun,/ˈkʌn.tɹiˌsaɪd/,
county,কাউন্টি,The land ruled by a count or a countess.,,noun,/ˈkaʊnti/,
couple,দম্পতি,Two partners in a romantic or sexual relationship.,,noun,/ˈkʌpəl/,
courage,সাহস,"The quality of being confident, not afraid or easily intimidated, but without being incautious or inconsiderate.",It takes a lot of courage to be successful in business.,noun,/ˈkʌɹɪdʒ/,
course,অবশ্যই,A sequence of events.,The normal course of events seems to be just one damned thing after another.,noun,/kɔːs/,
court,আদালত,"An enclosed space; a courtyard; an uncovered area shut in by the walls of a building, or by different buildings; also, a space opening from a street and nearly surrounded by houses; a blind alley.",The girls were playing in the court.,noun,,
cousin,কাজিন,The child of a person's uncle or aunt; a first cousin.,I think my cousin is a good man.,noun,/ˈkʌz.n̩/,
cover,আবরণ,A lid.,,noun,,
covered,আচ্ছাদিত,"To place something over or upon, as to conceal or protect.",He covered the baby with a blanket.,verb,/ˈkʌvə(ɹ)d/,
covering,আচ্ছাদন,"To place something over or upon, as to conceal or protect.",He covered the baby with a blanket.,verb,/ˈkʌvəɹɪŋ/,
cow,গরু,"(properly) An adult female of the species Bos taurus, especially one that has calved.",,noun,/kaʊ/,
crack,ফাটল,A thin and usually jagged space opened in a previously solid material.,A large crack had formed in the roadway.,noun,/kɹæk/,
cracked,ফাটল,To form cracks.,"It's been so dry, the ground is starting to crack.",verb,/kɹækt/,
craft,নৈপুণ্য,Strength; power; might; force .,,noun,/kɹɑːft/,
crash,ক্র্যাশ,"A sudden, intense, loud sound, as made for example by cymbals.",After the lightning came the crash of thunder.,noun,/kɹæʃ/,
crazy,পাগল,An insane or eccentric person; a crackpot.,,noun,/ˈkɹeɪzi/,
cream,ক্রিম,The butterfat/milkfat part of milk which rises to the top; this part when separated from the remainder.,Take 100 ml of cream and 50 grams of sugar…,noun,/kɹiːm/,
create,তৈরি,To bring into existence; (sometimes in particular:),You can create the color orange by mixing yellow and red.,verb,/kɹiːˈeɪt/,
creation,সৃষ্টি,Something created such as an invention or artwork.,I think the manufacturer was so ashamed of its creation that it didn't put its name on it!,noun,/kɹiːˈeɪʃən/,
creative,সৃজনশীল,A person directly involved in a creative marketing process.,He is a visionary creative.,noun,/kɹiˈeɪtɪv/,
creature,জীব,A living being; an animal or (sometimes derogatory) a human.,He's a creature of habit.   insects and other creatures,noun,/ˈkɹiːt͡ʃə/,
credit,ক্রেডিট,Reliance on the truth of something said or done; faith; trust.,,noun,/ˈkɹɛdɪt/,
credit card,ক্রেডিট কার্ড,"A plastic card, usually with a magnetic strip or an embedded microchip, connected to a credit account and used to buy goods or services.",,noun,,
crime,অপরাধ,A specific act committed in violation of the law.,,noun,/kɹaɪm/,
criminal,অপরাধী,"A person who is guilty of a crime, notably breaking the law.",,noun,/ˈkɹɪmənəl/,
crisis,সংকট,A crucial or decisive point or situation; a turning point.,,noun,/ˈkɹaɪsɪs/,
crisp,খাস্তা,A thin slice of fried potato eaten as a snack.,,noun,/kɹɪsp/,
criterion,মানদণ্ড,A standard or test by which individual things or people may be compared and judged.,"Criterion of choice, of decision, of selection",noun,/kɹaɪˈtɪəɹi.ən/,
critic,সমালোচক,A person who appraises the works of others.,,noun,/ˈkɹɪt.ɪk/,
critical,সমালোচনামূলক,"A critical value, factor, etc.",,noun,/ˈkɹɪtɪkəl/,
criticism,সমালোচনা,The act of criticising; a critical judgment passed or expressed,The politician received a lot of public criticism for his controversial stance on the issue.,noun,/ˈkɹɪtɪsɪzəm/,
criticize,সমালোচনা করা,To find fault (with something).,They criticized him for endangering people's lives.,verb,/ˈkɹɪtɪsaɪz/,
crop,ফসল,"A plant, especially a cereal, grown to be harvested as food, livestock fodder or fuel or for any other economic purpose.",the farmer had lots of crops to sell at the market,noun,/kɹɒp/,
cross,ক্রস,A geometrical figure consisting of two straight lines or bars intersecting each other such that at least one of them is bisected by the other.,Put a cross for a wrong answer and a tick for a right one.,noun,,
crowd,ভিড়,A group of people congregated or collected into a close body without order.,"After the movie let out, a crowd of people pushed through the exit doors.",noun,/kɹaʊd/,
crowded,ভিড়,To press forward; to advance by pushing.,The man crowded into the packed room.,verb,/ˈkɹaʊdɪd/,
crown,মুকুট,"A royal, imperial or princely headdress; a diadem.",,noun,,
crucial,গুরুত্বপূর্ণ,Essential or decisive for determining the outcome or future of something; extremely important.,"A secure supply of crude oil is crucial for any modern nation, let alone a superpower.",adjective,/ˈkɹuː.ʃəl/,
cruel,নিষ্ঠুর,To spoil or ruin (one's chance of success),,verb,/kɹuː(ə)l/,
crush,চূর্ণ,A violent collision or compression; a crash; destruction; ruin.,,noun,/kɹʌʃ/,
cry,কান্না,A shedding of tears; the act of crying.,"After we broke up, I retreated to my room for a good cry.",noun,/kɹaɪ̯/,
ct.,ct.,"An enclosed space; a courtyard; an uncovered area shut in by the walls of a building, or by different buildings; also, a space opening from a street and nearly surrounded by houses; a blind alley.",The girls were playing in the court.,noun,,
cultural,সাংস্কৃতিক,Pertaining to culture.,,adjective,/ˈkʌlt͡ʃəɹəl/,
culture,সংস্কৃতি,"The arts, customs, lifestyles, background, and habits that characterize a particular society or nation.",,noun,/ˈkʌlt͡ʃə/,
cup,কাপ,"A concave vessel for drinking from, usually made of opaque material (as opposed to a glass) and with a handle.",Pour the tea into the cup.,noun,/kʌp/,
cupboard,আলমারি,A board or table used to openly hold and display silver plate and other dishware; a sideboard; a buffet.,,noun,,
cure,নিরাময়,"A method, device or medication that restores good health.",,noun,/kɜː(ɹ)/,
curious,কৌতূহলী,"Tending to ask questions, or to want to explore or investigate; inquisitive; (with a negative connotation) nosy, prying.",Young children are naturally curious about the world and everything in it.,adjective,/ˈkjɔː-/,
curl,কার্ল,A piece or lock of curling hair; a ringlet.,,noun,/kəːl/,
curl up,কুঁচকানো,,,,,
curly,কোঁকড়া,A person or animal with curly hair.,,noun,/ˈkɜːli/,
current,বর্তমান,The generally unidirectional movement of a gas or fluid.,,noun,/ˈkʌɹənt/,
currently,বর্তমানে,"At this moment, at present, now.",,adverb,/ˈkʌɹəntli/,
curtain,পর্দা,"A piece of cloth covering a window, bed, etc. to offer privacy and keep out light.",,noun,/ˈkɜːtn̩/,
curve,বক্ররেখা,"A gentle bend, such as in a road.",You should slow down when approaching a curve.,noun,/kɜːv/,
curved,বাঁকা,To bend; to crook.,to curve a line,verb,/kɜːvd/,
custom,কাস্টম,"Frequent repetition of the same behavior; way of behavior common to many; ordinary manner; habitual practice; method of doing, living or behaving.",,noun,/ˈkʌstəm/,
customer,গ্রাহক,"A patron, a client; one who purchases or receives a product or service from a business or merchant, or intends to do so.",Every person who passes by is a potential customer.,noun,/ˈkʌstəmə/,
customs,কাস্টমস,(in the plural) The duties or taxes imposed on imported or exported goods.,Customs of £200 were due on all the wine we took back from France.,noun,/ˈkʌstəmz/,
cut,কাটা,The act of cutting.,He made a fine cut with his sword.,noun,/kʌt/,
cut down,কাটা,To bring down by cutting.,They want to cut down several trees to make room for the parking lot.,verb,,
cute,সুন্দর,"Possessing physical features, behaviors, personality traits or other properties that are mainly attributed to infants and small or cuddly animals; e.g. fair, dainty, round, and soft physical features, disproportionately large eyes and head, playfulness, fragility, helplessness, curiosity or shyness, innocence, affectionate behavior.",Our reaction to cute attributes is understood as the way nature ensures mammals care for their young.,adjective,/kjuːt/,
cycle,চক্র,An interval of space or time in which one set of events or phenomena is completed.,"the cycle of the seasons, or of the year",noun,/ˈsaɪkəl/,
cycling,সাইকেল চালানো,To ride a bicycle or other cycle.,,verb,/ˈsaɪk(ə)lɪŋ/,
dad,বাবা,"A father, a male parent.",His dad was always there for him.,noun,/dæd/,
daily,দৈনিক,"Something that is produced, consumed, used, or done every day.",,noun,/ˈdeɪli/,
damage,ক্ষতি,Injury or harm; the condition or measure of something not being intact.,The storm did a lot of damage to the area.,noun,/ˈdæmɪdʒ/,
damp,স্যাঁতসেঁতে,Moisture; humidity; dampness.,,noun,/dæmp/,
dance,নাচ,"A sequence of rhythmic steps or movements usually performed to music, for pleasure or as a form of social interaction.",,noun,[dæːns],
dancer,নর্তকী,"A person who dances, usually as a job or profession.",,noun,/ˈdæns.ə(ɹ)/,
dancing,নাচ,"To move with rhythmic steps or movements, especially in time to music.",I danced with her all night long.,verb,/ˈdæn.sɪŋ/,
danger,বিপদ,Exposure to likely harm; peril.,There's plenty of danger in the desert.,noun,/ˈdeɪn.dʒə(ɹ)/,
dangerous,বিপজ্জনক,Full of danger.,Railway crossings without gates are highly dangerous.,adjective,/ˈdeɪnd͡ʒ(ə)ɹəs/,
dare,সাহস,A challenge to prove courage.,,noun,/dɛə(ɹ)/,
dark,অন্ধকার,Having an absolute or (more often) relative lack of light.,The room was too dark for reading.,adjective,/dɑːk/,
data,তথ্য,"(plural: data) A measurement of something on a scale understood by both the recorder (a person or device) and the reader (another person or device). The scale is arbitrarily defined, such as from 1 to 10 by ones, 1 to 100 by 0.1, or simply true or false, on or off, yes, no, or maybe, etc.",,noun,/ˈdaetə/,
date,তারিখ,"The fruit of the date palm, Phoenix dactylifera, somewhat in the shape of an olive, containing a soft, sweet pulp and enclosing a hard kernel.",We made a nice cake from dates.,noun,/deɪt/,
date back,তারিখ ফিরে,,,,,
daughter,কন্যা,One’s female offspring.,"I already have a son, so I would like to have a daughter.",noun,/ˈdɑ.tɚ/,
day,দিন,Any period of 24 hours.,I've been here for two days and a bit.,noun,/deɪ/,
dead,মৃত,"(with ""the"", a demonstrative, or a possessive) Those who have died.",Have respect for the dead.,noun,/diːd/,
deaf,বধির,A deaf person.,,noun,/diːf/,
deal,চুক্তি,"A division, a portion, a share.",We gave three deals of grain in tribute to the king.,noun,/diːl/,
dear,প্রিয়,"A very kind, loving person.","My cousin is such a dear, always drawing me pictures.",noun,/diːɹ/,
death,মৃত্যু,"The cessation of life and all associated processes; the end of an organism's existence as an entity independent from its environment and its return to an inert, nonliving state.",The death of my grandmother saddened the whole family.,noun,/diːθ/,
debate,বিতর্ক,"An argument, or discussion, usually in an ordered or formal setting, often with more than two people, generally ending with a vote or other decision.","After a four-hour debate, the committee voted to table the motion.",noun,/dɪˈbeɪt/,
debt,ঋণ,"An action, state of mind, or object one has an obligation to perform for another, adopt toward another, or give to another.",,noun,/dɛt/,
decade,দশক,"A group, set, or series of ten , particularly:",a decade of soldiers,noun,,
decay,ক্ষয়,The process or result of being gradually decomposed.,,noun,/dɪˈkeɪ/,
decent,শালীন,Appropriate; suitable for the circumstances.,,adjective,/ˈdiːsənt/,
decide,সিদ্ধান্ত,"To resolve (a contest, problem, dispute, etc.); to choose, determine, or settle",Her last-minute goal decided the game.,verb,/dɪˈsaɪd/,
decision,সিদ্ধান্ত,The act of deciding.,,noun,/dɪˈsɪʒən/,
declare,ঘোষণা,"To make clear, explain, interpret.",,verb,,
decline,হ্রাস,"Downward movement, fall.",,noun,/dɪˈklaɪn/,
decorate,সাজাইয়া রাখা,To furnish with decorations.,We decorated the Christmas tree with tinsel and baubles.,verb,/ˈdɛkəɹeɪt/,
decoration,সজ্জা,"The act of adorning, embellishing, or honoring; ornamentation.",,noun,/ˌdɛkəˈɹeɪʃən/,
decorative,আলংকারিক,"A plant, tile, etc. intended for use as decoration.",,noun,/ˈdɛkɹətɪv/,
decrease,হ্রাস,An amount by which a quantity is decreased.,One research team has recorded Baishui’s decrease at about 27 meters per year over the last 10 years.,noun,,
deep,গভীর,"(with ""the"") The deep part of a lake, sea, etc.",creatures of the deep,noun,/diːp/,
deeply,গভীরভাবে,"At depth, in a deep way.",,adverb,/ˈdiːpli/,
defeat,পরাজয়,To overcome in battle or contest.,Wellington defeated Napoleon at Waterloo.,verb,/dɪˈfiːt/,
defend,রক্ষা,To ward off attacks against; to fight to protect; to guard.,,verb,/dɪˈfɛnd/,
defense,প্রতিরক্ষা,"The action of defending or protecting from attack, danger, or injury.",,noun,/dɪˈfɛns/,
define,সংজ্ঞায়িত করা,A kind of macro in source code that replaces one text string with another wherever it occurs.,,noun,/dɪˈfaɪn/,
definite,নির্দিষ্ট,(grammar) A word or phrase that designates a specified or identified person or entity.,,noun,/ˈdɛfɪnɪt/,
definitely,নিশ্চিতভাবে,Without question and beyond doubt.,Joe definitely doesn't know how to drive a tractor.,adverb,/ˈdɛf.nɪt.li/,
definition,সংজ্ঞা,A statement of the meaning of a word or word group or a sign or symbol (dictionary definitions).,,noun,/ˌdɛfɪˈnɪʃ(ə)n/,
degree,ডিগ্রী,"A stage of proficiency or qualification in a course of study, now especially an award bestowed by a university or, in some countries, a college, as a certification of academic achievement. (In the United States, can include secondary schools.)",She has two bachelor's degrees and is studying towards a master's degree.,noun,/dɪˈɡɹiː/,
delay,বিলম্ব,A period of time before an event occurs; the act of delaying; procrastination; lingering inactivity.,the delay before the echo of a sound,noun,/dɪˈleɪ/,
deliberate,ইচ্ছাকৃত,To consider carefully; to weigh well in the mind.,It is now time for the jury to deliberate the guilt of the defendant.,verb,,
deliberately,ইচ্ছাকৃতভাবে,"Intentionally, or after deliberation; not accidentally.","He deliberately broke that, didn't he?",adverb,/dəˈlɪb(ə)ɹətli/,
delicate,সূক্ষ্ম,"A delicate item of clothing, especially underwear or lingerie.",Don't put that in with your jeans: it's a delicate!,noun,/ˈdɛlɪkət/,
delight,আনন্দ,Joy; pleasure.,,noun,/dəˈlaɪt/,
deliver,বিতরণ,To set free from restraint or danger.,deliver a captive from the prison,verb,/dɪˈlɪvə(ɹ)/,
delivery,বিতরণ,The act of conveying something.,The delivery was completed by four.,noun,/dɪˈlɪv(ə)ɹi/,
demand,চাহিদা,The desire to purchase goods and services.,Prices usually go up when demand exceeds supply.,noun,/dɪˈmɑːnd/,
democracy,গণতন্ত্র,"Rule by the people, especially as a form of government; either directly or through elected representatives (representative democracy).",,noun,/dɪˈmɒkɹəsi/,
democratic,গণতান্ত্রিক,"Pertaining to democracy; favoring democracy, or constructed upon the principle of government by the people.","The United States is a democratic country, as the citizens are allowed to choose leaders to represent their interests.",adjective,/dɛməˈkɹætɪk/,
demonstrate,প্রদর্শন,To show how to use (something).,Can you demonstrate the new tools for us?,verb,/ˈdɛmənstɹeɪt/,
demonstration,প্রদর্শন,The act of demonstrating; showing or explaining something.,,noun,/dɛmənˈstɹeɪʃən/,
dentist,দাঁতের ডাক্তার,A medical doctor who specializes in dentistry.,,noun,/ˈdɛntɪst/,
deny,অস্বীকার,To disallow or reject.,"I wanted to go to the party, but I was denied.",verb,/dɪˈnaɪ/,
department,বিভাগ,"A part, portion, or subdivision.",,noun,/dɪˈpɑːtm(ə)nt/,
departure,প্রস্থান,The act of departing or something that has departed.,The departure was scheduled for noon.,noun,/dɪˈpɑː(ɹ)tjə(ɹ)/,
depend,নির্ভরশীল,"(followed by on or upon, formerly also by of) To be contingent or conditioned; to have something as a necessary condition; to hinge on.","We would like to go skiing, but it depends on the amount of snow.",verb,/dɪˈpɛnd/,
depend on,নির্ভর করে,,,,,
deposit,আমানত,Sediment or rock that is not native to its present location or is different from the surrounding material. Sometimes refers to ore or gems.,,noun,/dɪˈpɒzɪt/,
depress,হতাশা,To press down.,Depress the upper lever to start the machine.,verb,/dɪˈpɹɛs/,
depressed,বিষণ্ণ,To press down.,Depress the upper lever to start the machine.,verb,/dɪˈpɹɛst/,
depressing,হতাশাজনক,To press down.,Depress the upper lever to start the machine.,verb,/dɪˈpɹɛsɪŋ(ɡ)/,
depth,গভীরতা,The vertical distance below a surface; the degree to which something is deep,Measure the depth of the water in this part of the bay.,noun,/dɛpθ/,
derive,আহরণ,To obtain or receive (something) from something else.,,verb,/dəˈɹaɪv/,
derive from,থেকে উদ্ভূত,,,,,
describe,বর্ণনা,To represent in words.,"The feeling is difficult to describe, but not unpleasant.",verb,/dəˈskɹaɪb/,
description,বর্ণনা,A sketch or account of anything in words; a portraiture or representation in language; an enumeration of the essential qualities of a thing or species.,,noun,/dɪˈskɹɪpʃən/,
e-mail,,,,,,
e.g.,যেমন,An example.,Lemurs are an e.g. of a non-simian primate.,noun,/fɔː(ɹ) ɪɡˈzɑːmpəl/,
each,প্রতিটি,(operations) An individual item: the least quantitative unit in a grouping.,,noun,/iːt͡ʃ/,
each other,একে অপরকে,(reciprocal pronoun) To one another; one to the other; signifies that a verb applies to two or more entities both as subjects and as direct objects:,Jack and Robert loved each other.,pronoun,/iːˈtʃʌðə/,
eager,আগ্রহী,Sharp; sour; acid.,,adjective,/ˈiːɡə/,
ear,কান,"The organ of hearing, consisting of the pinna, auditory canal, eardrum, malleus, incus, stapes and cochlea.",,noun,,
early,তাড়াতাড়ি,A shift (scheduled work period) that takes place early in the day.,,noun,/ˈɜː.li/,
earn,উপার্জন,"To gain (success, reward, recognition) through applied effort or work.","You can have the s'mores: you earned them, clearing the walkway of snow so well.",verb,/ɜːn/,
earth,পৃথিবী,The third planet of the Solar System; the world upon which humans live.,,proper noun,/ɜːθ/,
ease,আরাম,"Ability, the means to do something, particularly:",,noun,/iːz/,
easily,সহজে,"Comfortably, without discomfort or anxiety.",,adverb,/ˈiː.zə.liː/,
east,পূর্ব,"One of the four principal compass points, specifically 90°, conventionally directed to the right on maps; the direction of the rising sun at an equinox. Abbreviated as E.",,noun,/iːst/,
eastern,পূর্ব,"Of, facing, situated in, or related to the east.",,adjective,/ˈiːstən/,
easy,সহজ,Something that is easy,,noun,/ˈiːzi/,
eat,খাওয়া,Something to be eaten; a meal; a food item.,,noun,/iːt/,
eat up,খাওয়া,To consume completely.,Dinner is served. Eat up!,verb,,
economic,অর্থনৈতিক,Pertaining to an economy.,,adjective,/ˌiːkəˈnɒmɪk/,
economics,অর্থনীতি,"The study of resource allocation, distribution and consumption; of capital and investment; and of management of the factors of production.",,noun,/ˌikəˈnɑmɪks/,
economy,অর্থনীতি,"Effective management of a community or system, or especially its resources.",,noun,/iːˈkɒn.ə.mi/,
edge,প্রান্ত,The boundary line of a surface.,,noun,/ɛdʒ/,
edition,সংস্করণ,"A written work edited and published, as by a certain editor or in a certain manner.",,noun,/əˈdɪʃən/,
editor,সম্পাদক,A person who edits or makes changes to documents.,,noun,/ˈɛdɪtə/,
educate,শিক্ষিত,To instruct or train,Wang said such changes to the Baishui glacier provide the chance to educate visitors about global warming.,verb,/ˈedʒɘkæet/,
educated,শিক্ষিত,To instruct or train,Wang said such changes to the Baishui glacier provide the chance to educate visitors about global warming.,verb,/ˈɛdjuːkeɪtɪd/,
education,শিক্ষা,"The process of imparting knowledge, skill and judgment.","2016-06-17 AROP JOSEPH ""Education is the slight hammer that breaks the yoke of ignorance, and moulds knowledge, skills, ideas, good moral values in a person be it a child, a youth or full grown adult. no matter a persons age learning never stops"".",noun,/ˌɛdjʊˈkeɪʃn̩/,
educational,শিক্ষাগত,"A free (or low cost) trip for travel consultants, provided by a travel operator or airline as a means of promoting their service. A fam trip",,noun,/ˌɛdʒʊˈkeɪʃənəl/,
effect,প্রভাব,The result or outcome of a cause.,The effect of the hurricane was a devastated landscape.,noun,/ɪˈfɛkt/,
effective,কার্যকর,A soldier fit for duty,,noun,/əˈfɛktɪv/,
effectively,কার্যকরভাবে,In an efficient or effective manner; with powerful effect.,,adverb,,
efficient,দক্ষ,A cause; something that causes an effect,,noun,/əˈfɪʃənt/,
effort,প্রচেষ্টা,The work involved in performing an activity; exertion.,"It took a lot of effort to find a decent-sized, fully-furnished apartment within walking distance of the office.   He made a conscious effort to not appear affected by the stories in the paper.",noun,/ˈɛfət/,
egg,ডিম,"An approximately spherical or ellipsoidal body produced by birds, reptiles, insects and other animals, housing the embryo during its development.",,noun,/eɪɡ/,
either,হয়,(after a negative) As well.,"I don't like him, and I don't like her either.",adverb,/ˈaɪð.ə(ɹ)/,
elbow,কনুই,The joint between the upper arm and the forearm.,,noun,/ˈɛl.bəʊ/,
elderly,বয়স্ক,An elderly person,,noun,/ˈɛldəli/,
elect,নির্বাচিত,One chosen or set apart.,,noun,/iːˈlɛkt/,
election,নির্বাচন,"A process of choosing a leader, members of parliament, councillors or other representatives by popular vote.",How did you vote in (UK also: at) the last election?,noun,/ɪˈlɛkʃ(ə)n/,
electric,বৈদ্যুতিক,(usually with definite article) Electricity; the electricity supply.,We had to sit in the dark because the electric was cut off.,noun,/əˈlɛktɹɪk/,
electrical,বৈদ্যুতিক,An electrical engineer.,,noun,/ɪˈlɛktɹɪkəl/,
electricity,বিদ্যুৎ,"Originally, a property of amber and certain other nonconducting substances to attract lightweight material when rubbed, or the cause of this property; now understood to be a phenomenon caused by the distribution and movement of charged subatomic particles and their interaction with the electromagnetic field.",,noun,/ɪˌlɛkˈtɹɪsɪti/,
electronic,ইলেকট্রনিক,: Of or pertaining to an electron or electrons.,,adjective,/ɪˌlɛkˈtɹɒn.ɪk/,
elegant,মার্জিত,Characterised by or exhibiting elegance.,,adjective,/ˈɛl.ə.ɡənt/,
element,উপাদান,"One of the simplest or essential parts or principles of which anything consists, or upon which the constitution or fundamental powers of anything are based.",Letters are the elements of written language.,noun,/ˈɛlɪmənt/,
elevator,লিফট,Anything that raises or uplifts.,,noun,/ˈɛl.ə.veɪ.tɚ/,
eliminate,নির্মূল,"To completely remove, get rid of, put an end to.",,verb,/ɪˈlɪməneɪt/,
else,অন্য,(used only with indefinite or interrogative pronouns) Other; in addition to previously mentioned items.,The instructor is busy. Can anyone else help me?,adjective,/ɛls/,
elsewhere,অন্যত্র,A place other than here.,,noun,/ˌɛlsˈʍɛːə/,
embarrass,বিব্রত,To humiliate; to disrupt somebody's composure or comfort with acting publicly or freely; to disconcert; to abash,The crowd's laughter and jeers embarrassed him.,verb,/ɪmˈbæ.ɹəs/,
embarrassed,বিব্রত,To humiliate; to disrupt somebody's composure or comfort with acting publicly or freely; to disconcert; to abash,The crowd's laughter and jeers embarrassed him.,verb,/ɪmˈbæɹ.əst/,
embarrassing,বিব্রতকর,To humiliate; to disrupt somebody's composure or comfort with acting publicly or freely; to disconcert; to abash,The crowd's laughter and jeers embarrassed him.,verb,/ɪmˈbæɹəsɪŋ/,
embarrassment,বিব্রত,A state of discomfort arising from bashfulness or consciousness of having violated a social rule; humiliation.,,noun,/ɪmˈbæɹəsmənt/,
emerge,আবির্ভূত,To come into view.,,verb,/iˈmɜːd͡ʒ/,
emergency,জরুরী,A situation which poses an immediate risk and which requires urgent attention.,Cardiac arrest is an emergency and if you find someone in cardiac arrest you should call 999 immediately.,noun,/ɪˈmɝ.dʒən.si/,
emotion,আবেগ,"A person's internal state of being and involuntary physiological response to an object or a situation, based on or tied to physical state and sensory data.",,noun,/iˈmoʊʃən/,
emotional,আবেগপূর্ণ,Of or relating to the emotions.,emotional crisis,adjective,/ɪˈməʊʃnəl/,
emphasis,জোর,Special weight or forcefulness given to something considered important.,He paused for emphasis before saying who had won.,noun,/ˈɛmfəsɪs/,
emphasize,জোর দেওয়া,"To stress, give emphasis or extra weight to (something).",His two-fingered gesture emphasized what he had told his boss to do with his job.,verb,/ˈɛm.fə.saɪz/,
empire,সাম্রাজ্য,(furniture) Following or imitating a style popular during the First French Empire (1804–1814).,,adjective,/ˈɛmpaɪ.ə/,
employ,নিয়োগ,The state of being an employee; employment.,The school district has six thousand teachers in its employ.,noun,/ɛmˈplɔɪ/,
employee,কর্মচারী,An individual who provides labor to a company or another person.,One way to encourage your employees to work harder is by giving them incentives.,noun,/(ˌ)ɪm-/,
employer,নিয়োগকর্তা,"A person, firm or other entity which pays for or hires the services of another person.",,noun,/ɛmplɔɪˈə/,
employment,কর্মসংস্থান,"The work or occupation for which one is used, and often paid",,noun,/ɛmˈplɔɪmənt/,
empty,খালি,"(usually plural) A container, especially a bottle, whose contents have been used up, leaving it empty.",Put the empties out to be recycled.,noun,/ˈɛmpti/,
enable,সক্ষম,"To make somebody able (to do, or to be, something); to give sufficient ability or power to do or to be; to give strength or ability to.",,verb,/ɪˈneɪbəl/,
encounter,সম্মুখীন,"A meeting, especially one that is unplanned or unexpected.",Their encounter was a matter of chance.,noun,/ɪnˈkaʊntə/,
encourage,উত্সাহিত করা,"To mentally support; to motivate, give courage, hope or spirit.",I encouraged him during his race.,verb,/ɪnˈkʌɹɪdʒ/,
encouragement,উত্সাহ,The act of encouraging,,noun,[ɪnˈkʌɹɪdʒmənt],
end,শেষ,The terminal point of something in space or time.,"At the end of the road, turn left.",noun,/ɛnd/,
ending,শেষ,A termination or conclusion.,,noun,/ˈɛndɪŋ/,
enemy,শত্রু,"Someone who is hostile to, feels hatred towards, opposes the interests of, or intends injury to someone else.",Crush the enemy!,noun,/ˈɛnəmi/,
energy,শক্তি,The impetus behind all motion and all activity.,,noun,/ˈɛnəd͡ʒi/,
engage,জড়িত,(heading) To interact socially.,,verb,/ɛnˈɡeɪdʒ/,
engaged,নিযুক্ত,(heading) To interact socially.,,verb,/ɛnˈɡeɪdʒd/,
engine,ইঞ্জিন,"A large construction used in warfare, such as a battering ram, catapult etc.",,noun,/end͡ʒən/,
engineer,প্রকৌশলী,A person who is qualified or professionally engaged in any branch of engineering.,,noun,/ˌɛnd͡ʒɪˈnɪə/,
engineering,প্রকৌশল,"To design, construct or manage something as an engineer.",,verb,/ˌen.dʒɪˈnɪə.ɹɪŋ/,
enjoy,উপভোগ,To receive pleasure or satisfaction from something,Enjoy your holidays!   I enjoy dancing.,verb,/ənˈd͡ʒɔɪ/,
enjoyable,উপভোগ্য,"Pleasant, capable of giving pleasure.",That was an enjoyable day; I had a lot of fun.,adjective,/ɛnˈdʒɔɪ.jə.bəl/,
enjoyment,উপভোগ,The condition of enjoying anything.,Few activities better the enjoyment of a hearty meal eaten in good company.,noun,/ɛnˈdʒɔɪmənt/,
enormous,বিশাল,"Deviating from the norm; unusual, extraordinary.",,adjective,/ɪˈnɔː(ɹ)məs/,
enough,যথেষ্ট,Sufficiently.,Are you man enough to fight me?,adverb,/iˈnʌf/,
ensure,নিশ্চিত করা,"To make a pledge to (someone); to promise, guarantee (someone of something); to assure.",,verb,/ɪnˈʃɔː/,
enter,প্রবেশ করা,"The ""Enter"" key on a computer keyboard.",,noun,/ˈɛntə(ɹ)/,
entertain,বিনোদন,Entertainment; pleasure.,,noun,/ˌɛntəˈteɪn/,
entertainer,বিনোদনকারী,"A person who entertains others, esp. as a profession, as a singer, actor, presenter, dancer, musician, magician, comedian, etc.",,noun,,
entertaining,বিনোদনমূলক,To amuse (someone); to engage the attention of agreeably.,The motivational speaker not only instructed but also entertained the audience.,verb,,
entertainment,বিনোদন,"An activity designed to give pleasure, enjoyment, diversion, amusement, or relaxation to an audience, no matter whether the audience participates passively as in watching opera or a movie, or actively as in games.",,noun,/ˈɛn.tɚˈteɪn.mənt/,
enthusiasm,উদ্দীপনা,Possession by a god; divine inspiration or frenzy.,,noun,/-θuː-/,
enthusiastic,উত্সাহী,"With zealous fervor; excited, motivated.",an enthusiastic lover of art,adjective,/ɪnˌθjuːzɪˈæstɪk/,
entire,সম্পূর্ণ,The whole of something; the entirety.,,noun,/ənˈtaɪə/,
entirely,সম্পূর্ণরূপে,To the full or entire extent.,"It is entirely up to you where we go, as I’ll be happy with anywhere.",adverb,/ɪnˈtaɪəli/,
entitle,এনটাইটেল,To give a title to.,,verb,/ənˈtaɪtəl/,
entrance 1,প্রবেশদ্বার 1,,,,,
entry,প্রবেশ,The act of entering.,,noun,/ˈɛntɹi/,
envelope,খাম,"A paper or cardboard wrapper used to enclose small, flat items, especially letters, for mailing.",,noun,/ˈɒn.və.ləʊp/,
environment,পরিবেশ,"The surroundings of, and influences on, a particular item of interest.",,noun,/-mɪnt/,
environmental,পরিবেশগত,Pertaining to the environment.,,adjective,,
equal,সমান,A person or thing of equal status to others.,This beer has no equal.,noun,/ˈiːkwəl/,
equally,সমানভাবে,(manner) In an equal manner; in equal shares or proportion; with equal and impartial justice; evenly,All citizens are equally taxed.,adverb,/ˈiːkwəli/,
equipment,সরঞ্জাম,"The act of equipping, or the state of being equipped, as for a voyage or expedition.",,noun,/ɪˈkwɪpmənt/,
equivalent,সমতুল্য,"Anything that is virtually equal to something else, or has the same value, force, etc.",,noun,/ɪˈkwɪvələnt/,
era,যুগ,"A time period of indeterminate length, generally more than one year.",,noun,/ˈɪə̯ɹ.ə/,
error,ত্রুটি,"The state, quality, or condition of being wrong.",,noun,/ˈɛɹə(ɹ)/,
escape,পলায়ন,The act of leaving a dangerous or unpleasant situation.,The prisoners made their escape by digging a tunnel.,noun,/əˈskeɪp/,
especially,বিশেষ করে,(manner) In a special manner; specially.,,adverb,/əˈspɛʃ(ə)li/,
essay,প্রবন্ধ,"(authorship) A written composition of moderate length, exploring a particular issue or subject.",,noun,/ˈɛˌseɪ/,
essential,অপরিহার্য,A necessary ingredient.,,noun,/ɪˈsɛn.ʃəl/,
essentially,মূলত,In an essential manner; in essence,,adverb,/ɪˈsɛnʃəli/,
establish,প্রতিষ্ঠা,To make stable or firm; to confirm.,,verb,/ɪˈstæb.lɪʃ/,
estate,এস্টেট,"The collective property and liabilities of someone, especially a deceased person.",,noun,/ɪsˈteɪt/,
estimate,অনুমান,"A rough calculation or assessment of the value, size, or cost of something.",,noun,/ˈɛstɨmɨt/,
etc.,ইত্যাদি,,,,,
ethnic,জাতিগত,"An ethnic person, especially a foreigner or member of an immigrant community.",,noun,/ˈɛθ.nɪk/,
even,এমনকি,(diminutive) An even number.,So let's see. There are two evens here and three odds.,noun,/ˈiːvən/,
evening,সন্ধ্যা,"The time of the day between dusk and night, when it gets dark.",,noun,/ˈivnɪŋ/,
event,ঘটনা,An occurrence; something that happens.,,noun,/əˈvɛnt/,
eventually,অবশেষে,"In the end; at some later time, especially after a long time, a series of problems, struggles, delays or setbacks.",,adverb,/ɪ.ˈvɛn.tjʊ.li/,
ever,কখনও,"Occurring at any time, occurring even but once during a timespan.",,adjective,/ˈɛvə/,
every,প্রতিটি,,,,,
everyone,সবাই,Every person.,,pronoun,/ˈɛv.ɹi.wʌn/,
everything,সবকিছু,All the things under discussion.,I checked the list again and everything is done.,pronoun,/ˈɛvɹiθɪŋ/,
everywhere,সর্বত্র,In or to all locations under discussion.,He delivers the mail everywhere on this street.,adverb,/ɛv.ɹi.(h)weə(ɹ)/,
evidence,প্রমাণ,Facts or observations presented in support of an assertion.,There is no evidence that anyone was here earlier.,noun,[ˈɛvəɾəns],
evil,মন্দ,Moral badness; wickedness; malevolence; the forces or behaviors that are the opposite or enemy of good.,"Evil lacks spirituality, hence its need for mind control.",noun,/ˈivəl/,
ex-,প্রাক্তন-,,,,,
exact,সঠিক,"To demand and enforce the payment or performance of, sometimes in a forcible or imperious way.","to exact tribute, fees, or obedience from someone",verb,/ɪɡˈzækt/,
exactly,ঠিক,(manner) without approximation; precisely.,He divided the coins exactly in half.,adverb,/ɪɡˈzæk(t)li/,
exaggerate,অতিরঞ্জিত করা,"To overstate, to describe more than is fact.","He said he'd slept with hundreds of girls, but I know he's exaggerating. The real number is about ten.",verb,/ɛɡˈzæ.dʒə.ɹeɪt/,
exaggerated,অতিরঞ্জিত,"To overstate, to describe more than is fact.","He said he'd slept with hundreds of girls, but I know he's exaggerating. The real number is about ten.",verb,/ɛɡ-/,
exam,পরীক্ষা,The act of examining.,,noun,/ɛɡˈzæm/,
examination,পরীক্ষা,The act of examining.,,noun,/ɪɡˌzæmɪˈneɪʃən/,
examine,পরীক্ষা,To observe or inspect carefully or critically,He examined the crime scene for clues.,verb,/ɪɡˈzæmɪn/,
example,উদাহরণ,Something that is representative of all such things in a group.,,noun,/əɡˈzæmpl̩/,
excellent,চমৎকার,"Having excelled, having surpassed.",,adjective,/ˈɛksələnt/,
except,ছাড়া,To exclude; to specify as being an exception.,,verb,/ɪkˈsɛpt/,
exception,ব্যতিক্রম,"The act of excepting or excluding; exclusion; restriction by taking out something which would otherwise be included, as in a class, statement, rule.",,noun,/əkˈsɛpʃən/,
exchange,বিনিময়,An act of exchanging or trading.,"All in all, it was an even exchange.",noun,/ɛksˈtʃeɪndʒ/,
excite,উত্তেজিত,To stir the emotions of.,The fireworks which opened the festivities excited anyone present.,verb,/ɪkˈsaɪt/,
excited,উত্তেজিত,To stir the emotions of.,The fireworks which opened the festivities excited anyone present.,verb,/ɪkˈsaɪtɪd/,
excitement,উত্তেজনা,The state of being excited (emotionally aroused).,,noun,/ɪkˈsaɪtmənt/,
exciting,উত্তেজনাপূর্ণ,To stir the emotions of.,The fireworks which opened the festivities excited anyone present.,verb,/ɪkˈsaɪtɪŋ/,
exclude,বাদ,To bar (someone) from entering; to keep out.,,verb,/ɪksˈkluːd/,
excluding,বাদ,To bar (someone) from entering; to keep out.,,verb,,
excuse,অজুহাত,Explanation designed to avoid or alleviate guilt or negative judgment; a plea offered in extenuation of a fault.,Tell me why you were late – and I don't want to hear any excuses!,noun,,
executive,নির্বাহী,"A chief officer or administrator, especially one who can make significant decisions on their own authority.",,noun,/ɛɡˈzɛkjʊtɪv/,
exercise,ব্যায়াম,Any activity designed to develop or hone a skill or ability.,The teacher told us that the next exercise is to write an essay.,noun,/ˈɛk.sə.saɪz/,
exhibit,প্রদর্শন,An instance of exhibiting.,,noun,/ɛɡ-/,
exhibition,প্রদর্শনী,"An instance of exhibiting, or something exhibited.",,noun,/ɛksɪˈbɪʃən/,
exist,বিদ্যমান,(stative) to be; have existence; have being or reality,,verb,/ɪɡˈzɪst/,
existence,অস্তিত্ব,"The state of being, existing, or occurring; beinghood.","In order to destroy evil, we must first acknowledge its existence.",noun,/ɛɡ.ˈzɪs.təns/,
exit,প্রস্থান,"An act of going out or going away, or leaving; a departure.",He made his exit at the opportune time.,noun,/ˈɛksɪt/,
expand,প্রসারিত,To change (something) from a smaller form and/or size to a larger one; to spread out or lay open.,You can expand this compact umbrella to cover a large table.,verb,/ɛkˈspænd/,
expect,আশা করা,To predict or believe that something will happen,He never expected to be discovered.,verb,/ɛkˈspɛkt/,
expectation,প্রত্যাশা,The act or state of expecting or looking forward to an event as about to happen.,,noun,/ɛkspɛkˈteɪʃən/,
expected,প্রত্যাশিত,To predict or believe that something will happen,He never expected to be discovered.,verb,/ɪksˈpɛktɪd/,
expense,খরচ,"A spending or consuming, often a disbursement of funds.","Buying the car was a big expense, but will be worth it in the long run.",noun,/ɪkˈspɛns/,
expensive,ব্যয়বহুল,"Given to expending a lot of money; profligate, lavish.",,adjective,/ɛkˈspɛnsɪv/,
experience,অভিজ্ঞতা,"The effect upon the judgment or feelings produced by any event, whether witnessed or participated in; personal and direct impressions as contrasted with description or fancies; personal acquaintance; actual enjoyment or suffering.",It was an experience he would not soon forget.,noun,/ɪkˈspɪə.ɹɪəns/,
experienced,অভিজ্ঞ,"To observe certain events; undergo a certain feeling or process; or perform certain actions that may alter one or contribute to one's knowledge, opinions, or skills.",,verb,/ɪkˈspɪə.ɹɪənst/,
experiment,পরীক্ষা,"A test under controlled conditions made to either demonstrate a known truth, examine the validity of a hypothesis, or determine the efficacy of something previously untried.",,noun,/ɛk.ˈspɛ.ɹɪ.mənt/,
expert,বিশেষজ্ঞ,A person with extensive knowledge or ability in a given subject.,"We called in several experts on the subject, but they couldn't reach an agreement.",noun,/ˈɛkspəːt/,
explain,ব্যাখ্যা,"To make plain, manifest, or intelligible; to clear of obscurity; to illustrate the meaning of.",To explain a chapter of the Bible.,verb,/ɛkˈspleɪn/,
explanation,ব্যাখ্যা,The act or process of explaining.,The explanation was long and drawn-out.,noun,/ˌɛkspləˈneɪʃən/,
explode,বিস্ফোরণ,To destroy with an explosion.,The assassin exploded the car by means of a car bomb.,verb,/ɪkˈspləʊd/,
explore,অন্বেষণ,An exploration; a tour of a place to see what it is like.,,noun,/ɪkˈsplɔː/,
explosion,বিস্ফোরণ,"A violent release of energy (sometimes mechanical, nuclear, or chemical.)",,noun,/ɪkˈspləʊ.ʒən/,
export,রপ্তানি,Something that is exported,Oil is the main export of Saudi Arabia.,noun,/ˈɛks.pɔːt/,
expose,প্রকাশ করা,"To reveal, uncover, make visible, bring to light, introduce to.",,verb,/ɪkˈspəʊz/,
express,প্রকাশ,"A mode of transportation, often a train, that travels quickly or directly.",I took the express into town.,noun,/ɛk.ˈspɹɛs/,
expression,অভিব্যক্তি,"The action of expressing thoughts, ideas, feelings, etc.",,noun,/ɪkˈspɹɛʃ.ən/,
extend,প্রসারিত,To increase in extent.,,verb,/ɛkˈstɛnd/,
extension,এক্সটেনশন,The act of extending; a stretching out; enlargement in length or breadth; an increase,,noun,/ɪkˈstɛnʃən/,
extensive,ব্যাপক,Having a great extent; covering a large area; vast,,adjective,/ɛksˈtɛn.sɪv/,
extent,পরিমাণ,A range of values or locations.,,noun,/ɪksˈtɛnt/,
extra,অতিরিক্ত,"Something additional, such as an item above and beyond the ordinary school curriculum, or added to the usual charge on a bill.",,noun,,
extraordinary,অসাধারণ,Anything that goes beyond what is ordinary.,,noun,/ɪksˈtɹɔː(ɹ)dɪnəɹi/,
extreme,চরম,"The greatest or utmost point, degree or condition.",,noun,/ɛkˈstɹiːm/,
extremely,অত্যন্ত,(degree) To an extreme degree.,,adverb,/ɪksˈtɹiːmli/,
eye,চোখ,An organ through which animals see (perceive surroundings via light).,Bright lights really hurt my eyes.,noun,/aɪ/,
face,মুখ,"The front part of the head of a human or other animal, featuring the eyes, nose and mouth, and the surrounding area.",That girl has a pretty face.,noun,/feɪs/,
facility,সুবিধা,"The fact of being easy, or easily done; absence of difficulty, simplicity.",,noun,/fəˈsɪlɪti/,
fact,সত্য,Something actual as opposed to invented.,"In this story, the Gettysburg Address is a fact, but the rest is fiction.",noun,/fækt/,
factor,ফ্যাক্টর,"A doer, maker; a person who does things for another person or organization.",The factor of the trading post bought the furs.,noun,/ˈfæktə/,
factory,কারখানা,"A trading establishment, especially set up by merchants working in a foreign country.",,noun,/ˈfæktəɹi/,
fail,ব্যর্থ,Poor quality; substandard workmanship.,The project was full of fail.,noun,/feɪl/,
failure,ব্যর্থতা,"State or condition of not meeting a desirable or intended objective, opposite of success.",,noun,/ˈfeɪl.jɚ/,
faint,অজ্ঞান,"The act of fainting, syncope.",She suffered another faint.,noun,/feɪnt/,
fair,ন্যায্য,Something which is fair (in various senses of the adjective).,When will we learn to distinguish between the fair and the foul?,noun,/feː(ə)/,
fairly,মোটামুটি,(manner) In a fair manner; fair; not biased or skewed or favouring a certain party,A jury is expected to ensure that the accused is fairly judged.,adverb,/ˈfɛə(ɹ).li/,
faith,বিশ্বাস,"A trust or confidence in the intentions or abilities of a person, object, or ideal from prior empirical evidence.",I have faith in the goodness of my fellow man.,noun,/feɪθ/,
faithful,বিশ্বস্ত,(in the plural) The practicing members of a religion or followers of a cause.,The faithful pray five times a day.,noun,/ˈfeɪθ.fəl/,
faithfully,বিশ্বস্তভাবে,In a faithful manner.,I have been faithfully married for the past twenty years.,adverb,/ˈfeɪθfəli/,
fall,পতন,The act of moving to a lower position under the effect of gravity.,,noun,,
false,মিথ্যা,One of two options on a true-or-false test.,The student received a failing grade for circling every true and false on her quiz.,noun,/fɒls/,
fame,খ্যাতি,"What is said or reported; gossip, rumour.",,noun,/feɪm/,
familiar,পরিচিত,"An attendant spirit, often in animal or demon form.",The witch’s familiar was a black cat.,noun,/fəˈmɪl.i.ə/,
family,পরিবার,"A group of people who are closely related to one another (by blood, marriage or adoption); kin; for example, a set of parents and their children; an immediate family.",Our family lives in town.,noun,/ˈfɛm(ɘ)li/,
famous,বিখ্যাত,To make famous; to bring renown to.,,verb,/ˈfeɪməs/,
fan,পাখা,"A hand-held device consisting of concertinaed material, or slats of material, gathered together at one end, that may be opened out into the shape of a sector of a circle and waved back and forth in order to move air towards oneself and cool oneself.",,noun,/fæn/,
fancy,অভিনব,The imagination.,,noun,/ˈfæn.si/,
far,দূরে,Distant; remote in space.,He went to a far land.,adjective,/fɑː/,
farm,খামার,"A place where agricultural and similar activities take place, especially the growing of crops or the raising of livestock.",,noun,/fɑːɹm/,
farmer,কৃষক,"A person who works the land and/or who keeps livestock, especially on a farm.",,noun,/fɑːmə/,
farming,কৃষিকাজ,"To work on a farm, especially in the growing and harvesting of crops.",,verb,/ˈfɑːmɪŋ/,
farther,আরও দূরে,To help forward; to assist.,,verb,/ˈfɑːðə/,
farthest,দূরতম,,,,,
fashion,ফ্যাশন,"A current (constantly changing) trend, favored for frivolous rather than practical, logical, or intellectual reasons.",,noun,/ˈfæʃən/,
fashionable,ফ্যাশনেবল,A fashionable person; a fop,,noun,/ˈfæʃənəbl̩/,
fast,দ্রুত,"A train that calls at only some stations it passes between its origin and destination, typically just the principal stations",,noun,/fɑːst/,
fasten,বেঁধে রাখা,To attach or connect in a secure manner.,Can you fasten these boards together with some nails?,verb,/ˈfɑːsn̩/,
fat,চর্বি,"A specialized animal tissue with a high oil content, used for long-term storage of energy.",,noun,/fæt/,
father,পিতা,A (generally human) male who begets a child.,My father was a strong influence on me.,noun,/ˈfaːðə/,
fault,দোষ,A defect; something that detracts from perfection.,,noun,/fɒlt/,
favor,অনুগ্রহ,A kind or helpful deed; an instance of voluntarily assisting (someone).,He did me a favor when he took the time to drive me home.,noun,/ˈfeɪvə/,
favorite,প্রিয়,A person or thing who enjoys special regard or favour.,The teacher's favourite always went first.,noun,/ˈfeɪv.ɹɪt/,
fear,ভয়,"A strong, uncontrollable, unpleasant emotion or feeling caused by actual or perceived danger or threat.",He was struck by fear on seeing the snake.,noun,/fɪə/,
feather,পালক,"A branching, hair-like structure that grows on the bodies of birds, used for flight, swimming, protection and display.",,noun,/ˈfɛð.ə(ɹ)/,
feature,বৈশিষ্ট্য,"One's structure or make-up: form, shape, bodily proportions.",,noun,/ˈfiːtʃə/,
federal,ফেডারেল,A law-enforcement official of the FBI; a federal agent.,,noun,/ˈfɛdəɹəl/,
fee,ফি,"(feudal law) A right to the use of a superior's land, as a stipend for services to be performed; also, the land so held; a fief.",,noun,/fiː/,
feed,খাওয়ানো,Food given to (especially herbivorous) animals.,"They sell feed, riding helmets, and everything else for horses.",noun,/ˈfiːd/,
feel,অনুভব,A quality of an object experienced by touch.,Bark has a rough feel.,noun,/fiːl/,
feeling,অনুভূতি,(heading) To use or experience the sense of touch.,,verb,/ˈfiːlɪŋ/,
fellow,সহকর্মী,A colleague or partner.,,noun,/ˈfɛləʊ/,
female,মহিলা,One of the female (feminine) sex or gender.,,noun,/ˈfiː.meɪl/,
fence,বেড়া,A thin artificial barrier that separates two pieces of land or a house perimeter.,,noun,/fɛns/,
festival,উৎসব,"An event or community gathering, usually staged by a local community, which centers on some theme, sometimes on some unique aspect of the community.",,noun,/ˈfɛstəvəl/,
fever,জ্বর,"A higher than normal body temperature of a person (or, generally, a mammal), usually caused by disease.","""I have a fever. I think I've the flu.""",noun,/ˈfiːvə/,
few,কিছু,"Few people, few things.","Many are called, but few are chosen.",pronoun,/fjuː/,
field,ক্ষেত্র,"A land area free of woodland, cities, and towns; open country.",There are several species of wild flowers growing in this field.,noun,,
fight,যুদ্ধ,"To contend in physical conflict, either singly or in war, battle etc.","A wounded animal will fight like a maniac, relentless, savage and murderous.",verb,[fʌɪt],
figure,চিত্র,A drawing or diagram conveying information.,,noun,/ˈfɪɡjɚ/,
file,ফাইল,A collection of papers collated and archived together.,,noun,/faɪl/,
fill,পূরণ,"To occupy fully, to take up all of.",,verb,/fɪl/,
fill up,পূরণ করা,To make (something) completely full.,,verb,,
film,চলচ্চিত্র,"A thin layer of some substance; a pellicle; a membranous covering, causing opacity.",a clear plastic film for wrapping food,noun,[ˈfɪlm̩],
final,চূড়ান্ত,A final examination; a test or examination given at the end of a term or class; the test that concludes a class.,,noun,/ˈfaɪ.nəl/,
finally,অবশেষে,At the end or conclusion; ultimately.,"The contest was long, but the Romans finally conquered.",adverb,/ˈfaɪ.nəl.i/,
finance,অর্থ,The management of money and other assets.,,noun,/faɪˈnæns/,
financial,আর্থিক,Related to finances.,"For financial reasons, we're not going to be able to continue to fund this program.",adjective,/faɪˈnænʃəl/,
find,খুঁজুন,"Anything that is found (usually valuable), as objects on an archeological site or a person with talent.",,noun,/faɪnd/,
find out,খুঁজে বের করা,"To discover, as by asking or investigating.","I don't know who the twenty-first president of the United States was, but it should be very easy to find out.",verb,,
fine,জরিমানা,Fine champagne; French brandy.,,noun,/fæːn/,
finely,সূক্ষ্মভাবে,So as to produce a fine texture.,Grind the meat finely.,adverb,/ˈfaɪnli/,
finger,আঙুল,"A slender jointed extremity of the human hand, exclusive of the thumb.",Humans have two hands and ten fingers. Each hand has one thumb and four fingers.,noun,/ˈfɪŋəɹ/,
finish,শেষ,An end; the end of anything.,,noun,/ˈfɪnɪʃ/,
finished,সমাপ্ত,To complete (something).,Be sure to finish your homework before you go to bed!,verb,/ˈfɪnɪʃt/,
fire,আগুন,"A (usually self-sustaining) chemical reaction involving the bonding of oxygen with carbon or other fuel, with the production of heat and the presence of flame or smouldering.",,noun,/ˈfɑeə(ɹ)/,
firm,দৃঢ়,A business partnership; the name under which it trades.,,noun,,
firmly,দৃঢ়ভাবে,(manner) In a firm or definite or strong manner.,She corrected him firmly but gently.,adverb,/fɜːmli/,
first,প্রথম,The person or thing in the first position.,He was the first to complete the course.,noun,/fɪrst/,
fish,মাছ,"A cold-blooded vertebrate animal that lives in water, moving with the help of fins and breathing with gills.",Salmon is a fish.,noun,/fɪʃ/,
fishing,মাছ ধরা,The act of catching fish.,We had a good day's fishing at the weekend.,noun,/ˈfɪʃɪŋ/,
fit,ফিট,The degree to which something fits.,"Since he put on weight, his jeans have been a tight fit.",noun,/fɪt/,
fix,ঠিক করা,A repair or corrective action.,That plumber's fix is much better than the first one's.,noun,/ˈfɪks/,
fixed,স্থির,To pierce; now generally replaced by transfix.,,verb,/fɪkst/,
flag,পতাকা,"A piece of cloth, often decorated with an emblem, used as a visual signal or symbol.",,noun,/flæɡ/,
flame,শিখা,"The visible part of fire; a stream of burning vapour or gas, emitting light and heat.",,noun,/fleɪm/,
flash,ফ্ল্যাশ,"A device that produces a short flash of light to help illuminate a scene, mostly for night-time or indoors photography.",,noun,/flæʃ/,
flat,সমতল,An area of level ground.,,noun,/flæt/,
flavor,স্বাদ,"The quality produced by the sensation of taste or, especially, of taste and smell in combined effect.",The flavor of this apple pie is delicious.,noun,/ˈfleɪvə/,
flesh,মাংস,"The soft tissue of the body, especially muscle and fat.",,noun,/flɛʃ/,
flight,ফ্লাইট,The act of flying.,Most birds are capable of flight.,noun,/flaɪt/,
float,ভাসা,A buoyant device used to support something in water or another liquid.,"Attach the float and the weight to the fishing line, above the hook.",noun,,
flood,বন্যা,A (usually disastrous) overflow of water from a lake or other body of water due to excessive rainfall or other input of water.,,noun,/flʌd/,
floor,মেঝে,The interior bottom or surface of a house or building; the supporting surface of a room.,The room has a wooden floor.,noun,/flɔː/,
flour,ময়দা,"Powder obtained by grinding or milling cereal grains, especially wheat, or other foodstuffs such as soybeans and potatoes, and used to bake bread, cakes, and pastry.",,noun,/ˈflaʊə/,
flow,প্রবাহ,A movement in people or things with a particular way in large numbers or amounts,,noun,/fləʊ/,
flower,ফুল,"A colorful, conspicuous structure associated with angiosperms, frequently scented and attracting various insects, and which may or may not be used for sexual reproduction.",,noun,,
flu,ফ্লু,Influenza.,,noun,/flʉː/,
fly,মাছি,"Any insect of the order Diptera; characterized by having two wings (except for some wingless species), also called true flies.",,noun,/flaɪ/,
flying,উড়ন্ত,To hit a fly ball; to hit a fly ball that is caught for an out. Compare ground (verb) and line (verb).,Jones flied to right in his last at-bat.,verb,/ˈflaɪ.ɪŋ/,
focus,ফোকাস,A point at which reflected or refracted rays of light converge.,The heat of sunlight at the focus of a magnifying glass can easily set dry leaves on fire.,noun,/ˈfəʊ.kəs/,
fold,ভাঁজ,An act of folding.,"After two reraises in quick succession, John realised his best option was probably a fold.",noun,/fəʊld/,
folding,ভাঁজ,"To bend (any thin material, such as paper) over so that it comes in contact with itself.",,verb,/ˈfəʊldɪŋ/,
folk,লোক,A grouping of smaller peoples or tribes as a nation.,,noun,/fəʊk/,
follow,অনুসরণ,"(sometimes attributive) In billiards and similar games, a stroke causing a ball to follow another ball after hitting it.",a follow shot,noun,/ˈfɒləʊ/,
following,অনুসরণ,To go after; to pursue; to move behind in the same path or direction.,Follow that car!,verb,/ˈfɒləʊɪŋ/,
food,খাদ্য,"Any solid substance that can be consumed by living organisms, especially by eating, in order to sustain life.",The innkeeper brought them food and drink.,noun,/fuːd/,
foot,পা,A biological structure found in many animals that is used for locomotion and that is frequently a separate organ at the terminal part of the leg.,A spider has eight feet.,noun,[fʊt̚],
football,ফুটবল,(general) A sport played on foot in which teams attempt to get a ball into a goal or zone defended by the other team.,Roman and medieval football matches were more violent than any modern type of football.,noun,[fʷʊʔt̚bɑɫ],
for,জন্য,,,,,
force,বল,Strength or energy of body or mind; active power; vigour; might; capacity of exercising an influence or producing an effect.,"the force of an appeal, an argument, or a contract",noun,/fɔːs/,
forecast,পূর্বাভাস,An estimation of a future condition.,,noun,/ˈfɔːkɑːst/,
foreign,বিদেশী,"A foreign person, particularly:",,noun,/ˈfɒɹən/,
forest,বন,"A dense uncultivated tract of trees and undergrowth, larger than woods.",,noun,/ˈfɒɹɪst/,
forever,চিরকাল,An extremely long time.,I haven't seen him in forever!,noun,/fəˈɹɛvə(ɹ)/,
forget,ভুলে যাও,To lose remembrance of.,I have forgotten most of the things I learned in school.,verb,/fəˈɡɛt/,
forgive,ক্ষমা,"To pardon; to waive any negative feeling or desire for punishment, retribution, or compensation.","Forgive others, not because they deserve forgiveness, but because you deserve peace.",verb,/fɚˈɡɪv/,
fork,কাঁটা,"A pronged tool having a long straight handle, used for digging, lifting, throwing etc.",,noun,/fɔːk/,
form,ফর্ম,"(heading, physical) To do with shape.",,noun,/fɔːm/,
formal,আনুষ্ঠানিক,Formalin.,,noun,/ˈfɔːməl/,
former,সাবেক,Previous.,A former president;  the former East Germany,adjective,/ˈfɔːmə/,
formerly,পূর্বে,At some time in the past,,adverb,/ˈfɔːməli/,
formula,সূত্র,Any mathematical rule expressed symbolically.,,noun,/ˈfɔː.mjʊ.lə/,
fortune,ভাগ্য,"Destiny, especially favorable.","She read my fortune. Apparently I will have a good love life this week, but I will have a bad week for money.",noun,/ˈfɔːtʃuːn/,
forward,এগিয়ে,"One of the eight players (comprising two props, one hooker, two locks, two flankers and one number eight, collectively known as the pack) whose primary task is to gain and maintain possession of the ball (compare back).",,noun,/ˈfoːwəd/,
found,পাওয়া গেছে,To encounter or discover by accident; to happen upon.,,verb,/faʊnd/,
foundation,ভিত্তি,"The act of founding, fixing, establishing, or beginning to erect.",The foundation of his institute has been wrought with difficulty.,noun,/faʊnˈdeɪʃən/,
frame,ফ্রেম,The structural elements of a building or other constructed object.,"Now that the frame is complete, we can start on the walls.",noun,/fɹeɪm/,
free,বিনামূল্যে,Free transfer,,noun,/fɹiː/,
freedom,স্বাধীনতা,"The state of being free, of not being imprisoned or enslaved.","Having recently been released from prison, he didn't know what to do with his newfound freedom.",noun,/ˈfɹiːdəm/,
freely,অবাধে,Free; frank.,,adjective,/ˈfɹili/,
freeze,হিমায়িত করা,"Especially of a liquid, to become solid due to low temperature.",The lake froze solid.,verb,/ˈfɹiːz/,
frequent,ঘন ঘন,Done or occurring often; common.,I am a frequent visitor to that city.,adjective,/ˈfɹiː.kwənt/,
frequently,ঘন ঘন,At frequent intervals.,This question arises frequently.,adverb,/ˈfɹiː.kwənt.li/,
fresh,তাজা,"A rush of water, along a river or onto the land; a flood.",,noun,/fɹɛʃ/,
freshly,নতুনভাবে,"Recently, newly.",The freshly picked flowers will wilt in a few days but for now are still fragrant.,adverb,/ˈfɹɛʃli/,
friend,বন্ধু,"A person other than a family member, spouse or lover whose company one enjoys and towards whom one feels affection.",John and I have been friends ever since we were roommates at college.   Trust is important between friends.   I used to find it hard to make friends when I was shy.,noun,/fɹɛnd/,
friendly,বন্ধুত্বপূর্ণ,"A game which is of no consequence in terms of ranking, betting etc.","This match is merely a friendly, so don't worry too much about it.",noun,/ˈfɹɛndli/,
friendship,বন্ধুত্ব,The condition of being friends.,,noun,/ˈfɹɛndʃɪp/,
frighten,ভয় দেখান,To cause to feel fear; to scare; to cause to feel alarm or fright.,"Avery puts a sheet over her head, pretending to be a ghost to frighten Emily.",verb,/ˈfɹaɪtn̩/,
frightened,ভীত,To cause to feel fear; to scare; to cause to feel alarm or fright.,"Avery puts a sheet over her head, pretending to be a ghost to frighten Emily.",verb,/ˈfɹaɪtn̩d/,
frightening,ভীতিকর,To cause to feel fear; to scare; to cause to feel alarm or fright.,"Avery puts a sheet over her head, pretending to be a ghost to frighten Emily.",verb,/ˈfɹaɪtnɪŋ/,
from,থেকে,Used to indicate source or provenance.,I got a letter from my brother.,preposition,/fɹɒm/,
front,সামনে,The foremost side of something or the end that faces the direction it normally moves.,,noun,/fɹʌnt/,
frozen,হিমায়িত,"Especially of a liquid, to become solid due to low temperature.",The lake froze solid.,verb,/ˈfɹəʊzən/,
fruit,ফল,"(often in the plural) In general, a product of plant growth useful to man or animals.",,noun,/fɹuːt/,
fry,ভাজা,"(usually in the plural, fries) A fried strip of potato.",,noun,/fɹaɪ/,
fuel,জ্বালানী,"Substance consumed to provide energy through combustion, or through chemical or nuclear reaction.",,noun,/ˈfjuːl/,
full,পূর্ণ,Containing the maximum possible amount that can fit in the space available.,The jugs were full to the point of overflowing.,adjective,/fʊl/,
fully,সম্পূর্ণরূপে,In a full manner; without lack or defect.,He fully met his responsibilities.,adverb,/ˈfʊli/,
fun,মজা,"Amusement, enjoyment or pleasure",,noun,/fʊn/,
function,ফাংশন,What something does or is used for.,,noun,/ˈfʌŋ(k)ʃən/,
fund,তহবিল,A sum or source of money.,a fund for the maintenance of underprivileged students,noun,/ˈfʌnd/,
fundamental,মৌলিক,"(usually in the plural) A leading or primary principle, rule, law, or article, which serves as the groundwork of a system; an essential part",one of the fundamentals of linear algebra,noun,/ˌfʌndəˈmɛntəl/,
funeral,অন্ত্যেষ্টিক্রিয়া,A ceremony to honour and remember a deceased person. Often distinguished from a memorial service by the presence of the body of the deceased.,Many mourners turned up at the local artist's funeral to pay homage.,noun,/ˈfjuːnəɹəl/,
funny,মজার,A joke.,,noun,/ˈfʊnɪ/,
fur,পশম,"The hairy coat of various mammal species, especially when fine, soft and thick.",,noun,/fɜː(ɹ)/,
furniture,আসবাবপত্র,"Large movable item(s), usually in a room, which enhance(s) the room's characteristics, functionally or decoratively.",A chair is furniture. Sofas are also furniture.,noun,/ˈfɜːnɪtʃə/,
further,আরও,To help forward; to assist.,,verb,/fɜː(ɹ)ðə(ɹ)/,
furthest,দূরতম,,,,,
future,ভবিষ্যৎ,The time ahead; those moments yet to be experienced.,,noun,/ˈfjuːt͡ʃə/,
g,g,"A gangster, gangsta.",,noun,,
gain,লাভ,The act of gaining; acquisition.,,noun,/ɡeɪn/,
gallon,গ্যালন,"A unit of volume, equivalent to eight pints",,noun,/ˈɡælən/,
gamble,জুয়া,A bet or wager.,I had a gamble on the horses last weekend.,noun,/ˈɡæm.bəl/,
gambling,জুয়া,"To take a risk, with the potential of a positive outcome.",,verb,/ˈɡæm.blɪŋ/,
game,খেলা,A playful or competitive activity.,,noun,/ɡeɪm/,
gap,ফাঁক,An opening in anything made by breaking or parting.,He made a gap in the fence by kicking at a weak spot.,noun,/ɡæp/,
garage,গ্যারেজ,"A building (or section of a building) used to store a car or cars, tools and other miscellaneous items.",,noun,/ɡəˈɹɑː(d)ʒ/,
garbage,আবর্জনা,Food waste material of any kind.,Garbage is collected on Tuesdays; rubbish on Fridays,noun,/ˈɡɑːbɪd͡ʒ/,
garden,বাগান,"An outdoor area containing one or more types of plants, usually plants grown for food or ornamental purposes.",a vegetable garden  a flower garden,noun,,
gas,গ্যাস,"Matter in a state intermediate between liquid and plasma that can be contained only if it is fully surrounded by a solid (or in a bubble of liquid) (or held together by gravitational pull); it can condense into a liquid, or can (rarely) become a solid directly.",A lot of gas had escaped from the cylinder.,noun,/ɡæs/,
gasoline,পেট্রল,"A flammable liquid consisting of a mixture of refined petroleum hydrocarbons, mainly used as a motor fuel; petrol.",,noun,/ˈɡæs.ə.lin/,
gate,গেট,A doorlike structure outside a house.,,noun,/ɡeɪt/,
gather,জড়ো করা,"A plait or fold in cloth, made by drawing a thread through it; a pucker.",,noun,/ˈɡæðə/,
gay,সমকামী,"(chiefly in plural or attributive) A homosexual, especially a male homosexual; see also lesbian.",,noun,/ɡeɪ/,
gear,গিয়ার,"Equipment or paraphernalia, especially that used for an athletic endeavor.",,noun,,
gene,জিন,"A theoretical unit of heredity of living organisms; a gene may take several values and in principle predetermines a precise trait of an organism's form (phenotype), such as hair color.",,noun,/dʒiːn/,
general,সাধারণ,A general fact or proposition; a generality.,We have dealt with the generals; now let us turn to the particulars.,noun,/ˈd͡ʒɛnɹəl/,
generally,সাধারণভাবে,Popularly or widely.,It is generally known that the Earth is round.,adverb,/d͡ʒɛn.əɹ.ə.li/,
generate,উৎপন্ন,To bring into being; give rise to.,The discussion generated an uproar.,verb,/ˈdʒɛn.əɹ.eɪt/,
generation,প্রজন্ম,"The fact of creating something, or bringing something into being; production, creation.",,noun,/ˌd͡ʒɛnəˈɹeɪʃən/,
generous,উদার,"Noble in behaviour or actions; principled, not petty; kind, magnanimous.",Thank you for your generous words.,adjective,/ˈdʒɛn(ə)ɹəs/,
gentle,মৃদু,A person of high birth.,,noun,/ˈdʒɛntl̩/,
gentleman,ভদ্রলোক,"A man of gentle but not noble birth, particularly a man of means (originally ownership of property) who does not work for a living but has no official status in a peerage; an armiferous man ranking below a knight.","Being a gentleman, Robert was entitled to shove other commoners into the gongpit but he still had to jump out of the way of the knights to avoid the same fate himself.",noun,/ˈdʒɛn.təl.mən/,
gently,আলতো করে,In a gentle manner,,adverb,/ˈdʒɛntli/,
genuine,প্রকৃত,"Belonging to, or proceeding from the original stock; native",,adjective,/ˈdʒɛnjuːˌaɪn/,
geography,ভূগোল,A description of the earth: a treatise or textbook on geography; an atlas or gazetteer.,,noun,/dʒɪˈɒɡɹəfi/,
get,পেতে,Offspring.,,noun,/ɡɛt/,
get along with,সঙ্গে পেতে,,,,,
get off,বন্ধ পেতে,To move from being on top of (something) to not being on top of it.,Get off your chair and help me.,verb,,
giant,দৈত্য,A mythical human of very great size.,,noun,/ˈdʒaɪ.ənt/,
gift,উপহার,"Something given to another voluntarily, without charge.",,noun,/ɡɪft/,
girl,মেয়ে,"A female child, adolescent, or a young woman.",,noun,/ɡɵːl/,
girlfriend,বান্ধবী,A female partner in an unmarried romantic relationship.,Marc went to the park with his girlfriend and watched the sunset with her.,noun,/ˈɡɜːlfɹɛnd/,
give,দিতে,The amount of bending that something undergoes when a force is applied to it; a tendency to yield under pressure; resilence.,There is no give in his dogmatic religious beliefs.,noun,/ɡɪv/,
glad,আনন্দিত,To make glad,,verb,/ɡlæd/,
glass,গ্লাস,To apply fibreglass to.,to fibreglass the hull of a fishing-boat,verb,/ɡlɑːs/,
global,বিশ্বব্যাপী,A globally scoped identifier.,,noun,/ˈɡləʊbəl/,
glove,দস্তানা,"An item of clothing other than a mitten, covering all or part of the hand and fingers, but usually allowing independent movement of the fingers.",I wore gloves to keep my hands warm.,noun,/ɡlʌv/,
glue,আঠা,"A hard gelatin made by boiling bones and hides, used in solution as an adhesive; or any sticky adhesive substance.",,noun,/ɡluː/,
gm,গ্রাম,A manager with overall responsibility for an organisation or a distinct unit of an organisation.,,noun,,
go,যান,The act of going.,,noun,/ɡəʉ/,
goal,লক্ষ্য,A result that one is attempting to achieve.,My lifelong goal is to get into a Hollywood movie.,noun,/ɡɒʊl/,
god,ঈশ্বর,A being such as a monotheistic God: a single divine creator and ruler of the universe.,,noun,/ɡɔd/,
gold,সোনা,"A heavy yellow elemental metal of great value, with atomic number 79 and symbol Au.",,noun,/ɡɒʊld/,
good,ভাল,(of people),,adjective,/ɡʊ(d)/,
goodbye,বিদায়,"An utterance of goodbye, the wishing of farewell to someone.",They made their good-byes.,noun,/ɡədˈbaɪ/,
goods,পণ্য,The forces or behaviours that are the enemy of evil. Usually consists of helping others and general benevolence.,,noun,/ɡʊdz/,
govern,শাসন ​​করা,The act of governing,,noun,/ˈɡʌvən/,
government,সরকার,"The body with the power to make and/or enforce laws to control a country, land area, people or organization.",,noun,/ˈɡʌvə(n)mənt/,
governor,গভর্নর,The chief executive officer of a first-level division of a country.,,noun,/ˈɡʌv(ə)nə(ɹ)/,
grab,দখল,A sudden snatch at something.,,noun,/ɡɹæb/,
grade,গ্রেড,A rating.,I gave him a good grade for effort.,noun,/ɡɹeɪd/,
gradual,ধীরে ধীরে,"An antiphon or responsory after the epistle, in the Mass, which was sung on the steps, or while the deacon ascended the steps.",,noun,/ˈɡɹɛdʒɘl/,
gradually,ধীরে ধীরে,In a gradual manner; making slow progress; slowly.,,adverb,/ˈɡɹædʒuəli/,
graduate,স্নাতক,A person who is recognized by a university as having completed the requirements of a degree studied at the institution.,If the government wants graduates to stay in the country they should offer more incentives.,noun,,
grain,শস্য,"The harvested seeds of various grass food crops eg: wheat, corn, barley.",We stored a thousand tons of grain for the winter.,noun,/ɡɹeɪn/,
gram,গ্রাম,A unit of mass equal to one-thousandth of a kilogram. Symbol: g,,noun,/ɡɹæm/,
grammar,ব্যাকরণ,A system of rules and principles for speaking and writing a language.,,noun,/ˈɡɹæm.ə(ɹ)/,
grand,গ্র্যান্ড,"(plural ""grand"") A thousand of some unit of currency, such as dollars or pounds. (Compare G.)",,noun,/ɡɹænd/,
grandchild,নাতি,A child of someone's child.,,noun,,
granddaughter,নাতনী,The daughter of someone's child.,,noun,,
grandfather,দাদা,A father of someone's parent.,,noun,,
grandmother,দাদী,A mother of someone's parent.,,noun,/ˈɡɹæn(d)ˌmʌðə(r)/,
grandparent,দাদা-দাদি,"To be, or act as, a grandfather to.",,verb,/ˈɡɹæn(d)pæɹənt/,
habit,অভ্যাস,An action performed on a regular basis.,It’s become a habit of mine to have a cup of coffee after dinner.,noun,/ˈhæbət/,
hair,চুল,A pigmented filament of keratin which grows from a follicle on the skin of humans and other mammals.,,noun,/heː/,
hairdresser,হেয়ারড্রেসার,A person who cuts or styles hair as an occupation or profession.,,noun,,
half,অর্ধেক,"One of two usually roughly equal parts into which anything may be divided, or considered as divided.",I ate the slightly smaller half of the apple.,noun,/hɑːf/,
hall,হল,A corridor; a hallway.,The drinking fountain was out in the hall.,noun,/hɔːl/,
hammer,হাতুড়ি,A tool with a heavy head and a handle used for pounding.,Bobby used a hammer and nails to fix the two planks together,noun,/ˈhæm.ə(ɹ)/,
hand,হাত,"The part of the forelimb below the forearm or wrist in a human, and the corresponding part in many other animals.",Her hands are really strong.,noun,/hænd/,
handle,হ্যান্ডেল,The part of an object which is (designed to be) held in the hand when used or moved.,,noun,,
hang,স্তব্ধ,The way in which something hangs.,This skirt has a nice hang.,noun,[heɪŋ],
happen,ঘটবে,To occur or take place.,Let me tell you how it happened.,verb,/ˈhæpən/,
happily,সুখে,By chance; perhaps.,,adverb,/ˈha.pə.li/,
happy,খুশি,"A happy event, thing, person, etc.",,noun,,
hard,কঠিন,A firm or paved beach or slope convenient for hauling vessels out of the water.,,noun,/hɑːd/,
hardly,খুব কমই,"(manner) Firmly, vigorously, with strength or exertion.",,adverb,/ˈhɑːdli/,
harm,ক্ষতি,Physical injury; hurt; damage,No harm came to my possessions.,noun,/hɑːm/,
harmful,ক্ষতিকর,Of a kind likely to be damaging; injurious,Wear a hat to protect your skin from harmful sunlight.,adjective,/ˈhɑːmfl̩/,
harmless,ক্ষতিকর,Incapable of causing harm or danger; safe.,,adjective,/ˈhɑːmləs/,
hat,টুপি,"A covering for the head, often in the approximate form of a cone or a cylinder closed at its top end, and sometimes having a brim and other decoration.",,noun,[hat],
hate,ঘৃণা,An object of hatred.,One of my pet hates is traffic wardens.,noun,/heɪt/,
hatred,ঘৃণা,Strong aversion; intense dislike,,noun,/ˈheɪtɹɪd/,
have,আছে,A wealthy or privileged person.,,noun,,
have to,আছে,,,,,
he,তিনি,"The game of tag, or it, in which the player attempting to catch the others is called ""he"".",,noun,,
head,মাথা,"The part of the body of an animal or human which contains the brain, mouth and main sense organs.",Be careful when you pet that dog on the head; it may bite.,noun,/hɛd/,
headache,মাথাব্যথা,A pain or ache in the head.,,noun,/ˈhɛdeɪk/,
heal,আরোগ্য,A spell or ability that restores hit points or removes a status ailment.,,noun,/hiːl/,
health,স্বাস্থ্য,"The state of being free from physical or psychological disease, illness, or malfunction; wellness.",Her mental health is really affected by stressful environments.,noun,/hɛlθ/,
healthy,সুস্থ,"Enjoying health and vigor of body, mind, or spirit: well.",He was father to three healthy kids.,adjective,/ˈhɛl.θi/,
hear,শুনতে,(stative) To perceive sounds through the ear.,"I was deaf, and now I can hear.",verb,/hɪə(ɹ)/,
hear from,থেকে শুনতে,To receive updates or opinions from (someone).,Have you heard from Kelly?,verb,,
hear of,শুনতে,"To become aware of (a subject, person) through second-hand knowledge, or not through personal experience.",I first heard of the Electra complex when I was studying psychology.,verb,,
hearing,শুনানি,(stative) To perceive sounds through the ear.,"I was deaf, and now I can hear.",verb,/ˈhiːɹ.ɪŋ/,
heart,হৃদয়,"A muscular organ that pumps blood through the body, traditionally thought to be the seat of emotion.",,noun,/hɑːt/,
heat,তাপ,Thermal energy.,This furnace puts out 5000 BTUs of heat.   That engine is really throwing off some heat.   Removal of heat from the liquid caused it to turn into a solid.,noun,/hit/,
heating,গরম করা,"To cause an increase in temperature of (an object or space); to cause to become hot (often with ""up"").",I'll heat up the water.,verb,/ˈhiːtɪŋ/,
heaven,স্বর্গ,"The sky, specifically:",,noun,/hɛvn/,
heavily,ভারীভাবে,In a heavy manner.,He clomped heavily up the stairs in his boots.,adverb,/ˈhɛvɪli/,
heavy,ভারী,A villain or bad guy; the one responsible for evil or aggressive acts.,"With his wrinkled, uneven face, the actor always seemed to play the heavy in films.",noun,/ˈhe.vi/,
heel,গোড়ালি,"The rear part of the foot, where it joins the leg.",,noun,/hiːl/,
height,উচ্চতা,The distance from the base of something to the top.,,noun,/haɪt/,
hell,জাহান্নাম,,,,,
hello,হ্যালো,"""Hello!"" or an equivalent greeting.",,noun,,
help,সাহায্য,Action given to provide assistance; aid.,I need some help with my homework.,noun,/hɛlp/,
help out,সাহায্য করুন,To provide assistance.,Could you help me out? I'm trying to find the railway station.,verb,,
helpful,সহায়ক,Furnishing help; giving aid; useful.,,adjective,/ˈhɛlp.fəl/,
her,তার,A female person or animal.,"I think this bird is a him, but it may be a her.",noun,/ə(ɹ)/,
here,এখানে,(abstract) This place; this location.,An Alzheimer patient's here may in his mind be anywhere he called home in the time he presently re-lives.,noun,/hiːɹ/,
hero,নায়ক,Somebody who possesses great bravery and carries out extraordinary or noble deeds.,,noun,/ˈhɛɹ.oʊ/,
hers,তার,A female person or animal.,"I think this bird is a him, but it may be a her.",noun,/əz/,
herself,নিজেকে,(reflexive pronoun) Her; the female object of a verb or preposition that also appears as the subject.,She injured herself.,pronoun,/hɜːˈsɛlf/,
hesitate,দ্বিধা,To stop or pause respecting decision or action; to be in suspense or uncertainty as to a determination.,He hesitated whether to accept the offer or not; men often hesitate in forming a judgment.,verb,/ˈhɛzɪteɪt/,
hi,হাই,"The word ""hi"" used as a greeting.",I didn't even get a hi.,noun,/haɪ/,
hide,লুকান,To put (something) in a place where it will be harder to discover or out of sight.,He hides his magazines under the bed.,verb,/haɪd/,
high,উচ্চ,"A high point or position, literally or figuratively; an elevated place; a superior region; a height; the sky; heaven.",,noun,/haɪ/,
high school,উচ্চ বিদ্যালয়,An institution which provides all or part of secondary education.,,noun,,
highlight,হাইলাইট,"An area or a spot in a drawing, painting, or photograph that is strongly illuminated.",,noun,/ˈhaɪ.ˌlaɪt/,
highly,অত্যন্ত,In a high or esteemed manner.,He spoke highly of you.,adverb,/ˈhaɪli/,
highway,হাইওয়ে,A motor vehicle for transporting large numbers of people along roads.,,noun,/ˈhaɪweɪ/,
hill,পাহাড়,An elevated location smaller than a mountain.,The park is sheltered from the wind by a hill to the east.,noun,/hɪl/,
him,তাকে,"Honorific alternative letter-case form of him, sometimes used when referring to God or another important figure who is understood from context.",,pronoun,/əm/,
himself,নিজেকে,(reflexive pronoun) Him; the male object of a verb or preposition that also appears as the subject,He injured himself.,pronoun,/hɪmˈsɛlf/,
hip,নিতম্ব,The outward-projecting parts of the pelvis and top of the femur and the overlying tissue.,,noun,/hɪp/,
hire,ভাড়া,Payment for the temporary use of something.,The sign offered pedalos on hire.,noun,/haɪə/,
his,তার,"Honorific alternative letter-case form of his, sometimes used when referring to God or another important figure who is understood from context.",,pronoun,/ˈhɪz/,
historical,ঐতিহাসিক,A historical romance.,,noun,/hɪˈstɒɹɪkəl/,
history,ইতিহাস,The aggregate of past events.,History repeats itself if we don’t learn from its mistakes.,noun,/ˈhɪst(ə)ɹi/,
hit,আঘাত,A blow; a punch; a striking against; the collision of one body against another; the stroke that touches anything.,The hit was very slight.,noun,/hɪt/,
hobby,শখ,An activity that one enjoys doing in one's spare time.,I like to collect stamps from different countries as a hobby.,noun,/ˈhɒ.bi/,
hold,রাখা,A grasp or grip.,Keep a firm hold on the handlebars.,noun,/həʊld/,
hold on,ধরে রাখুন,To grasp or grip firmly.,Hold on tightly to the railing.,verb,,
hole,গর্ত,"A hollow place or cavity; an excavation; a pit; an opening in or through a solid body, a fabric, etc.; a perforation; a rent; a fissure.",There’s a hole in my shoe.  Her stocking has a hole in it.,noun,,
holiday,ছুটির দিন,"A day on which a festival, religious event, or national celebration is traditionally observed.",Today is a Wiccan holiday!,noun,/ˈhɒlɪdeɪ/,
hollow,ফাঁপা,A small valley between mountains.,He built himself a cabin in a hollow high up in the Rockies.,noun,/ˈhɒl.əʊ/,
holy,পবিত্র,A thing that is extremely holy; used almost exclusively in Holy of Holies.,,noun,/ˈhəʊli/,
home,বাড়ি,A dwelling.,,noun,/(h)əʊm/,
homework,বাড়ির কাজ,"Work that is done at home, especially school exercises assigned by a teacher.",You must do your homework before you can watch television.,noun,/ˈhəʊmˌwɜːk/,
honest,সৎ,"To adorn or grace; to honour; to make becoming, appropriate, or honourable.",,verb,/ˈɒnɪst/,
honestly,সৎভাবে,(manner) In an honest manner.,He answered the questions honestly.,adverb,/ˈɒnɪstli/,
honor,সম্মান,"Recognition of importance or value; respect; veneration (of someone, usually for being morally upright or successful)",The crowds gave the returning general much honor and praise.,noun,/ˈɒn.ə/,
hook,হুক,"A rod bent into a curved shape, typically with one end free and the other end secured to a rope or other attachment.",,noun,/huːk/,
hope,আশা,"To want something to happen, with a sense of expectation that it might.",I am still hoping that all will turn out well.,verb,/həʊp/,
hopefully,আশা করি,In a hopeful manner.,,adverb,/ˈhəʊpfəli/,
horizontal,অনুভূমিক,A horizontal component of a structure,,noun,/ˌhɒɹɪˈzɒntəl/,
horn,শিং,"A hard growth of keratin that protrudes from the top of the head of certain animals, usually paired.",,noun,/hɔːn/,
horror,ভয়াবহ,An intense distressing emotion of fear or repugnance.,,noun,/ˈhɔɹɚ/,
horse,ঘোড়া,Any of several animals related to Equus ferus caballus.,,noun,/hɔːs/,
hospital,হাসপাতাল,"A large medical facility, usually in a building with multiple floors, where seriously ill or injured patients are given extensive medical and/or surgical treatment.",,noun,/ˈhɒs.pɪ.tl̩/,
host,হোস্ট,"One which receives or entertains a guest, socially, commercially, or officially.",A good host is always considerate of the guest’s needs.,noun,/həʊst/,
hot,গরম,(with up) To heat; to make or become hot.,,verb,/hɒt/,
hotel,হোটেল,"A large town house or mansion; a grand private residence, especially in France.",,noun,/(h)əʊˈtɛl/,
hour,ঘন্টা,A time period of sixty minutes; one twenty-fourth of a day.,I spent an hour at lunch.,noun,/ˈaʊɚ/,
house,ঘর,A structure built or serving as an abode of human beings.,This is my house and my family's ancestral home.,noun,/hʌʊs/,
household,পরিবারের,"Collectively, all the persons who live in a given house; a family including attendants, servants etc.; a domestic or family establishment.",,noun,/ˈhaʊshəʊld/,
housing,হাউজিং,To keep within a structure or container.,The car is housed in the garage.,verb,/ˈhaʊzɪŋ/,
how,কিভাবে,The means by which something is accomplished.,"I am not interested in the why, but in the how.",noun,/hæŏ/,
however,যাইহোক,"Nevertheless; yet, still; in spite of (that).","He told me not to do it. I, however, did it anyway. / I did it anyway, however. / (sometimes proscribed:) However, I did it anyway.",adverb,/hɑʊˈɛvə/,
huge,বিশাল,Very large.,The castle was huge.,adjective,[hʊudʒ],
human,মানব,"A human being, whether man, woman or child.",Humans share common ancestors with other apes.,noun,/ˈhjuː.mən/,
humor,হাস্যরস,"The quality of being amusing, comical, funny.","She has a great sense of humour, and I always laugh a lot whenever we get together.",noun,/hjuː.mə(ɹ)/,
humorous,হাস্যকর,Full of humor or arousing laughter; funny.,,adjective,/ˈhjuːməɹəs/,
hungry,ক্ষুধার্ত,Affected by hunger; desiring of food; having a physical need for food.,My kids go to bed hungry every night because I haven't got any money.,adjective,/ˈhʌŋ.ɡɹi/,
hunt,শিকার,The act of hunting.,,noun,/hʌnt/,
hunting,শিকার,"The act of finding and killing a wild animal, either for sport or with the intention of using its parts to make food, clothes, etc.",,noun,/ˈhʌntɪŋ/,
hurry,তাড়াতাড়ি,Rushed action.,Why are you in such a big hurry?,noun,/ˈhʌ.ɹi/,
hurt,আঘাত,An emotional or psychological humiliation or bad experience.,how to overcome old hurts of the past,noun,/hɜːt/,
husband,স্বামী,The master of a house; the head of a family; a householder.,,noun,/ˈhʌz.bənd/,
i.e.,অর্থাৎ,"(initialism) That is, namely, in other words, that is to say.","While the final episode was made, the show itself was immediately cancelled after the penultimate episode i.e. the final episode never aired.",adverb,/ɪd ɛst/,
ice,বরফ,Water in frozen (solid) form.,,noun,[ʌɪs],
ice cream,আইসক্রিম,"A dessert made from frozen sweetened cream or a similar substance, usually flavoured.",Strawberries are particularly delicious with ice cream.,noun,/ˌaɪsˈkɹiːm/,
idea,ধারণা,"An abstract archetype of a given thing, compared to which real-life examples are seen as imperfect approximations; pure essence, as opposed to actual examples.",,noun,/ɑeˈdiə̯/,
ideal,আদর্শ,"A perfect standard of beauty, intellect etc., or a standard of excellence to aim at.",,noun,/aɪˈdiː.əl/,
identify,সনাক্ত করা,To establish the identity of someone or something.,,verb,/aɪˈdɛn.tɪ.faɪ/,
identity,পরিচয়,"Sameness, identicalness; the quality or fact of (several specified things) being the same.",,noun,/aɪˈdɛntəti/,
if,যদি,"An uncertainty, possibility, condition, doubt etc.",,noun,/ɪf/,
ignore,উপেক্ষা,To deliberately not listen or pay attention to.,A problem ignored is a problem doubled.,verb,/ɪɡˈnɔː/,
ill,অসুস্থ,(often pluralized) Trouble; distress; misfortune; adversity.,"Music won't solve all the world's ills, but it can make them easier to bear.",noun,/ɪl/,
illegal,অবৈধ,An illegal act or technique.,,noun,/ɪˈliːɡəl/,
illness,অসুস্থতা,An instance of a disease or poor health.,Her grandmother had passed away after a long illness.,noun,/ˈɪl.nəs/,
illustrate,ব্যাখ্যা করা,To shed light upon.,,verb,/ɪ.ˈlʌs.tɹeɪt/,
image,ইমেজ,An optical or other representation of a real object; a graphic; a picture.,The Bible forbids the worship of graven images.,noun,/ˈɪmɪd͡ʒ/,
imaginary,কাল্পনিক,Imagination; fancy.,,noun,/ɪˈmædʒɪn(ə)ɹi/,
imagination,কল্পনা,The image-making power of the mind; the act of mentally creating or reproducing an object not previously perceived; the ability to create such images.,Imagination is one of the most advanced human faculties.,noun,/ɪˌmædʒəˈneɪʃən/,
imagine,কল্পনা করা,A short fanfic or prompt placing a reader insert in a novel scenario with a character or celebrity.,,noun,/ɪˈmædʒ.ɪn/,
immediate,অবিলম্বে,"Happening right away, instantly, with no delay.",Computer users these days expect immediate results when they click on a link.,adjective,/ɪˈmiːdɪət/,
immediately,অবিলম্বে,In an immediate manner; instantly or without delay.,I hope we can begin immediately.,adverb,/əˈmiːdi.ətli/,
immoral,অনৈতিক,"Not moral; inconsistent with rectitude, purity, or good morals; contrary to conscience or the divine law.",,adjective,/ɪˈmɒrəl/,
impact,প্রভাব,The striking of one body against another; collision.,,noun,,
impatient,অধৈর্য,Restless and intolerant of delays.,,adjective,/ɪmˈpeɪʃənt/,
implication,নিহিত,The act of implicating.,,noun,/ˌɪmpləˈkeɪʃən/,
imply,বোঝানো,(of a proposition) to have as a necessary consequence,"The proposition that ""all dogs are mammals"" implies that my dog is a mammal",verb,/ɪmˈplaɪ/,
import,আমদানি,"Something brought in from an exterior source, especially for sale or trade.",,noun,/ˈɪm.pɔːt/,
importance,গুরুত্ব,The quality or condition of being important or worthy of note.,,noun,/ɪmˈpɔːtəns/,
important,গুরুত্বপূর্ণ,Having relevant and crucial value.,It is very important to give your daughter independence in her life so she learns from experience.,adjective,/ɪmˈpɔːtənt/,
impose,আরোপ করা,To establish or apply by authority.,Congress imposed new tariffs.,verb,/ɪmˈpəʊz/,
impossible,অসম্ভব,An impossibility,"Late 14th century: “Madame,” quod he, “this were an impossible!” — Geoffrey Chaucer, ‘The Franklin's Tale’, Canterbury Tales",noun,/ɪmˈpɒs.ə.bəl/,
impress,প্রভাবিত,The act of impressing.,,noun,/ˈɪmpɹɛs/,
impressed,প্রভাবিত,To affect (someone) strongly and often favourably.,You impressed me with your command of Urdu.,verb,/ɪmˈpɹɛst/,
impression,ছাপ,The indentation or depression made by the pressure of one object on or into another.,His head made an impression on the pillow.,noun,/ɪmˈpɹɛʃən/,
impressive,চিত্তাকর্ষক,"Making, or tending to make, a positive impression; having power to impress",an impressive movie,adjective,/ɪmˈpɹɛsɪv/,
improve,উন্নতি,To make (something) better; to increase the value or productivity (of something).,Buying more servers would improve performance.,verb,/ɪmˈpɹuːv/,
improvement,উন্নতি,The act of improving; advancement or growth; a bettering,,noun,/ɪmˈpɹuːvmənt/,
in,মধ্যে,"A position of power or influence, or a way to get it.",His parents got him an in with the company.,noun,/ɪn/,
inability,অক্ষমতা,Lack of the ability to do something; incapability.,,noun,/ˌɪnəˈbɪlɪti/,
inch,ইঞ্চি,"A unit of length equal to one twelfth of a foot, or exactly 2.54 centimetres.",,noun,/ɪntʃ/,
incident,ঘটনা,An event or occurrence.,It was an incident that he hoped to forget.,noun,/ˈɪn.sɪ.dənt/,
include,অন্তর্ভুক্ত,A piece of source code or other content that is dynamically retrieved for inclusion in another item.,,noun,/ɪnˈkluːd/,
including,সহ,"To bring into a group, class, set, or total as a (new) part or member.",I will purchase the vacation package if you will include car rental.,verb,/ɪnˈkluːdɪŋ/,
income,আয়,Money one earns by working or by capitalising on the work of others.,,noun,/ˈɪnˌkʌm/,
increase,বৃদ্ধি,An amount by which a quantity is increased.,,noun,,
increasingly,ক্রমবর্ধমান,Increasing in amount or intensity,,adverb,,
indeed,প্রকৃতপক্ষে,(modal) Truly; in fact; actually.,"Indeed, he made several misplays.",adverb,/ɪnˈdiːd/,
independence,স্বাধীনতা,"The state or quality of being independent; freedom from dependence; exemption from reliance on, or control by others; self-subsistence or maintenance; direction of one's own affairs without interference.",,noun,/ɪndɪˈpɛndəns/,
independent,স্বাধীন,"A candidate or voter not affiliated with any political party, a freethinker, free of a party platform.",,noun,/ɪndɪˈpɛndənt/,
index,সূচক,An alphabetical listing of items and their location.,The index of a book lists words or expressions and the pages of the book upon which they are to be found.,noun,/ˈɪndɛks/,
indicate,নির্দেশ করে,To point out; to discover; to direct to a knowledge of; to show; to make known.,The guard blew his whistle to indicate imminent departure.,verb,/ˈɪndɪkeɪt/,
indication,ইঙ্গিত,Act of pointing out or indicating.,,noun,/ɪndɪˈkeɪʃən/,
indirect,পরোক্ষ,An indirect cost.,,noun,/ˌɪndaɪˈɹɛkt/,
individual,স্বতন্ত্র,"A person considered alone, rather than as belonging to a group of people.",He is an unusual individual.,noun,/ˌɘndɘˈvɘd͡ʒɘl/,
indoor,অন্দর,"Situated in, or designed to be used in, or carried on within, the interior of a building.",These fireworks are not for indoor use!,adjective,/ˈɪndɔː/,
indoors,বাড়ির ভিতরে,The interior of a building; the space inside buildings generally.,I prefer the indoors to the outdoors.,noun,/ɪnˈdɔːz/,
industrial,শিল্প,(19th-mid 20th century) An employee in industry.,,noun,/ɪnˈdʌstɹɪəl/,
industry,শিল্প,The tendency to work persistently. Diligence.,"Over the years, their industry and business sense made them wealthy.",noun,/ˈɪndəstɹi/,
inevitable,অনিবার্য,"Something that is predictable, necessary, or cannot be avoided.",,noun,/ɪnˈɛvɪtəbəl/,
inevitably,অনিবার্যভাবে,In a manner that is impossible to avoid or prevent.,"Despite the town's best efforts, the dam inevitably gave way.",adverb,,
infect,সংক্রমিত,To bring into contact with a substance that causes illness (a pathogen).,Not everyone will be infected when an epidemic strikes.,verb,/ɪnˈfɛkt/,
infected,সংক্রামিত,To bring into contact with a substance that causes illness (a pathogen).,Not everyone will be infected when an epidemic strikes.,verb,,
infection,সংক্রমণ,The act or process of infecting.,,noun,/ɪnˈfɛkʃən/,
infectious,সংক্রামক,"(of an illness) Transmitted from one person to another, usually through the air breathed.",Cancer is not infectious.,adjective,,
influence,প্রভাব,"The power to affect, control or manipulate something or someone; the ability to change the development of fluctuating things such as conduct, thoughts or decisions.",I have absolutely no influence over him.,noun,/ˈɪn.flu.əns/,
inform,অবহিত করা,"To instruct, train (usually in matters of knowledge).",,verb,/ɪnˈfɔːm/,
informal,অনানুষ্ঠানিক,Not formal or ceremonious.,an informal get-together,adjective,/ɪnˈfɔːm(ə)l/,
information,তথ্য,"That which resolves uncertainty; anything that answers the question of ""what a given entity is"".",,noun,/ˌɪnfəˈmeɪʃən/,
ingredient,উপাদান,"One of the substances present in a mixture, especially food.",,noun,/ɪnˈɡɹiːdi.ənt/,
initial,প্রাথমিক,The first letter of a word or a name.,,noun,/ɪˈnɪʃəl/,
initially,প্রাথমিকভাবে,At the beginning.,"Initially, I found city life incredibly difficult, but now I'm used to it.",adverb,/ɪˈnɪʃli/,
initiative,উদ্যোগ,A beginning; a first move.,,noun,/ɪˈnɪʃətɪv/,
injure,আঘাত করা,To wound or cause physical harm to a living creature.,,verb,/ˈɪndʒə/,
injured,আহত,To wound or cause physical harm to a living creature.,,verb,/ˈɪndʒəd/,
injury,আঘাত,Damage to the body of a human or animal.,The passenger sustained a severe injury in the car accident.,noun,/ˈɪn.dʒə.ɹi/,
ink,কালি,"A pigment (or dye)-based fluid used for writing, printing etc.",,noun,/ɪŋk/,
inner,ভিতরের,An inner part.,,noun,,
innocent,নির্দোষ,"One who is innocent, especially a young child.",The slaughter of the innocents was a significant event in the New Testament.,noun,/ˈɪnəsn̩t/,
inquiry,তদন্ত,The act of inquiring; a seeking of information by asking questions; interrogation; a question or questioning.,,noun,/ɪnˈkwaɪəɹi/,
insect,পোকা,"An arthropod in the class Insecta, characterized by six legs, up to four wings, and a chitinous exoskeleton.","Our shed has several insect infestions, including ants, yellowjackets, and wasps.",noun,/ˈɪnsɛkt/,
inside,ভিতরে,The interior or inner part.,The inside of the building has been extensively restored.,noun,/ɪnˈsaɪd/,
insist,জোর করা,(with on or upon or (that + ordinary verb form)) To hold up a claim emphatically.,I insist that my secretary dresses nicely.,verb,/ɪnˈsɪst/,
install,ইনস্টল,Installer. A software utility that installs an application.,"After inserting the disk, you need to run the install.",noun,/ɪnˈstɔːl/,
instance,উদাহরণ,Urgency of manner or words; an urgent request; insistence.,,noun,/ˈɪnstəns/,
instead,পরিবর্তে,In the place of something (usually mentioned earlier); as a substitute or alternative.,"I was going to go shopping, but I went dancing instead.",adverb,/ɪnˈstɛd/,
instead of,পরিবর্তে,,,,,
institute,ইনস্টিটিউট,An organization founded to promote a cause,I work in a medical research institute.,noun,/ˈɪnstɪt(j)uːt/,
institution,প্রতিষ্ঠান,A custom or practice of a society or community.,,noun,/ˌɪnstɪˈtjuːʃən/,
instruction,নির্দেশ,"The act of instructing, teaching, or furnishing with information or knowledge.",Instruction will be provided on how to handle difficult customers.,noun,/ɪnˈstɹʌkʃən/,
instrument,যন্ত্র,A device used to produce music.,The violinist was a master of her instrument.,noun,/ˈɪnstɹəmənt/,
insult,অপমান,Action or form of speech deliberately intended to be rude; a particular act or statement having this effect.,,noun,/ɪnˈsʌlt/,
insulting,অপমানজনক,"To be insensitive, insolent, or rude to (somebody); to affront or demean (someone).",,verb,/ɪnˈsʌltɪŋ/,
insurance,বীমা,A means of indemnity against a future occurrence of an uncertain event.,"The car was totalled, but fortunately I had insurance.",noun,/ɪn.ˈʃɔː.ɹəns/,
intellectual,বুদ্ধিজীবী,"An intelligent, learned person, especially one who discourses about learned matters.",,noun,/ˌɪntəˈlɛk(t)ʃʊəl/,
intelligence,বুদ্ধিমত্তা,"Capacity of mind, especially to understand principles, truths, facts or meanings, acquire knowledge, and apply it to practice; the ability to comprehend and learn.",,noun,/ɪnˈtɛl.ɪ.d͡ʒəns/,
intelligent,বুদ্ধিমান,"Of high or especially quick cognitive capacity, bright.",,adjective,/ɪnˈtɛlɪd͡ʒənt/,
intend,উদ্দেশ্য,"(usually followed by the particle ""to"") To hope; to wish (something, or something to be accomplished); be intent upon",He intends to go to university.,verb,/ɪnˈtɛnd/,
intended,উদ্দেশ্য,"(usually followed by the particle ""to"") To hope; to wish (something, or something to be accomplished); be intent upon",He intends to go to university.,verb,/ɪnˈtɛndɪd/,
intense,তীব্র,Strained; tightly drawn.,,adjective,/ɪnˈtɛns/,
intention,উদ্দেশ্য,The goal or purpose behind a specific action or set of actions.,It’s easy to promise anything when you have no intention of fulfilling any of it.,noun,/ɪnˈtɛnʃən/,
interest,সুদ,"The price paid for obtaining, or price received for providing, money or goods in a credit transaction, calculated as a fraction of the amount or value of what was borrowed.",Our bank offers borrowers an annual interest of 5%.,noun,/ˈɪntəɹɪst/,
interested,আগ্রহী,"To engage the attention of; to awaken interest in; to excite emotion or passion in, in behalf of a person or thing.",Action films don't really interest me.,verb,/ˈɪntəɹɛstəd/,
interesting,আকর্ষণীয়,"To engage the attention of; to awaken interest in; to excite emotion or passion in, in behalf of a person or thing.",Action films don't really interest me.,verb,/ˈɪnt(ə)ɹɛstɪŋ/,
interior,অভ্যন্তর,"The inside of a building, container, cavern, or other enclosed structure.",,noun,/ɪnˈtɪəɹɪə/,
internal,অভ্যন্তরীণ,Inside of something,We saw the internal compartments.,adjective,/ɪnˈtɝnəl/,
international,আন্তর্জাতিক,Someone who has represented their country in a particular sport.,The United team includes five England internationals.,noun,/ˌɪntəˈnæʃ(ə)n(ə)l/,
interpret,ব্যাখ্যা,"To explain or tell the meaning of; to translate orally into intelligible or familiar language or terms. applied especially to language, but also to dreams, signs, conduct, mysteries, etc.",to interpret an Indian speech,verb,/ɪnˈtɜː.pɹɪt/,
interpretation,ব্যাখ্যা,An act of interpreting or explaining what is obscure; a translation; a version; a construction.,"the interpretation of a dream, or of an enigma.",noun,/ɪntəpɹəˈteɪʃən/,
interrupt,বাধা,An event that causes a computer or other device to temporarily cease what it was doing and attend to a condition.,The interrupt caused the packet handler routine to run.,noun,/ˌɪntəˈɹʌpt/,
interruption,বাধা,"The act of interrupting, or the state of being interrupted.",,noun,/ˌɪntəˈɹʌpʃən/,
interval,ব্যবধান,A distance in space.,,noun,,
interview,সাক্ষাৎকার,An official face-to-face meeting of monarchs or other important figures.,,noun,/ˈɪntəvjuː/,
into,মধ্যে,To or towards the inside of.,Mary danced into the house.,preposition,/ˈɪn.tuː/,
introduce,পরিচয় করিয়ে দেওয়া,(of people) To cause (someone) to be acquainted (with someone else).,Let me introduce you to my friends.,verb,/ˌɪntɹəˈdjuːs/,
invent,উদ্ভাবন,To design a new process or mechanism.,"After weeks of hard work, I invented a new way to alphabetize matchbooks.",verb,/ɪnˈvɛnt/,
invention,উদ্ভাবন,Something invented.,I'm afraid there was no burglar. It was all the housekeeper's invention.,noun,/ɪnˈvɛnʃən/,
invest,বিনিয়োগ,"To spend money, time, or energy on something, especially for some benefit or purpose; used with in.",We'd like to thank all the contributors who have invested countless hours into this event.,verb,/ɪnˈvɛst/,
investigate,তদন্ত,To inquire into or study in order to ascertain facts or information.,to investigate the causes of natural phenomena,verb,[ɪn.ˈves.tɪ.ɡeɪ̯t],
investigation,তদন্ত,"The act of investigating; the process of inquiring into or following up; research, especially patient or thorough inquiry or examination","Despite thorough investigation, the perpetrator of the attacks remains unknown.",noun,/ɪnˌvɛstəˈɡeɪʃən/,
investment,বিনিয়োগ,"The act of investing, or state of being invested.",Giving your children a good education is a wise long-term investment.,noun,/ɪnˈvɛsmənt/,
invitation,আমন্ত্রণ,The act of inviting; solicitation; the requesting of a person's company.,"an invitation to a party, to a dinner, or to visit a friend",noun,/ɪn.vɪˈteɪ.ʃn̩/,
invite,আমন্ত্রণ,To ask for the presence or participation of someone or something.,We invited our friends round for dinner.,verb,/ɪnˈvaɪt/,
involve,জড়িত,To roll or fold up; to wind round; to entwine.,,verb,/ɪnˈvɒlv/,
involved,জড়িত,To roll or fold up; to wind round; to entwine.,,verb,/ɪnˈvɒlvd/,
involvement,জড়িত,"The act of involving, or the state of being involved.",,noun,,
iron,লোহা,"A common, inexpensive metal, silvery grey when untarnished, that rusts, is attracted by magnets, and is used in making steel.",,noun,/ˈaɪən/,
irritate,বিরক্ত করা,"To provoke impatience, anger, or displeasure in.",,verb,/ˈɪɹɪteɪt/,
irritated,বিরক্ত,"To provoke impatience, anger, or displeasure in.",,verb,/ˈɪɹɪteɪtɪd/,
island,দ্বীপ,"A contiguous area of land, smaller than a continent, totally surrounded by water.",,noun,/ˈaɪ̯lənd/,
issue,সমস্যা,"The action or an instance of flowing or coming out, an outflow, particularly:",,noun,/ˈɪsjuː/,
it,এটা,One who is neither a he nor a she; a creature; a dehumanized being.,,noun,/ɪt/,
item,আইটেম,A distinct physical object.,Tweezers are great for manipulating small items.,noun,[ˈaɪ̯ɾm̩],
its,এর,One who is neither a he nor a she; a creature; a dehumanized being.,,noun,/ɪts/,
itself,নিজেই,(reflexive pronoun) it; A thing as the object of a verb or preposition that also appears as the subject,The door closed by itself,pronoun,/ɪtˈsɛlf/,
jacket,জ্যাকেট,"A piece of clothing worn on the upper body outside a shirt or blouse, often waist length to thigh length.",,noun,/ˈd͡ʒæk.ɪt/,
jail,জেল,"A place or institution for the confinement of persons held in lawful custody or detention, especially for minor offenses or with reference to some future judicial proceeding.",,noun,/dʒeɪl/,
jealous,ঈর্ষান্বিত,Suspecting rivalry in love; troubled by worries that one might have been replaced in someone's affections; suspicious of a lover's or spouse's fidelity.,,adjective,/ˈdʒɛləs/,
jeans,জিন্স,Denim.,She wore a tattered jean jacket.,noun,/d͡ʒiːnz/,
jelly,জেলি,An explosive mixture of nitroglycerine and nitrate absorbed onto a base of wood pulp.,,noun,/ˈd͡ʒɛl.i/,
jewelry,গয়না,"Collectively, personal ornamentation such as rings, necklaces, brooches and bracelets, made of precious metals and sometimes set with gemstones.",She had more jewellery ornamented about her than any three ladies needed.,noun,,
job,চাকরি,A task.,A job half done is hardly done at all.,noun,/d͡ʒɒb/,
join,যোগদান,An intersection of piping or wiring; an interconnect.,,noun,/ˈdʒɔɪn/,
join in,যোগদান,,,,,
joint,যৌথ,"The point where two components of a structure join, but are still able to rotate.",This rod is free to swing at the joint with the platform.,noun,/dʒɔɪnt/,
joke,কৌতুক,An amusing story.,,noun,/dʒəʊk/,
journalist,সাংবাদিক,"The keeper of a personal journal, who writes in it regularly.",,noun,/ˈdʒɜːnəlɪst/,
journey,যাত্রা,"A set amount of travelling, seen as a single unit; a discrete trip, a voyage.",,noun,/ˈd͡ʒɜːni/,
joy,আনন্দ,"A feeling of extreme happiness or cheerfulness, especially related to the acquisition or expectation of something good.",They will be a source of strength and joy in your life.,noun,/dʒɔɪ/,
judge,বিচারক,"A public official whose duty it is to administer the law, especially by presiding over trials and rendering judgments; a justice.",,noun,/d͡ʒʌd͡ʒ/,
judgment,রায়,The act of judging.,,noun,/ˈdʒʌdʒ.mənt/,
juice,রস,"A liquid from a plant, especially fruit.",Squeeze the orange and some juice will come out.,noun,/d͡ʒuːs/,
jump,লাফ,The act of jumping; a leap; a spring; a bound.,,noun,/dʒʌmp/,
junior,জুনিয়র,A younger person.,four years his junior,noun,/ˈdʒuːnɪə/,
jury,জুরি,A group of individuals chosen from the general population to hear and decide a case in a court of law.,,noun,/ˈd͡ʒʊə.ɹi/,
just,শুধু,"Factually right, correct; factual.",It is a just assessment of the facts.,adjective,/d͡ʒʌst/,
justice,ন্যায়বিচার,The state or characteristic of being just or fair.,the justice of a description,noun,/ˈdʒʌs.tɪs/,
justified,ন্যায়সঙ্গত,Having a justification.,The act was fully justified.,adjective,/ˈdʒʌstɪfaɪd/,
justify,ন্যায্যতা,To provide an acceptable explanation for.,How can you justify spending so much money on clothes?,verb,/ˈdʒʌstɪfaɪ/,
keen,প্রখর,"To make cold, to sharpen.",,verb,,
keep,রাখা,"The main tower of a castle or fortress, located within the castle walls.",,noun,/kiːp/,
keep out,বাইরে রাখা,To refrain from entering a place or condition.,"After being warned, he kept out.",verb,,
keep out of,থেকে দূরে রাখা,,,,,
key,চাবি,An object designed to open and close a lock.,,noun,/kiː/,
keyboard,কীবোর্ড,"(etc.) A set of keys used to operate a typewriter, computer etc.",,noun,/ˈkiːbɔːd/,
kick,লাথি,"A hit or strike with the leg, foot or knee.",A kick to the knee.,noun,/kɪk/,
kid,বাচ্চা,A young goat.,"He treated the oxen like they didn't exist, but he treated the goat kid like a puppy.",noun,/kɪd/,
kill,হত্যা,The act of killing.,"The assassin liked to make a clean kill, and thus favored small arms over explosives.",noun,/kɪl/,
killing,হত্যা,To put to death; to extinguish the life of.,Smoking kills more people each year than alcohol and drugs combined.,verb,/ˈkɪl.ɪŋ/,
kilogram,কিলোগ্রাম,"In the International System of Units, the base unit of mass; conceived of as the mass of one litre of water, but now defined by taking the fixed numerical value of the Planck constant h to be 6.626 070 15 × 10-34 when expressed in units of kg⋅m2⋅s−1. Symbol: kg",,noun,/ˈkɪləɡɹæm/,
kilometer,কিলোমিটার,"(official BIPM spelling, Australian, New Zealand, Irish, Indian and South African spelling) An SI unit of length equal to 103 metres. Symbol: km",,noun,/kɪˈlɒmɪtə/,
kind,ধরনের,"A type, race or category; a group of entities that have common characteristics such that they may be grouped together.",This is a strange kind of tobacco.,noun,/kaɪnd/,
kindly,সদয়,"Having a kind personality; kind, warmhearted, sympathetic.",A kindly old man sits on the park bench every afternoon feeding pigeons.,adjective,/ˈkaɪndli/,
kindness,দয়া,The state of being kind.,,noun,/ˈkaɪndnəs/,
king,রাজা,"A male monarch; a man who heads a monarchy. If it's an absolute monarchy, then he is the supreme ruler of his nation.",Henry VIII was the king of England from 1509 to 1547.,noun,/kɪŋ/,
kiss,চুম্বন,"To touch with the lips or press the lips against, usually to show love or affection or passion, or as part of a greeting.",,verb,/kɪs/,
kitchen,রান্নাঘর,A room or area for preparing food.,,noun,/ˈkɪt͡ʃən/,
km,কিমি,,,,,
knee,হাঁটু,"In humans, the joint or the region of the joint in the middle part of the leg between the thigh and the shank.","Penny was wearing a miniskirt, so she skinned her exposed knees when she fell.",noun,/niː/,
knife,ছুরি,"A utensil or a tool designed for cutting, consisting of a flat piece of hard material, usually steel or other metal (the blade), usually sharpened on one edge, attached to a handle. The blade may be pointed for piercing.",,noun,/naɪf/,
knock,নক,Sudden fatigue as a result of glycogen depletion from not having taken in enough nutrition.,,noun,,
knot,গিঁট,"A looping of a piece of string or of any other long, flexible material that cannot be untangled without passing one or both ends of the material through its loops.",Climbers must make sure that all knots are both secure and of types that will not weaken the rope.,noun,/nɒt/,
know,জানি,Knowledge; the state of knowing.,,noun,/nəʊ/,
knowledge,জ্ঞান,"The fact of knowing about something; general understanding or familiarity with a subject, place, situation etc.",His knowledge of Iceland was limited to what he'd seen on the Travel Channel.,noun,/ˈnɒlɪdʒ/,
l,l,"Litre, liter",,noun,,
label,লেবেল,A small ticket or sign giving information about something to which it is attached or intended to be attached.,"Although the label priced this poster at three pounds, I got it for two.",noun,/ˈleɪbəl/,
labor,শ্রম,"Effort expended on a particular task; toil, work.",,noun,/ˈleɪ.bɚ/,
laboratory,পরীক্ষাগার,"A room, building or institution equipped for scientific research, experimentation or analysis.",,noun,/ləˈbɔɹətɹi/,
lack,অভাব,A defect or failing; moral or spiritual degeneracy.,,noun,/lak/,
lacking,অভাব,"To be without, to need, to require.",My life lacks excitement.,verb,/ˈlækɪŋ/,
lady,ভদ্রমহিলা,"An aristocratic title for a woman; the wife of a lord and/or a woman who holds the position in her own right; a title for a peeress, the wife of a peer or knight, and the daughters and daughters-in-law of certain peers.",Sir John Smith and Lady Smith.,noun,/ˈleɪdi/,
lake,হ্রদ,A small stream of running water; a channel for water; a drain.,,noun,/leɪk/,
lamp,বাতি,"A device that generates heat, light or other radiation. Especially an electric light bulb.",,noun,/læmp/,
land,জমি,The part of Earth which is not covered by oceans or other bodies of water.,Most insects live on land.,noun,/lænd/,
landscape,ল্যান্ডস্কেপ,"A portion of land or territory which the eye can comprehend in a single view, including all the objects it contains.",,noun,/ˈlandskeɪp/,
lane,গলি,"(used in street names) A road, street, or similar thoroughfare.",,noun,/leɪn/,
language,ভাষা,"A body of words, and set of methods of combining them (called a grammar), understood by a community and used as a form of communication.",Deaf and mute people communicate using languages like ASL.,noun,[ˈleɪŋɡwɪd͡ʒ],
large,বড়,"An old musical note, equal to two longas, four breves, or eight semibreves.",,noun,/ˈlɑːd͡ʒ/,
largely,ব্যাপকভাবে,In a widespread or large manner.,,adverb,[ˈlaːdʒ.li],
last 1,শেষ 1,,,,,
late,দেরী,A shift (scheduled work period) that takes place late in the day or at night.,,noun,/leɪt/,
lately,ইদানীং,Recently; not long ago; of late.,,adverb,/ˈleɪt.li/,
later,পরে,Near the end of a period of time.,It was late in the evening when we finally arrived.,adjective,/ˈleɪtə/,
latest,সর্বশেষ,Near the end of a period of time.,It was late in the evening when we finally arrived.,adjective,/ˈleɪt.ɪst/,
latter,পরের,Relating to or being the second of two items.,,adjective,/ˈlæt̬.əɹ/,
laugh,হাসি,An expression of mirth particular to the human species; the sound heard in laughing; laughter.,His deep laughs boomed through the room.,noun,/laːf/,
launch,লঞ্চ,"The movement of a vessel from land into the water; especially, the sliding on ways from the stocks on which it is built. (Compare: to splash a ship.)",,noun,/lɔːnt͡ʃ/,
laundry,লন্ড্রি,A laundering; a washing.,,noun,/ˈlɑn.dɹi/,
law,আইন,"The body of binding rules and regulations, customs and standards established in a community by its legislative and judicial authorities.",entrapment is against the law,noun,,
lawyer,আইনজীবী,"A professional person qualified (as by a law degree or bar exam) and authorized to practice law, i.e. represent parties in lawsuits or trials and give legal advice.","A lawyer's time and advice are his stock in trade. - aphorism often credited to Abraham Lincoln, but without attestation",noun,/ˈlɔɪ.ə(ɹ)/,
lay,রাখা,Arrangement or relationship; layout.,the lay of the land,noun,/leɪ/,
layer,স্তর,A single thickness of some material covering a surface.,"After the first coat of paint dried, he applied another layer.",noun,/leɪə/,
lazy,অলস,A lazy person.,,noun,/ˈleɪzi/,
lead 1,সীসা 1,,,,,
leader,নেতা,Any person that leads or directs,,noun,/ˈlidɚ/,
leading 1,নেতৃস্থানীয় 1,,,,,
leaf,পাতা,The usually green and flat organ that represents the most prominent feature of most vegetative plants.,,noun,/liːf/,
league,লীগ,A group or association of cooperating members.,the League of Nations,noun,/liːɡ/,
lean,চর্বিহীন,(of an object taller than its width and depth) An inclination away from the vertical.,The trees had various leans toward gaps in the canopy.,noun,/liːn/,
learn,শিখতে,The act of learning something,,noun,/lɜːn/,
least,অন্তত,Something of the smallest possible extent; an indivisible unit.,,noun,/list/,
leather,চামড়া,"A tough material produced from the skin of animals, by tanning or similar process, used e.g. for clothing.",,noun,/ˈlɛðə/,
leave,ছেড়ে,To have a consequence or remnant.,,verb,,
lecture,বক্তৃতা,"A spoken lesson or exposition, usually delivered to a group.",During class today the professor delivered an interesting lecture.,noun,/ˈlɛk.t͡ʃə/,
left,বাম,The left side or direction.,,noun,/lɛft/,
leg,পা,A limb or appendage that an animal uses for support or locomotion.,{{ux|en|Insects have six legs.},noun,/leɪɡ/,
legal,আইনি,The legal department of a company.,Legal wants this in writing.,noun,/ˈliː.ɡəl/,
lemon,লেবু,A yellowish citrus fruit.,,noun,/ˈlɛmən/,
lend,ধার দেওয়া,The lumbar region; loin.,,noun,/lɛnd/,
length,দৈর্ঘ্য,The distance measured along the longest dimension of an object.,,noun,,
less,কম,A smaller amount or quantity.,I have less to do today than yesterday.,noun,/lɛs/,
lessen,হ্রাস করা,To make less; to diminish; to reduce.,,verb,/ˈlɛsən/,
let,যাক,The allowing of possession of a property etc. in exchange for rent.,,noun,/lɛt/,
letter,চিঠি,A symbol in an alphabet.,There are twenty-six letters in the English alphabet.,noun,/-ɾə(ɹ)/,
level,স্তর,"A tool for finding whether a surface is level, or for creating a horizontal or vertical line of reference.",Hand me the level so I can tell if this is correctly installed.,noun,/ˈlɛv.əl/,
liberal,উদার,"One with liberal views, supporting individual liberty (see Wikipedia's article on Liberalism).",,noun,/ˈlɪbɹəl/,
library,লাইব্রেরি,"An institution which holds books and/or other forms of media for use by the public or qualified people often lending them out, as well as providing various other services for its users.",,noun,/ˈlaɪbɹi/,
license,লাইসেন্স,A legal document giving official permission to do something; a permit.,,noun,/ˈlaɪsəns/,
lid,ঢাকনা,A thin skin membrane that covers and moves over an eye.,,noun,/lɪd/,
lie 1,মিথ্যা 1,,,,,
life,জীবন,"The state of organisms preceding their death, characterized by biological processes such as metabolism and reproduction and distinguishing them from inanimate objects; the state of being alive and living.","Having experienced both, the vampire decided that he preferred (un)death to life.  He gave up on life.",noun,/laɪf/,
lift,উত্তোলন,An act of lifting or raising.,,noun,/lɪft/,
light,আলো,"Visible electromagnetic radiation. The human eye can typically detect radiation (light) in the wavelength range of about 400 to 750 nanometers. Nearby shorter and longer wavelength ranges, although not visible, are commonly called ultraviolet and infrared light.","As you can see, this spacious dining-room gets a lot of light in the mornings.",noun,/lʌɪt/,
lightly,হালকাভাবে,In a light manner.,"As a teacher, I don't take rudeness in class lightly.",adverb,/ˈlaɪtli/,
like,পছন্দ,(usually in the plural) Something that a person likes (prefers).,Tell me your likes and dislikes.,noun,/laɪk/,
likely,সম্ভবত,Something or somebody considered likely.,,noun,/ˈlaɪkli/,
limit,সীমা,A restriction; a bound beyond which one may not go.,There are several existing limits to executive power.,noun,/ˈlɪmt/,
limited,সীমিত,"To restrict; not to allow to go beyond a certain bound, to set boundaries.",I'm limiting myself to two drinks tonight.,verb,/ˈlɪmɪtɪd/,
line,লাইন,"A path through two or more points (compare ‘segment’); a continuous mark, including as made by a pen; any path, curved or straight.",The arrow descended in a curved line.,noun,/laɪn/,
link,লিঙ্ক,Some text or a graphic in an electronic document that can be activated to display another document or trigger an action.,Click the hyperlink to go to the next page.,noun,/lɪŋk/,
lip,ঠোঁট,Either of the two fleshy protrusions around the opening of the mouth.,,noun,/lɪp/,
liquid,তরল,"A substance that is flowing, and keeping no shape, such as water; a substance of which the molecules, while not tending to separate from one another like those of a gas, readily change their relative position, and which therefore retains no definite shape, except that determined by the containing receptacle; an inelastic fluid.",A liquid can freeze to become a solid or evaporate into a gas.,noun,/ˈlɪkwɪd/,
list,তালিকা,"A strip of fabric, especially from the edge of a piece of cloth.",,noun,/lɪst/,
listen,শুনুন,An instance of listening.,Give the motor a listen and tell me if it sounds off.,noun,/ˈlɪs.ən/,
liter,লিটার,"The metric unit of fluid measure, equal to one cubic decimetre. Symbols: l, L, ℓ",You should be able to fill four cups with one litre of water.,noun,/ˈliː.tə/,
literature,সাহিত্য,The body of all written works.,,noun,/ˈlɪ.tə.ɹɪ.tʃə(ɹ)/,
little,সামান্য,A small amount.,Can I try a little of that sauce?,noun,/ˈlɪ.ɾɫ̩/,
live 1,লাইভ 1,,,,,
live 2,লাইভ 2,,,,,
lively,প্রাণবন্ত,Term of address.,,noun,/ˈlaɪvli/,
living,জীবিত,To be alive; to have life.,He's not expected to live for more than a few months.,verb,/ˈlɪvɪŋ/,
load,লোড,A burden; a weight to be carried.,I struggled up the hill with the heavy load in my rucksack.,noun,/ləʊd/,
loan,ঋণ,"An act or instance of lending, an act or instance of granting something for temporary use.","Because of the loan that John made to me, I was able to pay my tuition for the upcoming semester.",noun,/ləʊn/,
local,স্থানীয়,A person who lives near a given place.,It's easy to tell the locals from the tourists.,noun,/ˈləʊkl̩/,
locate,সনাক্ত করা,To place; to set in a particular spot or position.,,verb,/ləʊˈkeɪt/,
location,অবস্থান,A particular point or place in physical space.,,noun,/ləʊˈkeɪʃən/,
lock,তালা,"Something used for fastening, which can only be opened with a key or combination.",,noun,/lɒk/,
lock up,লক আপ,To imprison or incarcerate someone,,verb,,
logic,যুক্তি,"A method of human thought that involves thinking in a linear, step-by-step manner about how a problem can be solved. Logic is the basis of many principles including the scientific method.",,noun,/ˈlɒdʒɪk/,
logical,যৌক্তিক,In agreement with the principles of logic.,,adjective,/ˈlɒdʒɪkəɫ/,
lonely,একাকী,Unhappy because of feeling isolated from contact with other people.,,adjective,/ˈləʊnli/,
long,দীর্ঘ,A long vowel.,,noun,/ˈlɔːŋ/,
look,তাকান,,,,,
loose,আলগা,The release of an arrow.,,noun,/luːs/,
loosely,শিথিলভাবে,In a loose manner.,,adverb,/ˈluːsli/,
lord,প্রভু,The master of the servants of a household; the master of a feudal manor,,noun,,
lose,হারান,"To cause (something) to cease to be in one's possession or capability due to unfortunate or unknown circumstances, events or reasons.",He lost his hearing in the explosion.,verb,/luːz/,
loss,ক্ষতি,"The result of no longer possessing an object, a function, or a characteristic due to external causes or misplacement.","In other areas, glacier loss creates serious risk of a dry period across the Third Pole, Wang said.",noun,/lɑs/,
lost,হারিয়ে গেছে,"To cause (something) to cease to be in one's possession or capability due to unfortunate or unknown circumstances, events or reasons.",He lost his hearing in the explosion.,verb,,
lot,অনেক,A large quantity or number; a great deal.,lots of people think so,noun,/lɒt/,
loud,জোরে,A loud sound or part of a sound.,,noun,/laʊd/,
love,প্রেম,Strong affection.,,noun,/lʊv/,
lover,প্রেমিক,"One who loves and cares for another person in a romantic way; a sweetheart, love, soulmate, boyfriend, girlfriend or spouse.",,noun,/ˈlʌvə/,
low,কম,Something that is low; a low point.,Economic growth has hit a new low.,noun,/ləʊ/,
lower 1,নিম্ন 1,,,,,
loyal,অনুগত,Having or demonstrating undivided and constant support for someone or something.,,adjective,/ˈlɔɪəl/,
luck,ভাগ্য,"Something that happens to someone by chance, a chance occurrence, especially a favourable one.",Gilbert had some bad luck yesterday — he got pick-pocketed and lost fifty dollars.,noun,/lʊk/,
lucky,ভাগ্যবান,(of people) Favoured by luck; fortunate; having good success or good fortune,The downed pilot is very lucky to be alive.,adjective,/ˈlʌki/,
lump,পিণ্ড,"Something that protrudes, sticks out, or sticks together; a cluster or blob; a mound or mass of no particular shape.",Stir the gravy until there are no more lumps.,noun,/lʌmp/,
lunch,দুপুরের খাবার,"A light meal usually eaten around midday, notably when not as main meal of the day.",,noun,/lʌnt͡ʃ/,
lung,ফুসফুস,A biological organ of vertebrates that controls breathing and oxygenates the blood.,,noun,/ˈlʌŋ/,
machine,মেশিন,"A device that directs and controls energy, often in the form of movement or electricity, to produce a certain effect.",,noun,,
machinery,যন্ত্রপাতি,"The machines constituting a production apparatus, in a plant etc., collectively.",,noun,/məˈʃiːnəɹi/,
mad,পাগল,To be or become mad.,,verb,/ˈmæːd/,
magazine,পত্রিকা,"A non-academic periodical publication, generally consisting of sheets of paper folded in half and stapled at the fold.",,noun,/mæɡəˈziːn/,
magic,জাদু,"The application of rituals or actions, especially those based on occult knowledge, to subdue or manipulate natural or supernatural beings and forces in order to have some benefit from them",,noun,/ˈmadʒɪk/,
mail,মেইল,A bag or wallet.,,noun,/meɪ̯l/,
main,প্রধান,Short for mainline.,,verb,,
mainly,প্রধানত,"Forcefully, vigorously.",,adverb,/ˈmeɪnli/,
maintain,বজায় রাখা,"To support (someone), to back up or assist (someone) in an action.",,verb,/meɪnˈteɪn/,
major,প্রধান,A military rank between captain and lieutenant colonel.,He used to be a major in the army.,noun,,
majority,সংখ্যাগরিষ্ঠ,More than half (50%) of some group.,The majority agreed that the new proposal was the best.,noun,/məˈd͡ʒɒɹɪti/,
make,করা,Brand or kind; model.,What make of car do you drive?,noun,/meɪk/,
makeup,মেকআপ,An item's composition.,"To understand how a nuclear reactor works, we must first look at its makeup.",noun,,
male,পুরুষ,One of the male (masculine) sex or gender.,,noun,/meɪl/,
mall,মল,"A pedestrianised street, especially a shopping precinct.",,noun,/mɔːl/,
man,মানুষ,An adult male human.,The show is especially popular with middle-aged men.,noun,[mɛn],
manage,পরিচালনা,The act of managing or controlling something.,,noun,/ˈmænɪdʒ/,
management,ব্যবস্থাপনা,"Administration; the use of limited resources combined with forecasting, planning, leadership and execution skills to achieve predetermined specific goals.",,noun,/ˈmænədʒmənt/,
manager,ম্যানেজার,"A person whose job is to manage something, such as a business, a restaurant, or a sports team.",,noun,/ˈmæn.ɪ.dʒə/,
manner,পদ্ধতি,Mode of action; way of performing or doing anything,,noun,/ˈmænə/,
manufacture,উত্পাদন,The action or process of making goods systematically or on a large scale.,,noun,/ˌmænjʊˈfæktʃə/,
manufacturer,প্রস্তুতকারক,One that manufactures,,noun,/ˌmænjuˈfæktʃɚ(ɹ)ɚ/,
manufacturing,উত্পাদন,"To make things, usually on a large scale, with tools and either physical labor or machinery.",,verb,/ˌmænjʊˈfækt͡ʃəɹɪŋ/,
many,অনেক,A multitude; a great aggregate; a mass of people; the generality; the common herd.,Democracy must balance the rights of the few against the will of the many.,noun,/ˈmæni/,
map,মানচিত্র,"A visual representation of an area, whether real or imaginary.",,noun,/mæp/,
march,মার্চ,"A formal, rhythmic way of walking, used especially by soldiers, bands and in ceremonies.",,noun,/mɑːtʃ/,
mark,চিহ্ন,"(heading) Boundary, land within a boundary.",,noun,/mɑɹk/,
market,বাজার,"A gathering of people for the purchase and sale of merchandise at a set time, often periodic.",The privilege to hold a weekly market was invaluable for any feudal era burgh.,noun,/ˈmɑːkɪt/,
marketing,মার্কেটিং,To make (products or services) available for sale and promote them.,We plan to market an ecology model by next quarter.,verb,,
marriage,বিবাহ,The state of being married.,You should enter marriage for love.,noun,/ˈmæɹɪdʒ/,
married,বিবাহিত,A married person.,,noun,/ˈmæɹ.ɪd/,
marry,বিয়ে,To enter into the conjugal or connubial state; to take a husband or a wife.,Neither of her daughters showed any desire to marry.,verb,/ˈmæɹɪ/,
mass,ভর,"(physical) Matter, material.",,noun,/mæs/,
massive,বিশাল,"A homogeneous mass of rock, not layered and without an obvious crystal structure.",karst massives in western Georgia,noun,/ˈmæs.ɪv/,
master,মাস্টার,Someone who has control over something or someone.,,noun,/ˈmastə/,
match,ম্যাচ,"A competitive sporting event such as a boxing meet, a baseball game, or a cricket match.",My local team are playing in a match against their arch-rivals today.,noun,/mæt͡ʃ/,
matching,ম্যাচিং,To agree; to be equal; to correspond.,"Their interests didn't match, so it took a long time to agree what to do together.",verb,/ˈmætʃɪŋ/,
mate,সঙ্গী,"A fellow, comrade, colleague, partner or someone with whom something is shared, e.g. shipmate, classmate.",,noun,/meɪt/,
material,উপাদান,"Matter which may be shaped or manipulated, particularly in making something.","Asphalt, composed of oil and sand, is a widely used material for roads.",noun,/məˈtɪəɹɪəl/,
math,গণিত,A mowing; what is gathered from mowing.,,noun,/mɑːθ/,
mathematics,গণিত,"An abstract representational system used in the study of numbers, shapes, structure, change and the relationships between these concepts.",,noun,/mæθ(ə)ˈmætɪks/,
matter,ব্যাপার,"Substance, material.",,noun,/ˈmætə/,
maximum,সর্বোচ্চ,The highest limit,,noun,/ˈmæksɪməm/,
maybe,হয়তো,Something that is possibly true.,,noun,/ˈmeɪbi/,
mayor,মেয়র,"The chief executive of the municipal government of a city, borough, &c., formerly usually appointed as a caretaker by European royal courts but now usually appointed or elected locally.",,noun,/ˈmeɪ.ə/,
me,আমি,As the direct object of a verb.,Can you hear me?,pronoun,,
meal,খাবার,"Food that is prepared and eaten, usually at a specific time, and usually in a comparatively large quantity (as opposed to a snack).","Breakfast is the morning meal, lunch is the noon meal, and dinner, or supper, is the evening meal.",noun,/miːl/,
mean,মানে,To lament.,,verb,/miːn/,
meaning,অর্থ,"(of words or symbols) The entity, perception, feeling or concept thereby represented or evoked.",,noun,/ˈmiːnɪŋ/,
means,মানে,To lament.,,verb,/miːnz/,
meanwhile,এদিকে,The time between two events.,,noun,/ˈmiːnhwaɪl/,
measure,পরিমাপ,A prescribed quantity or extent.,,noun,/ˈmɛʒə/,
measurement,পরিমাপ,The act of measuring.,,noun,/ˈmeʒ.ə.mənt/,
meat,মাংস,The flesh (muscle tissue) of an animal used as food.,A large portion of domestic meat production comes from animals raised on factory farms.,noun,/miːt/,
media,মিডিয়া,The middle layer of the wall of a blood vessel or lymph vessel which is composed of connective and muscular tissue.,,noun,/ˈmiːdɪə/,
medical,চিকিৎসা,A medical examination.,You'll have to get a medical before you apply for that job.,noun,/ˈmɛdɪkl̩/,
medicine,ওষুধ,A substance which specifically promotes healing when ingested or consumed in some way.,,noun,/ˈmed(ɪ).sn̩/,
medium,মাঝারি,"(plural media or mediums) The chemistry of the surrounding environment, e.g. solid, liquid, gas, vacuum, or a specific substance such as a solvent.",,noun,/ˈmiːdɪəm/,
meet,দেখা,"A sports competition, especially for track and field (a track meet) or swimming (a swim meet).",,noun,/miːt/,
meeting,মিটিং,(gerund) The act of persons or things that meet.,Meeting him will be exciting. I enjoy meeting new people.,noun,/ˈmiːtɪŋ/,
melt,গলে,"Molten material, the product of melting.",,noun,/mɛlt/,
member,সদস্য,One who officially belongs to a group.,,noun,,
membership,সদস্যপদ,The state of being a member of a group or organization.,He has memberships in clubs in three cities.,noun,,
memory,স্মৃতি,The ability of the brain to record information or impressions with the facility of recalling them later at will.,Memory is a facility common to all animals.,noun,/ˈmɛm(ə)ɹi/,
mental,মানসিক,Of or relating to the mind or an intellectual process.,,adjective,/ˈmɛntəl/,
mentally,মানসিকভাবে,"In a mental manner; an idea thought out in one's mind, as opposed to an idea spoken orally.",,adverb,/ˈmɛntəli/,
mention,উল্লেখ,"A speaking or notice of anything, usually in a brief or cursory manner. Used especially in the phrase make mention of.",,noun,/ˈmɛnʃən/,
menu,মেনু,The details of the food to be served at a banquet; a bill of fare.,,noun,/ˈmɛnju/,
mere,নিছক,"A body of standing water, such as a lake or a pond. More specifically, it can refer to a lake that is broad in relation to its depth. Also included in place names such as Windermere.",,noun,,
merely,নিছক,"Wholly, entirely.",,adverb,/ˈmɪəli/,
mess,মেস,"A disagreeable mixture or confusion of things; hence, a situation resulting from blundering or from misunderstanding; disorder.",He made a mess of it.,noun,/mɛs/,
message,বার্তা,"A communication, or what is communicated; any concept or information conveyed.",We've just received an urgent message from the President.,noun,/ˈmɛsɪd͡ʒ/,
messy,অগোছালো,"(of a place, situation, person, etc) In a disorderly state; chaotic; disorderly.",Jim ran his fingers through his messy brown hair.,adjective,/ˈmɛsi/,
metal,ধাতু,"(heading) Chemical elements or alloys, and the mines where their ores come from.",,noun,/ˈmɛtəl/,
method,পদ্ধতি,"A process by which a task is completed; a way of doing something (followed by the adposition of, to or for before the purpose of the process):","If one method doesn't work, you should ask a friend to help you.",noun,/ˈmɛθəd/,
mg,মিলিগ্রাম,,,,,
mid-,মধ্য-,,,,,
middle,মধ্যম,"A centre, midpoint.",The middle of a circle is the point which has the same distance to every point of circle.,noun,/ˈmɪdəl/,
midnight,মধ্যরাত,"The middle of the night: the sixth temporal hour, equidistant between sunset and sunrise.",,noun,/ˈmɪdnʌɪt/,
might,পারে,"Power, strength, force or influence held by a person or group.",,noun,/maɪt/,
mild,হালকা,"A relatively low-gravity beer, often with a dark colour; mild ale",,noun,/ˈmaɪld/,
mile,মাইল,"The international mile: a unit of length precisely equal to 1.609344 kilometers established by treaty among Anglophone nations in 1959, divided into 5,280 feet or 1,760 yards.",,noun,/maɪ̯l/,
military,সামরিক,Armed forces.,He spent six years in the military.,noun,/ˈmɪl.ɪ.tɹi/,
milk,দুধ,"A white liquid produced by the mammary glands of female mammals to nourish their young. From certain animals, especially cows, it is also called dairy milk and is a common food for humans as a beverage or used to produce various dairy products such as butter, cheese, and yogurt.",,noun,[mɛlk],
milligram,মিলিগ্রাম,"An SI unit of mass, equivalent to one thousandth of a gram. Symbol: mg",,noun,/ˈmɪlɪɡɹæm/,
millimeter,মিলিমিটার,"An SI/MKS unit of measure, the length of 1/1000 of a meter. Symbol: mm",,noun,,
mind,মন,The ability for rational thought.,"Despite advancing age, his mind was still as sharp as ever.",noun,/maɪnd/,
mine,আমার,My; belonging to me; that which belongs to me.,,pronoun,/maɪn/,
mineral,খনিজ,Any naturally occurring inorganic material that has a (more or less) definite chemical composition and characteristic physical properties.,,noun,/ˈmɪ.nəɹ.əl/,
minimum,সর্বনিম্ন,The lowest limit.,We need a minimum of three staff members on duty at all time.,noun,/ˈmɪn.ɪ.məm/,
minister,মন্ত্রী,"A person who is trained to preach, to perform religious ceremonies, and to afford pastoral care at a Protestant church.",The minister said a prayer on behalf of the entire congregation.,noun,/ˈmɪnɪstə/,
ministry,মন্ত্রণালয়,"Government department, at the administrative level normally headed by a minister (or equivalent rank, e.g. secretary of state), who holds it as portfolio, especially in a constitutional monarchy, but also as a polity",She works for the ministry of finance.,noun,/ˈmɪnɪstɹi/,
minor,নাবালক,"A person who is below the age of majority, consent, criminal responsibility or other adult responsibilities and accountabilities.",It is illegal to sell weapons to minors under the age of eighteen.,noun,/ˈmaɪnɚ/,
minority,সংখ্যালঘু,"The state of being a minor; youth, the period of a person's life prior to reaching adulthood.",,noun,/maɪˈnɒɹ.ɪ.ti/,
minute 1,মিনিট 1,,,,,
mirror,আয়না,"A smooth surface, usually made of glass with reflective material painted on the underside, that reflects light so as to give an image of what is in front of it.",I had a look in the mirror to see if the blood had come off my face.,noun,/ˈmɘ.ɹɘ/,
miss,মিস,A failure to hit.,,noun,/mɪs/,
missing,অনুপস্থিত,To fail to hit.,I missed the target.,verb,/ˈmɪsɪŋ/,
mistake,ভুল,An error; a blunder.,,noun,/mɪˈsteɪk/,
mistaken,ভুল,"To understand wrongly, taking one thing or person for another.",Don't mistake my kindness for weakness.,verb,/mɪsˈteɪkən/,
mix,মিশ্রণ,To stir together.,Mix the eggs and milk with the flour until the consistency is smooth.,verb,/ˈmɪks/,
mixed,মিশ্রিত,To stir together.,Mix the eggs and milk with the flour until the consistency is smooth.,verb,/mɪkst/,
mixture,মিশ্রণ,The act of mixing.,,noun,/ˈmɪkstʃə/,
mm,মিমি,An expression used to show contentment for something,"Mmm, this is a tasty pie!",interjection,,
mobile,মোবাইল,A kinetic sculpture or decorative arrangement made of items hanging so that they can move independently from each other.,,noun,/ˈməʊbaɪl/,
model,মডেল,"A person who serves as a subject for artwork or fashion, usually in the medium of photography but also for painting or drawing.",The beautiful model had her face on the cover of almost every fashion magazine imaginable.,noun,/ˈmɒdl̩/,
modern,আধুনিক,Someone who lives in modern times.,,noun,/ˈmɒd(ə)n/,
mom,মা,(familiar) mother.,,noun,/mʌm/,
moment,মুহূর্ত,"A brief, unspecified amount of time.","Wait a moment, while I lock the front door.",noun,/ˈməʊmənt/,
money,টাকা,"A legally or socially binding conceptual contract of entitlement to wealth, void of intrinsic value, payable for all debts and taxes, and regulated in supply.",,noun,/ˈmʌni/,
monitor,মনিটর,Someone who watches over something; a person in charge of something or someone.,"The camp monitors look after the children during the night, when the teachers are asleep.",noun,/ˈmɒnɨtə/,
month,মাস,"A period into which a year is divided, historically based on the phases of the moon.",July is my favourite month.,noun,/mʌnθ/,
mood,মেজাজ,"A mental or emotional state, composure.",I've been in a bad mood since I dumped my boyfriend.,noun,/muːd/,
moon,চাঁদ,"The Earth's moon Luna; the sole natural satellite of the Earth, represented in astronomy and astrology by ☾.",,proper noun,/muːn/,
moral,নৈতিক,(of a narrative) The ethical significance or practical lesson.,,noun,/ˈmɒɹəl/,
morally,নৈতিকভাবে,In terms of morals or ethics.,"Morally, it is a difficult issue to deal with.",adverb,/ˈmɒɹəli/,
more,আরো,To a greater degree or extent.,I could no more climb that than fly!,adverb,/ˈmɔː/,
moreover,অধিকন্তু,In addition to what has been said; furthermore; additionally.,,adverb,/mɔːˈɹəʊvə/,
morning,সকাল,The part of the day from dawn to noon.,I'll see you tomorrow morning.,noun,/ˈmɔːnɪŋ/,
most,সর্বাধিক,The greatest amount.,"The most I can offer for the house is $150,000.",noun,/ˈməʊst/,
mostly,বেশিরভাগ,"Mainly or chiefly; for the most part; usually, generally, on the whole.","They're mostly good people, although they have made a few mistakes.",adverb,/ˈməʊstli/,
mother,মা,A (human) female who has given birth to a baby,He had something of his mother in him.,noun,,
motion,গতি,A state of progression from one place to another.,,noun,/ˈməʊʃən/,
motor,মোটর,"A machine or device that converts other energy forms into mechanical energy, or imparts motion.",,noun,/ˈməʊtə/,
motorcycle,মোটরসাইকেল,"An open-seated motor vehicle with handlebars instead of a steering wheel, and having two (or sometimes three) wheels.",,noun,/ˈməʊtəˌsaikəl/,
mount,মাউন্ট,A hill or mountain.,,noun,/maʊnt/,
mountain,পর্বত,"An elevation of land of considerable dimensions rising more or less abruptly, forming a conspicuous figure in the landscape, usually having a small extent of surface at its summit.",We spent the weekend hiking in the mountains.,noun,/ˈmaʊntɪn/,
mouse,মাউস,Any small rodent of the genus Mus.,,noun,,
mouth,মুখ,The opening of a creature through which food is ingested.,"""Open your mouth and say 'aah',"" directed the doctor.",noun,/mʌʊθ/,
move,সরানো,The act of moving; a movement.,"A slight move of the tiller, and the boat will go off course.",noun,/muːv/,
movement,আন্দোলন,Physical motion between points in space.,I saw a movement in that grass on the hill.,noun,/ˈmuːv.mənt/,
movie,চলচ্চিত্র,A recorded sequence of images displayed on a screen at a rate sufficiently fast to create the appearance of motion.,,noun,/ˈmuːvi/,
movie theater,সিনেমা থিয়েটার,A building where movies are shown to an audience; a cinema.,,noun,/ˈmuvi ˌθi.ətɚ/,
moving,চলন্ত,"To change place or posture; to go, in any manner, from one place or position to another.",A ship moves rapidly.,verb,/ˈmuːvɪŋ/,
much,অনেক,"Large, great.",,adjective,/mʌt͡ʃ/,
mud,কাদা,A mixture of water and soil or fine grained sediment.,,noun,/mʌd/,
multiply,গুণ,An act or instance of multiplying.,,noun,/ˈmʌltɪplaɪ/,
murder,হত্যা,The crime of deliberately killing another person without justification.,The defendant was charged with murder.,noun,/ˈmɜːdə(ɹ)/,
muscle,পেশী,A contractile form of tissue which animals use to effect movement.,Muscle consists largely of actin and myosin filaments.,noun,/ˈmʌs.əl/,
museum,যাদুঘর,"A building or institution dedicated to the acquisition, conservation, study, exhibition, and educational interpretation of objects having scientific, historical, cultural or artistic value.",,noun,/mjuːˈziːəm/,
music,সঙ্গীত,"A series of sounds organized in time, employing melody, harmony, tempo etc. usually to convey a mood.",I keep listening to this music because it's a masterpiece.,noun,/ˈmjuːzɪk/,
musical,বাদ্যযন্ত্র,"A stage performance, show or film that involves singing, dancing and musical numbers performed by the cast as well as acting.",,noun,/ˈmju.zɪ.kəl/,
musician,সঙ্গীতজ্ঞ,"A composer, conductor, or performer of music; specifically, a person who sings and/or plays a musical instrument as a hobby, an occupation, or a profession.",,noun,/mjuˈzɪʃən/,
must,আবশ্যক,Something that is mandatory or required.,"If you'll be out all day, a map is a must.",noun,,
my,আমার,"Used to express surprise, shock or amazement.","My, what big teeth you have!",interjection,/mi/,
myself,নিজেকে,"(reflexive pronoun) Me, as direct or indirect object the speaker as the object of a verb or preposition, when the speaker is also the subject.",I taught myself.,pronoun,/maɪˈsɛlf/,
mysterious,রহস্যময়,Of unknown origin.,He received a mysterious phone call this morning.,adjective,/mɪˈstɪəɹi.əs/,
mystery,রহস্য,Something secret or unexplainable; an unknown.,The truth behind the events remains a mystery.,noun,/ˈmɪstəɹi/,
nail,পেরেক,"The thin, horny plate at the ends of fingers and toes on humans and some other animals.",When I'm nervous I bite my nails.,noun,/neɪl/,
naked,নগ্ন,"Bare, not covered by clothing.",She was as naked as the day she was born.,adjective,/ˈnɛkɪd/,
name,নাম,"Any nounal word or phrase which indicates a particular person, place, class, or thing.",I've never liked the name my parents gave me so I changed it at the age of twenty.,noun,/neɪm/,
narrow,সংকীর্ণ,"(chiefly in the plural) A narrow passage, especially a contracted part of a stream, lake, or sea; a strait connecting two bodies of water.",the narrows of New York harbor,noun,/ˈnæɹəʊ/,
nation,জাতি,"A historically constituted, stable community of people, formed on the basis of a common language, territory, economic life, ethnicity and/or psychological make-up manifested in a common culture.",The Kurdish people constitute a nation in the Middle East,noun,/ˈneɪ.ʃən/,
national,জাতীয়,A subject of a nation.,The diplomats were advised not to interact with any foreign nationals except on official duty.,noun,/ˈnæʃ(ə)nəl/,
native,স্থানীয়,An aboriginal inhabitant of a region colonized by English-speaking people; in particular:,,noun,/ˈneɪtɪv/,
natural,প্রাকৃতিক,"A native inhabitant of a place, country etc.",,noun,/ˈnætʃəɹəl/,
naturally,স্বাভাবিকভাবে,In a natural manner.,"Although he was unused to the situation, he tried to act naturally.",adverb,/ˈnætʃ(ə)ɹəli/,
nature,প্রকৃতি,"The natural world; that which consists of all things unaffected by or predating human technology, production, and design. (Compare ecosystem.)",Nature never lies (i.e. tells untruths).,noun,/ˈnæɪ̯tʃə/,
navy,নৌবাহিনী,"A country's entire sea force, including ships and personnel.",,noun,/ˈneɪvi/,
near,কাছাকাছি,The left side of a horse or of a team of horses pulling a carriage etc.,,noun,/nɪə(ɹ)/,
nearby,কাছাকাছি,"Adjacent, near, close by",He stopped at a nearby store for some groceries.,adjective,,
nearly,প্রায়,With great scrutiny; carefully.,,adverb,/ˈniːɹli/,
neat,ঝরঝরে,"An artificial intelligence researcher who believes that solutions should be elegant, clear and provably correct. Compare scruffy.",,noun,/niːt/,
necessarily,অগত্যা,Inevitably; of necessity.,It is not necessarily true that children get their morals from their parents.,adverb,/ˌnɛsəˈsɛɹəli/,
necessary,প্রয়োজনীয়,"(usually with the definite article) A place to do the ""necessary"" business of urination and defecation: an outhouse or lavatory.",,noun,/ˈnɛsəsɹɪ/,
neck,ঘাড়,The part of the body connecting the head and the trunk found in humans and some animals.,Giraffes have long necks.,noun,/nɛk/,
need,প্রয়োজন,A requirement for something; something needed.,"I've always tried to have few needs beyond food, clothing and shelter.",noun,/niːd/,
needle,সুই,"A fine, sharp implement usually for piercing such as sewing, or knitting, acupuncture, tattooing, body piercing, medical injections, etc.",The seamstress threaded the needle to sew on a button.,noun,,
negative,নেতিবাচক,"Refusal or withholding of assents; prohibition, veto",,noun,/ˈnɛ(e)ɡəˌɾɪv/,
neighbor,প্রতিবেশী,A person living on adjacent or nearby land; a person situated adjacently or nearby; anything (of the same type of thing as the subject) in an adjacent or nearby position.,My neighbour has two noisy cats.,noun,,
neighborhood,পাড়া,"The quality of being a neighbor, of living nearby, next to each-other; proximity.",Our neighborhood was our only reason to exchange hollow greetings.,noun,/ˈneɪbə.hʊd/,
neither,না,Similarly not.,"Just as you would not correct it, neither would I.",adverb,/ˈnaɪð.ə(ɹ)/,
nephew,ভাতিজা,"A son of one's sibling, brother-in-law, or sister-in-law; either a son of one's brother (fraternal nephew) or a son of one's sister (sororal nephew).",,noun,/ˈnɛf.ju/,
nerve,স্নায়ু,"A bundle of neurons with their connective tissue sheaths, blood vessels and lymphatics.",The nerves can be seen through the skin.,noun,/nɛɾv/,
nervous,নার্ভাস,Of sinews and tendons.,,adjective,,
nest,নীড়,A structure built by a bird as a place to incubate eggs and rear young.,,noun,/nɛst/,
net,নেট,,,,,
network,নেটওয়ার্ক,A fabric or structure of fibrous elements attached to each other at regular intervals.,,noun,/nɛtwɜːk/,
never,কখনই,At no time; on no occasion; in no circumstance.,"I finally finished, and I never want to do that again.",adverb,/ˈnɛv.ə(ɹ)/,
nevertheless,তবুও,In spite of what preceded; yet.,,adverb,/ˈnɛvəðəlɛs/,
new,নতুন,Things that are new.,"Out with the old, in with the new.",noun,/njʉː/,
newly,নতুনভাবে,Very recently; in the immediate past.,She smelled the newly budding flowers.,adverb,/ˈnjuːli/,
news,খবর,New information of interest.,Is there any news about the storm?,noun,/njuːz/,
newspaper,সংবাদপত্র,"A publication, usually published daily or weekly and usually printed on cheap, low-quality paper, containing news and other articles.",,noun,/ˈnjuːsˌpeɪpə/,
next,পরবর্তী,The one that follows after this one.,"Next, please, don't hold up the queue!",noun,/nɛkst/,
next to,পাশে,"Beside, alongside, by, adjacent to, or near.",Cleanliness is next to godliness.,preposition,,
nice,চমৎকার,Niceness.,,noun,/naɪs/,
nicely,সুন্দরভাবে,Fastidiously; carefully.,,adverb,/ˈnʌɪsli/,
niece,ভাতিজি,"A daughter of one’s sibling, brother-in-law, or sister-in-law; either the daughter of one's brother (""fraternal niece""), or of one's sister (""sororal niece"").",My niece just celebrated her 15th birthday.,noun,/niːs/,
night,রাত,"The period between sunset and sunrise, when a location faces far away from the sun, thus when the sky is dark.",How do you sleep at night when you attack your kids like that!?,noun,/naɪt/,
no,না,A negating expression; an answer that shows disagreement or disapproval,,noun,/nəʊ/,
no one,কেউ না,"Used in contrast to anyone, someone or everyone: not one person; nobody.",We went to the store but no one was there.,pronoun,/ˈnəʊ wʌn/,
nobody,কেউ,Someone who is not important or well-known.,"Whether you're a nobody or a player, everyone in Tinseltown wants to be King of Hollywood! - Conquering Hollywood",noun,/ˈnəʊ.bɒ.di/,
nod,নড,"An instance of inclining the head up and down, as to indicate agreement, or as a cursory greeting.",,noun,/nɔd/,
noise,গোলমাল,"Various sounds, usually unwanted or unpleasant.","He knew that it was trash day, when the garbage collectors made all the noise.",noun,/nɔɪz/,
noisy,কোলাহলপূর্ণ,"Making a noise, especially a loud unpleasant sound",the noisy crowd.,adjective,/ˈnɔːɪzɪ/,
non-,অ-,,,,,
none,কোনটি,A person without religious affiliation.,,noun,/nɒn/,
nonsense,আজেবাজে কথা,"Letters or words, in writing or speech, that have no meaning or pattern or seem to have no meaning.","After my father had a stroke, every time he tried to talk, it sounded like nonsense.",noun,/ˈnɒnsəns/,
nor,বা,"And not (introducing a negative statement, without necessarily following one).","Nor did I stop to think, but ran.",conjunction,/nɔː/,
normal,স্বাভাবিক,"A line or vector that is perpendicular to another line, surface, or plane.",,noun,/ˈnɔːməl/,
normally,স্বাভাবিকভাবে,Under normal conditions or circumstances; usually; most of the time,"Normally, I eat breakfast at 6am, but today, I got up late and didn't eat until 9.",adverb,,
north,উত্তর,"One of the four major compass points, specifically 0°, directed toward the North Pole, and conventionally upwards on a map, abbreviated as N.",Minnesota is in the north of the USA.,noun,/noːθ/,
northern,উত্তর,An inhabitant of the northern regions.,,noun,/ˈnɔːðn̩/,
nose,নাক,"A protuberance on the face housing the nostrils, which are used to breathe or smell.",She has a cold in the nose.,noun,/nəʊz/,
not,না,"A unary operation on logical values that changes true to false, and false to true.",,noun,/nɒt/,
note,নোট,(heading) A symbol or annotation.,,noun,/nəʊt/,
nothing,কিছুই না,"Something trifling, or of no consequence or importance.",,noun,/ˈnʌθɪŋ/,
notice,নোটিশ,The act of observing; perception.,"He took no notice of the changes, and went on as though nothing had happened.",noun,/ˈnəʊtɪs/,
noticeable,লক্ষণীয়,Capable of being seen or noticed.,,adjective,/ˈnəʊtɪsəbl̩/,
notion,ধারণা,"Mental apprehension of whatever may be known, thought, or imagined; idea, concept.",,noun,/ˈnəʊʃən/,
novel,উপন্যাস,"Newly made, formed or evolved; having no precedent; of recent origin; new.",,adjective,/ˈnɒvl̩/,
now,এখন,The present time.,Now is the right time.,noun,/naʊ/,
nowhere,কোথাও না,"No particular place, noplace.",They went on a cruise to nowhere.,noun,/ˈnəʊ.wɛə/,
nuclear,পারমাণবিক,Nuclear power,,noun,/ˈn(j)ukliɚ/,
number,সংখ্যা,An abstract entity used to describe quantity.,"Zero, one, −1, 2.5, and pi are all numbers.",noun,/ˈnʌmbə/,
numerous,অসংখ্য,"Indefinitely large numerically, many.",There are numerous definitions of the word 'man'.,adjective,/ˈnjuːməɹəs/,
nurse,নার্স,A wet nurse.,,noun,/nɜːs/,
nut,বাদাম,A hard-shelled seed.,"There are many sort of nuts: peanuts, cashews, pistachios, Brazil nuts and more.",noun,[nɐt],
o'clock,বাজে,"(modifying a numeral, one to twelve) In conjunction with a numeral, indicates the time within a twelve-hour period (midnight to noon or noon to midnight), specifically the time when the hour hand of a clock points precisely to the symbol or marking corresponding to the designated numeral.","(rare, nonstandard) What o'clock is it?",adverb,/əʊˈklɒk/,
obey,আনুগত্য করা,"To do as ordered by (a person, institution etc), to act according to the bidding of.",,verb,/əʊˈbeɪ/,
object,বস্তু,A thing that has physical existence.,,noun,/ˈɒb.d͡ʒɛkt/,
objective,উদ্দেশ্য,A material object that physically exists.,,noun,/ɒbˈd͡ʒɛk.tɪv/,
observation,পর্যবেক্ষণ,"The act of observing, and the fact of being observed (see observance)",,noun,/ˌɒbzəˈveɪʃ(ə)n/,
observe,পর্যবেক্ষণ,"To notice or view, especially carefully or with attention to detail.",From this vantage point we can observe the behavior of the animals in their natural habitat.,verb,/əbˈzɝv/,
obtain,প্রাপ্ত,"To get hold of; to gain possession of, to procure; to acquire, in any way.",,verb,/əbˈteɪn/,
obvious,স্পষ্ট,"Easily discovered, seen, or understood; self-explanatory.",,adjective,/ˈɒ.vɪəs/,
obviously,স্পষ্টতই,In an obvious or clearly apparent manner.,She was in floods of tears and obviously very upset.,adverb,/ˈɒ(b).vɪəs.li/,
occasion,উপলক্ষ,A favorable opportunity; a convenient or timely chance.,"At this point, she seized the occasion to make her own observation.",noun,/əˈkeɪʒən/,
occasionally,মাঝে মাঝে,"On the occasion of something else happening; incidentally, by the way.",,adverb,/əˈkeɪʒnəli/,
occupied,দখল করা,"Reserved, engaged.",The stall on the left is occupied.,adjective,/ˈɑkjəpaɪd/,
occupy,দখল করা,(of time) To take or use.,,verb,/ˈɒkjʊpaɪ/,
occur,ঘটবে,To happen or take place.,The liftoff will occur in exactly twelve seconds.,verb,,
ocean,মহাসাগর,One of the large bodies of water separating the continents.,,noun,/ˈəʊ.ʃən/,
odd,অদ্ভুত,(diminutive) An odd number.,So let's see. There are two evens here and three odds.,noun,/ɒd/,
oddly,অদ্ভুতভাবে,In a peculiar manner; strangely; unusually.,"For December, it was oddly warm.",adverb,,
of,এর,Expressing distance or motion.,,preposition,/ɔv/,
off,বন্ধ,"(usually in phrases such as 'from the off', 'at the off', etc.) Beginning; starting point.",He has been very obviously an untrustworthy narrator right from the off.,noun,/ɔːf/,
offend,অপমান,To hurt the feelings of; to displease; to make angry; to insult.,Your accusations offend me deeply.,verb,/əˈfɛnd/,
offensive,আক্রমণাত্মক,An attack.,The Marines today launched a major offensive.,noun,/əˈfɛnsɪv/,
offer,অফার,A proposal that has been made.,I decline your offer to contract.,noun,/ˈɑfɚ/,
office,অফিস,"A ceremonial duty or service, particularly:",,noun,,
officer,অফিসার,"One who has a position of authority in a hierarchical organization, especially in military, police or government organizations.",,noun,/ˈɑfɪsɚ/,
official,অফিসিয়াল,An office holder invested with powers and authorities.,David Barnes was the official charged with the running of the sports club.,noun,/əˈfɪʃəl/,
officially,আনুষ্ঠানিকভাবে,In an official manner; according to official rules or regulations.,,adverb,/əˈfɪʃəli/,
often,প্রায়ই,Frequent.,,adjective,/ˈɑf(t)ən/,
oh,ওহ,"An utterance of oh; a spoken expression of surprise, acknowledgement, etc.",,noun,/əʊ/,
oil,তেল,Liquid fat.,,noun,/ɔɪl/,
old,পুরাতন,"(with the, invariable plural only) People who are old; old beings; the older generation, taken as a group.",A civilised society should always look after the old in the community.,noun,/ˈɒʊld/,
old-fashioned,সেকেলে,"A cocktail made by muddling sugar with bitters and adding whiskey or, less commonly, brandy, served with a twist of citrus rind.",,noun,/əʊldˈfæʃənd/,
on,অন,To switch on,Can you on the light?,verb,/ɒn/,
once,একবার,(frequency) One and only one time.,I have only once eaten pizza.,adverb,/wɒn(t)s/,
one,এক,The digit or figure 1.,,noun,/wan/,
one another,একে অপরের,(reciprocal pronoun) Used of a reciprocal relationship among a group of two or more people or things; compare each other.,Rainy days seemed to follow one another all summer.,pronoun,,
onion,পেঁয়াজ,"A monocotyledonous plant (Allium cepa), allied to garlic, used as vegetable and spice.",,noun,/ˈʌŋjɪn/,
online,অনলাইন,"To bring (a system, etc.) online; to promote to an active or running state.",,verb,/ɒnˈlaɪn/,
only,শুধুমাত্র,An only child.,,noun,/ˈəʊn.li/,
onto,উপর,(of a function) Assuming each of the values in its codomain; having its range equal to its codomain.,"Considered as a function on the real numbers, the exponential function is not onto.",adjective,/ˈɒn.tuː/,
open,খোলা,Not closed,,adjective,,
opening,খোলা,To make something accessible or allow for passage by moving from a shut position.,Turn the doorknob to open the door.,verb,,
openly,প্রকাশ্যে,"In an open manner, visibly, not covertly.",,adverb,/ˈoʊpənli/,
operate,কাজ,"To perform a work or labour; to exert power or strength, physical or mechanical; to act.",,verb,/ˈɒpəɹeɪt/,
operation,অপারেশন,The method by which a device performs its function.,,noun,/ˌɒpəˈɹeɪʃən/,
opinion,মতামত,"A subjective belief, judgment or perspective that a person has formed about a topic, issue, person or thing.",Every man is a fool in some man's opinion.,noun,/əˈpɪnjən/,
opponent,প্রতিপক্ষ,One who opposes another; one who works or takes a position against someone or something; one who attempts to stop the progress of someone or something.,"During the crackdown, many opponents of the regime were arrested.",noun,/ɒpəʊnənt/,
opportunity,সুযোগ,"A chance for advancement, progress or profit.",The world is full of opportunities and it's up to me to see them and pursue them.,noun,/ˌɒp.əˈtjuː.nɪ.tɪ/,
oppose,বিরোধিতা,"To attempt to stop the progression of; to resist or antagonize by physical means, or by arguments, etc.; to contend against.",There is still time to oppose this plan.,verb,/əˈpəʊz/,
opposed,বিরোধী,"To attempt to stop the progression of; to resist or antagonize by physical means, or by arguments, etc.; to contend against.",There is still time to oppose this plan.,verb,/əˈpəʊzd/,
opposing,বিরোধী,"To attempt to stop the progression of; to resist or antagonize by physical means, or by arguments, etc.; to contend against.",There is still time to oppose this plan.,verb,,
opposite,বিপরীত,Something opposite or contrary to something else.,,noun,/ˈɒpəsɪt/,
opposition,বিরোধী,The action of opposing or of being in conflict.,,noun,/ɒpəˈzɪʃən/,
option,বিকল্প,One of a set of choices that can be made.,,noun,/ˈɒpʃən/,
or,বা,"Connects at least two alternative words, phrases, clauses, sentences, etc. each of which could make a passage true. In English, this is the ""inclusive or."" The ""exclusive or"" is formed by ""either [...] or"".","He might get cancer, or be hit by a bus, or God knows what.",conjunction,/ɔː(ɹ)/,
orange,কমলা,An evergreen tree of the genus Citrus such as Citrus sinensis.,,noun,/ˈɔɹɪ̈nd͡ʒ/,
order,আদেশ,"Arrangement, disposition, or sequence.",,noun,,
ordinary,সাধারণ,"A person with authority; authority, ordinance.",,noun,,
organ,অঙ্গ,"A larger part of an organism, composed of tissues that perform similar functions.",bodily organs,noun,/ˈɔː.ɡən/,
organization,সংগঠন,The quality of being organized.,"This painting shows little organization at first glance, but little by little the structure becomes clear.",noun,/ˌɔɹɡənaɪˈzeɪʃən/,
organize,সংগঠিত করা,To arrange in working order.,,verb,/ˈɔːɡənaɪz/,
organized,সংগঠিত,To arrange in working order.,,verb,/ˈɔːɡənaɪzd/,
origin,মূল,The beginning of something.,,noun,/ˈɒɹ.ə.dʒən/,
original,মূল,An object or other creation (e.g. narrative work) from which all later copies and variations are derived,This manuscript is the original.,noun,/əˈɹɪdʒnəl/,
originally,মূলত,As it was in the beginning.,"Originally, this paper was white, but over the years it has yellowed with age.",adverb,/əˈɹɪdʒnəli/,
other,অন্যান্য,"An other, another (person, etc), more often rendered as another.",I'm afraid little Robbie does not always play well with others.,noun,/ˈɐðə/,
otherwise,অন্যথায়,Other than supposed; different.,"He said he didn’t do it, but the evidence was otherwise.",adjective,/ˈʌð.əˌwaɪz/,
ought to,করা উচিত,,,,,
ounce,আউন্স,"An avoirdupois ounce, weighing 1/16 of an avoirdupois pound, or 28.3495 grams.",,noun,/aʊns/,
our,আমাদের,,,,,
ours,আমাদের,"That which belongs to us; the possessive case of we, used without a following noun.",,pronoun,/ɑːz/,
ourselves,নিজেদেরকে,(reflexive pronoun) Us; the group including the speaker as the object of a verb or preposition when that group also is the subject.,We should keep this for ourselves.,pronoun,/aʊəˈsɛlvz/,
out,আউট,"A means of exit, escape, reprieve, etc.",They wrote the law to give those organizations an out.,noun,/æɔt/,
outdoor,বহিরঙ্গন,(in some African communities) To publicly display a child after it has been named,,verb,/ˌaʊtˈdɔː/,
outdoors,বাইরে,"(often preceded by ""the"") The environment outside of enclosed structures.",,noun,,
outer,বাইরের,An outer part.,,noun,/ˈaʊtə/,
outline,রূপরেখা,A line marking the boundary of an object figure.,,noun,/ˈaʊtlaɪn/,
output,আউটপুট,"Production; quantity produced, created, or completed.",The factory increased its output this year.,noun,/ˈaʊtpʊt/,
outside,বাইরে,The part of something that faces out; the outer surface.,He's repainting the outside of his house.,noun,,
outstanding,অসামান্য,To resist effectually; withstand; sustain without yielding.,,verb,,
oven,চুলা,A chamber used for baking or heating.,,noun,/ˈʌ.vn̩/,
over,ওভার,A set of six legal balls bowled.,,noun,,
overall,সামগ্রিক,"A garment worn over other clothing to protect it; a coverall or boiler suit. A garment, for manual labor or for casual wear, often made of a single piece of fabric, with long legs and a bib upper, supported from the shoulders with straps, and having several large pockets and loops for carrying tools.",,noun,,
overcome,পরাস্ত,The burden or recurring theme in a song.,,noun,/ˌəʊvəˈkʌm/,
overseas,বিদেশী,Abroad.,Overseas branches of the company are doing well.,adjective,/ˌəʊvəˈsiːz/,
owe,ঋণী,To be under an obligation to give something back to someone or to perform some action for someone.,,verb,/əʊ/,
own,নিজস্ব,"Belonging to; possessed; proper to. Often marks a possessive determiner as reflexive, referring back to the subject of the clause or sentence.",,adjective,/ˈəʊn/,
own up,আপ আপ,"To acknowledge, confess, or admit guilt or reponsibility. Often used with to.",I'll own up: I glued your mouse to its mat.,verb,,
owner,মালিক,One who owns something.,The police recovered the stolen car and returned it to its owner.,noun,/ˈəʊnə/,
p,পি,Abbreviation of penny; pence.,,noun,/piː/,
p.m.,বিকাল,"After noon (used after a time to indicate it is between noon and midnight, i.e., in the afternoon, evening or night as opposed to the morning)",,adverb,/piːˈɛm/,
pace 1,গতি 1,,,,,
pack,প্যাক,"A bundle made up and prepared to be carried; especially, a bundle to be carried on the back, but also a load for an animal, a bale.",The horses carried the packs across the plain.,noun,/pæk/,
package,প্যাকেজ,"Something which is packed, a parcel, a box, an envelope.",,noun,/ˈpækɪdʒ/,
page,পৃষ্ঠা,One of the many pieces of paper bound together within a book or similar document.,,noun,/peɪd͡ʒ/,
pain,ব্যথা,"An ache or bodily suffering, or an instance of this; an unpleasant sensation, resulting from a derangement of functions, disease, or injury by violence; hurt.",I had to stop running when I started getting pains in my feet.,noun,/peɪn/,
painful,বেদনাদায়ক,"Causing pain or distress, either physical or mental.",,adjective,/ˈpeɪn.fəl/,
paint,পেইন্ট,"A substance that is applied as a liquid or paste, and dries into a solid coating that protects or adds color/colour to an object or surface to which it has been applied.",,noun,/peɪnt/,
painter,চিত্রকর,An artist who paints pictures.,,noun,/ˈpeɪntə/,
painting,পেইন্টিং,To apply paint to.,,verb,/ˈpeɪn.tɪŋ/,
pair,জোড়া,Two similar or identical things taken together; often followed by of.,"I couldn't decide which of the pair of designer shirts I preferred, so I bought the pair.",noun,,
palace,প্রাসাদ,"Official residence of a head of state or other dignitary, especially in a monarchical or imperial governmental system.",,noun,/ˈpæləs/,
pale,ফ্যাকাশে,Paleness; pallor.,,noun,/peɪl/,
pan,প্যান,"A wide, flat receptacle used around the house, especially for cooking.",,noun,/pæn/,
panel,প্যানেল,"A (usually) rectangular section of a surface, or of a covering or of a wall, fence etc.",Behind the picture was a panel on the wall.,noun,/ˈpænəl/,
pants,প্যান্ট,"(Manchester) An outer garment that covers the body from the waist downwards, covering each leg separately, usually as far as the ankles; trousers.",,noun,,
paper,কাগজ,"A sheet material used for writing on or printing on (or as a non-waterproof container), usually made by draining cellulose fibres from a suspension in water.",,noun,/ˈpeɪpə/,
parallel,সমান্তরাল,One of a set of parallel lines.,,noun,/ˈpæɹəˌlɛl/,
parent,অভিভাবক,One of the two persons from whom one is immediately biologically descended; a mother or father.,,noun,/ˈpɛəɹənt/,
park,পার্ক,An area of land set aside for environment preservation or recreation.,,noun,[paːk],
parliament,সংসদ,A formal council summoned (especially by a monarch) to discuss important issues.,,noun,,
part,অংশ,A portion; a component.,,noun,/pɐːt/,
participate,অংশগ্রহণ,"To join in, to take part, to involve oneself (in something).",,verb,/pɑːˈtɪsɪpeɪt/,
particular,বিশেষ,"A small individual part of something larger; a detail, a point.",,noun,/pəˈtɪkjələ/,
particularly,বিশেষ করে,"(focus) Especially, extremely.",The apéritifs were particularly stimulating.,adverb,/pəˈtɪkjəli/,
partly,আংশিকভাবে,"In part, or to some degree, but not completely.",they partly finished the house so they could move in before winter;  the car was partly visible in the garage,adverb,/ˈpɑːtli/,
partner,অংশীদার,Someone who is associated with another in a common activity or interest.,,noun,/ˈpɐːtnə/,
partnership,অংশীদারিত্ব,The state of being associated with a partner.,,noun,,
party,পার্টি,A person or group of people constituting a particular side in a contract or legal action.,The contract requires that the party of the first part pay the fee.,noun,/ˈpɑ(ː)ɾi/,
pass,পাস,To change place.,,verb,[pʰäːs],
passage,উত্তরণ,A paragraph or section of text or music with particular meaning.,She struggled to play the difficult passages.,noun,/ˈpæsɪd͡ʒ/,
passenger,যাত্রী,"One who rides or travels in a vehicle, but who does not operate it and is not a member of the crew.",Somebody in a team who does not do their fair share of the work.,noun,/ˈpæsənd͡ʒə/,
passing,পাসিং,To change place.,,verb,,
passion,আবেগ,"Any great, strong, powerful emotion, especially romantic love or extreme hate.",We share a passion for books.,noun,[ˈpʰæʃən],
passport,পাসপোর্ট,"An official document normally used for international journeys, which proves the identity and nationality of the person for whom it was issued.",You will have to bring your passport to prove who you are.,noun,/ˈpɑːspɔːt/,
past,অতীত,To change place.,,verb,/pɑːst/,
path,পথ,"A trail for the use of, or worn by, pedestrians.",,noun,[pʰäːθ],
patience,ধৈর্য,The quality of being patient.,,noun,/ˈpeɪʃəns/,
patient,রোগী,A person or animal who receives treatment from a doctor or other medically educated person.,,noun,/ˈpeɪʃənt/,
pattern,প্যাটার্ন,"Model, example.",,noun,/ˈpat(ə)n/,
pause,বিরতি,"A button whose functions are pausing and resuming something, such as a DVD player, a video game or a computer.",,noun,/pɔːz/,
pay,বেতন,Money given in return for work; salary or wages.,Many employers have rules designed to keep employees from comparing their pays.,noun,/peɪ/,
pay back,ফেরত দিতে,"To pay an amount of money owed to another, to repay",He paid back all the money he owed her.,verb,/peɪ bæk/,
payment,পেমেন্ট,The act of paying.,,noun,/ˈpeɪmənt/,
peace,শান্তি,"A state of tranquility, quiet, and harmony; absence of violence. For instance, a state free from civil disturbance.",Our lounge strives to maintain an environment of peace for the comfort of our customers.,noun,/piːs/,
peaceful,শান্তিপূর্ণ,Not at war or disturbed by strife or turmoil.,peaceful protest,adjective,/ˈpiːsfəl/,
peak,শিখর,"A point; the sharp end or top of anything that terminates in a point; as, the peak, or front, of a cap.",,noun,/piːk/,
pen,কলম,"An enclosure (enclosed area) used to contain domesticated animals, especially sheep or cattle.",There are two steers in the third pen.,noun,/pɛn/,
penalty,শাস্তি,A legal sentence.,The penalty for his crime was to do hard labor.,noun,/ˈpɛnəlti/,
pencil,পেন্সিল,A paintbrush.,,noun,/ˈpɛnsɪl/,
people,মানুষ,Used as plural of person; a body of human beings considered generally or collectively; a group of two or more persons.,There were so many people at the restaurant last night.,noun,/ˈpiːpəl/,
pepper,মরিচ,A plant of the family Piperaceae.,,noun,/ˈpɛpə/,
per,প্রতি,For each.,$2.50 per dozen,preposition,/pɜː(ɹ)/,
percent,শতাংশ,"A percentage, a proportion (especially per hundred).",only a small percent attain the top ranks,noun,/pəˈsɛnt/,
percentage,শতাংশ,"The amount, number or rate of something, regarded as part of a total of 100; a part of a whole.",A high percentage of secondary school leavers take a gap year.,noun,/pəˈsɛntɪd͡ʒ/,
perfect,নিখুঁত,"(grammar) The perfect tense, or a form in that tense.",,noun,/ˈpɜː.fɛkt/,
perfectly,পুরোপুরি,With perfection.,They completed the first series perfectly.,adverb,/ˈpɜːfɪktli/,
perform,সঞ্চালন,To do something; to execute.,It took him only twenty minutes to perform the task.,verb,/pəˈfɔːm/,
performance,কর্মক্ষমতা,The act of performing; carrying into execution or action; execution; achievement; accomplishment; representation by action.,the performance of an undertaking or a duty,noun,[pə.ˈfɔː.məns],
performer,অভিনয়কারী,"One who performs for, or entertains, an audience.",,noun,/pəˈfɔːmə/,
perhaps,সম্ভবত,An uncertainty.,,noun,/pəˈhæps/,
period,সময়কাল,A length of time.,There was a period of confusion following the announcement.,noun,/ˈpɪəɹɪəd/,
permanent,স্থায়ী,"A chemical hair treatment imparting or removing curliness, whose effects typically last for a period of weeks; a perm.",,noun,/ˈpɜːmənənt/,
permission,অনুমতি,Authorisation; consent (especially formal consent from someone in authority),"Sire, do I have your permission to execute this traitor?",noun,/pəˈmɪʃən/,
permit,অনুমতি,An artifact or document rendering something allowed or legal.,A construction permit can be obtained from the town offices.,noun,,
person,ব্যক্তি,An individual; usually a human being.,"Each person is unique, both mentally and physically.",noun,/ˈpɜːsən/,
personal,ব্যক্তিগত,An advertisement by which individuals attempt to meet others with similar interests.,,noun,/ˈpɜː.sən.əl/,
personality,ব্যক্তিত্ব,A set of non-physical psychological and social qualities that make a person (or thing) distinct from another.,The president has a unique personality.,noun,/-i/,
personally,ব্যক্তিগতভাবে,In a personal manner.,,adverb,/ˈpɜːsnəli/,
perspective,দৃষ্টিকোণ,"A view, vista or outlook.",,noun,/pɚˈspɛktɪv/,
persuade,রাজি করা,"To successfully convince (someone) to agree to, accept, or do something, usually through reasoning and verbal influence.",That salesman was able to persuade me into buying this bottle of lotion.,verb,/pəˈsweɪd/,
pet,পোষা প্রাণী,An animal kept as a companion.,,noun,/pɛt/,
phase,পর্যায়,,,,,
philosophy,দর্শন,The love of wisdom.,,noun,/fɪˈlɒsəfi/,
phone,ফোন,"A device for transmitting conversations and other sounds in real time across distances, now often a small portable unit also capable of running software etc.",,noun,/fəʊ̯n/,
photo,ফটো,A photograph.,,noun,/ˈfəʊ.təʊ/,
photocopy,ফটোকপি,A copy made using a photocopier.,,noun,,
photograph,ফটোগ্রাফ,"A picture created by projecting an image onto a photosensitive surface such as a chemically treated plate or film, CCD receptor, etc.",,noun,/ˈfəʊ.tə.ˌɡɹɑːf/,
photographer,ফটোগ্রাফার,"One who takes photographs, typically as an occupation.",,noun,/fəˈtɒɡɹəfə/,
photography,ফটোগ্রাফি,"The art and technology of producing images on photosensitive surfaces, and its digital counterpart.",,noun,/fəˈtɒɡɹəfi/,
phrase,বাক্যাংশ,A short written or spoken expression.,,noun,/fɹeɪz/,
physical,শারীরিক,Physical examination.,How long has it been since your last physical?,noun,/ˈfɪzɪkəl/,
physically,শারীরিকভাবে,In a physical manner.,,adverb,/ˈfɪzɪkli/,
physics,পদার্থবিদ্যা,"A medicine or drug, especially a cathartic or purgative.",,noun,/ˈfɪz.ɪks/,
piano,পিয়ানো,"A percussive keyboard musical instrument, usually ranging over seven octaves, with white and black colored keys, played by pressing these keys, causing hammers to strike strings","He can play ""Happy Birthday"" on the piano.",noun,/piˈænoʊ/,
pick,বাছাই,A tool used for digging; a pickaxe.,,noun,/pɪk/,
picture,ছবি,"A representation of anything (as a person, a landscape, a building) upon canvas, paper, or other surface, by drawing, painting, printing, photography, etc.",,noun,/ˈpɪktʃə/,
piece,টুকরা,"A part of a larger whole, usually in such a form that it is able to be separated from other parts.",I’d like another piece of pie.,noun,/piːs/,
pig,শূকর,"Any of several intelligent mammalian species of the genus Sus, having cloven hooves, bristles and a nose adapted for digging; especially the domesticated animal Sus scrofa.",The man kept a pen with two pigs that he fed from carrots to cabbage.,noun,/ˈpɪɡ/,
pile,গাদা,A mass of things heaped together; a heap.,,noun,/paɪl/,
pill,বড়ি,"A small, usually round or cylindrical object designed for easy swallowing, usually containing some sort of medication.",,noun,/pɪl/,
pilot,পাইলট,"A person who steers a ship, a helmsman.",,noun,,
pin,পিন,"A needle without an eye (usually) made of drawn-out steel wire with one end sharpened and the other flattened or rounded into a head, used for fastening.",,noun,/pɪn/,
pink,গোলাপী,"The common minnow, Phoxinus phoxinus.",,noun,/pɪŋk/,
pint,পিন্ট,"A unit of volume, equivalent to:",,noun,/paɪnt/,
pipe,পাইপ,Meanings relating to a wind instrument.,,noun,,
pitch,পিচ,"A sticky, gummy substance secreted by trees; sap.",It is hard to get this pitch off my hand.,noun,/pɪtʃ/,
place,স্থান,(physical) An area; somewhere within an area.,,noun,/pleɪs/,
plain,সমতল,"Flat, level.",,adjective,/pleɪn/,
plan,পরিকল্পনা,"A drawing showing technical details of a building, machine, etc., with unwanted details omitted, and often using symbols rather than detailed drawing to represent doors, valves, etc.",The plans for many important buildings were once publicly available.,noun,/plæn/,
plane,সমতল,A level or flat surface.,,noun,/pleɪn/,
planet,গ্রহ,"Each of the seven major bodies which move relative to the fixed stars in the night sky—the Moon, Mercury, Venus, the Sun, Mars, Jupiter and Saturn.",,noun,/ˈplænət/,
planning,পরিকল্পনা,"To design (a building, machine, etc.).",The architect planned the building for the client.,verb,/ˈplænɪŋ/,
plant,উদ্ভিদ,"An organism that is not an animal, especially an organism capable of photosynthesis. Typically a small or herbaceous organism of this kind, rather than a tree.","The garden had a couple of trees, and a cluster of colourful plants around the border.",noun,/plænt/,
plastic,প্লাস্টিক,"A synthetic, solid, hydrocarbon-based polymer, whether thermoplastic or thermosetting.",,noun,/ˈplæstɪk/,
plate,প্লেট,A slightly curved but almost flat dish from which food is served or eaten.,I filled my plate from the bountiful table.,noun,/pleɪt/,
platform,প্ল্যাটফর্ম,A raised stage from which speeches are made and on which musical and other performances are made.,,noun,/ˈplætfɔːm/,
play,খেলা,"Activity for amusement only, especially among the young.",Children learn through play.,noun,/pleɪ/,
player,খেলোয়াড়,One that plays,,noun,/ˈpleɪə(ɹ)/,
pleasant,আনন্দদায়ক,A wit; a humorist; a buffoon.,,noun,/ˈplɛzənt/,
please,দয়া করে,To make happy or satisfy; to give pleasure to.,Her presentation pleased the executives.,verb,/pliːz/,
pleased,খুশি,To make happy or satisfy; to give pleasure to.,Her presentation pleased the executives.,verb,/pliːzd/,
pleasure,আনন্দ,A state of being pleased or contented; gratification.,He remembered with pleasure his home and family.,noun,/ˈplɛʒə/,
plenty,প্রচুর,A more-than-adequate amount.,We are lucky to live in a land of peace and plenty.,noun,/ˈplɛnti/,
plot,চক্রান্ত,"(authorship) The course of a story, comprising a series of incidents which are gradually unfolded, sometimes by unexpected means.",,noun,/plɒt/,
plug,প্লাগ,"A pronged connecting device which fits into a mating socket, especially an electrical one.",I pushed the plug back into the electrical socket and the lamp began to glow again.,noun,/plʌɡ/,
plug in,প্লাগ ইন,To connect (an electrical device) to a plug socket.,,verb,,
plus 1,প্লাস 1,,,,,
pocket,পকেট,"A bag stitched to an item of clothing, used for carrying small items.",,noun,,
poem,কবিতা,A literary piece written in verse.,,noun,/ˈpoʊ̯ɪm/,
poetry,কবিতা,Literature composed in verse or language exhibiting conscious attention to patterns and rhythm.,,noun,/ˈpəʊɪtɹi/,
point,বিন্দু,A discrete division of something.,,noun,,
pointed,নির্দেশিত,To extend the index finger in the direction of something in order to show where it is or to draw attention to it.,It's rude to point at other people.,verb,/ˈpɔɪntɪd/,
poison,বিষ,A substance that is harmful or lethal to a living organism.,We used a poison to kill the weeds.,noun,/ˈpɔɪz(ə)n/,
poisonous,বিষাক্ত,Containing sufficient poison to be dangerous to touch or ingest.,,adjective,/ˈpɔɪznəs/,
pole,খুঁটি,"Originally, a stick; now specifically, a long and slender piece of metal or (especially) wood, used for various construction or support purposes.",,noun,/pɔːl/,
police,পুলিশ,A civil force granted the legal authority for law enforcement and maintaining public order.,Call the police!,noun,[pəˈliːs],
policy,নীতি,"A principle of behaviour, conduct etc. thought to be desirable or necessary, especially as formally expressed by a government or other authoritative body.",The Communist Party has a policy of returning power to the workers.,noun,/ˈpɒləsi/,
polish,পোলিশ,A substance used to polish.,A good silver polish will remove tarnish easily.,noun,/ˈpɒlɪʃ/,
polite,ভদ্র,To polish; to refine; to render polite.,,verb,/pəˈlaɪt/,
political,রাজনৈতিক,A political agent or officer.,,noun,/pəˈlɪtɪkəl/,
politically,রাজনৈতিকভাবে,In a political manner,,adverb,,
politician,রাজনীতিবিদ,"One engaged in politics, especially an elected or appointed government official.",Politicians should serve the country's interest.,noun,/ˈpɒl.ɪ.tɪʃ.ən/,
politics,রাজনীতি,To engage in political activity; politick.,,verb,/ˈpɒl.ɪ.tɪks/,
pollution,দূষণ,"The desecration of something holy or sacred; defilement, profanation.",,noun,/pəˈl(j)uːʃn̩/,
pool,পুল,"A small and rather deep collection of (usually) fresh water, as one supplied by a spring, or occurring in the course of a stream; a reservoir for water.",the pools of Solomon,noun,/pul/,
poor,দরিদ্র,"(with ""the"") Those who have little or no possessions or money, taken as a group.",The poor are always with us.,noun,/poː/,
pop,পপ,"A loud, sharp sound as of a cork coming out of a bottle.",Listen to the pop of a champagne cork.,noun,/pɒp/,
popular,জনপ্রিয়,"A person who is popular, especially at a school.",,noun,/ˈpɒpjʊlə/,
population,জনসংখ্যা,The people living within a political or geographical boundary.,The population of New Jersey will not stand for this!,noun,/ˌpɒpjʊˈleɪʃən/,
port,বন্দর,"A place on the coast at which ships can shelter, or dock to load and unload cargo or passengers.",,noun,,
pose,ভঙ্গি,"Common cold, head cold; catarrh.",,noun,/pəʊz/,
position,অবস্থান,A place or location.,,noun,/pəˈzɪʃ(ə)n/,
positive,ইতিবাচক,A thing capable of being affirmed; something real or actual.,,noun,/ˈpɒzɪ̈tɪv/,
possess,অধিকারী,To have; to have ownership of.,He does not even possess a working telephone.,verb,/pəˈzɛs/,
possession,দখল,Control or occupancy of something for which one does not necessarily have private property rights.,,noun,/pəˈzɛʃən/,
possibility,সম্ভাবনা,The quality of being possible.,,noun,/ˌpɒsɪˈbɪliti/,
possible,সম্ভব,A possible one.,,noun,/ˈpɒsɪbl̩/,
possibly,সম্ভবত,"(modifying a clause or predicate) Perhaps; indicates that the proposition may be true (is not certainly false) regardless of any facts or circumstances known to, stated by or implied by the speaker.",It was possibly the costliest mistake in the organization's history.,adverb,/ˈpɒsɪbli/,
post,পোস্ট,A long dowel or plank protruding from the ground; a fencepost; a lightpost.,ram a post into the ground,noun,/pəʊst/,
post office,পোস্ট অফিস,"A place (building, office, shop, or counter) concerned with the business of delivering letters, post or mail and selling stamps, etc.",,noun,,
pot,পাত্র,A flat-bottomed vessel (usually metal) used for cooking food.,,noun,,
potato,আলু,"The tuber of a plant, Solanum tuberosum, eaten as a starchy vegetable, particularly in the Americas and Europe; this plant.",,noun,/pəˈteɪ.təʊ/,
potential,সম্ভাব্য,Currently unrealized ability (with the most common adposition being to),Even from a young age it was clear that she had the potential to become a great musician.,noun,/pəˈtɛnʃəl/,
pound,পাউন্ড,"A unit of mass equal to 16 avoirdupois ounces (= 453.592 37 g). Today this value is the most common meaning of ""pound"" as a unit of weight.",,noun,/paʊnd/,
pour,ঢালা,The act of pouring.,The bartender's inexpert pour left me with a pint of beer that was half foam.,noun,/pɔː/,
poverty,দারিদ্র্য,The quality or state of being poor; lack of money,,noun,/ˈpɒvəti/,
powder,পাউডার,"The fine particles which are the result of reducing dry substance by pounding, grinding, or triturating, or the result of decay; dust.",,noun,/ˈpaʊ.də(ɹ)/,
power,ক্ষমতা,Ability to do or undergo something.,,noun,/ˈpaʊ.ə(ɹ)/,
powerful,শক্তিশালী,"Having, or capable of exerting power, potency or influence.",,adjective,/ˈpaʊəfl/,
practical,ব্যবহারিক,A part of an exam or series of exams in which the candidate has to demonstrate their practical ability,,noun,/ˈpɹæktɪkəl/,
practically,কার্যত,In practice; in effect. Not necessarily officially the case but what actually occurs.,,adverb,/ˈpɹæktɪkli/,
practice,অনুশীলন,Repetition of an activity to improve a skill.,He will need lots of practice with the lines before he performs them.,noun,/ˈpɹæktɪs/,
praise,প্রশংসা,Commendation; favourable representation in words,,noun,/pɹeɪz/,
prayer,প্রার্থনা,A practice of communicating with one's God.,Through prayer I ask for God's blessings.,noun,/pɹɛə(ɹ)/,
precise,সুনির্দিষ্ট,(NNES or European Union documents) To make or render precise; to specify.,,verb,/pɹɪˈsaɪs/,
precisely,অবিকল,(manner) In a precise manner; exactly.,I always try to express myself precisely.,adverb,/pɹɪˈsaɪsli/,
predict,ভবিষ্যদ্বাণী,A prediction.,,noun,/pɹɪˈdɪkt/,
prefer,পছন্দ,To be in the habit of choosing something rather than something else; to favor; to like better.,I prefer tea to coffee.,verb,/pɹɪˈfɜː/,
preference,পছন্দ,"The selection of one thing or person over others (with the main adposition being ""for"" in relation to the thing or person, but possibly also ""of"")",He has a preference for crisp wines.,noun,/ˈpɹɛf(ə)ɹ(ə)ns/,
pregnant,গর্ভবতী,A pregnant person.,,noun,/ˈpɹɛɡnənt/,
premises,প্রাঙ্গনে,"Land, and all the built structures on it, especially when considered as a single place.",,noun,/ˈpɹɛməsiːz/,
preparation,প্রস্তুতি,The act of preparing or getting ready.,,noun,/pɹɛpəˈɹeɪʃən/,
prepare,প্রস্তুত করা,Preparation,,noun,/pɹɪˈpɛə/,
prepared,প্রস্তুত,To make ready for a specific future purpose; to set up; to assemble or equip.,We prepared the spacecraft for takeoff.,verb,/pɹɪˈpɛəd/,
presence,উপস্থিতি,"The fact or condition of being present, or of being within sight or call, or at hand.",Any painter can benefit from the presence of a live model from which to draw.,noun,/ˈpɹɛzəns/,
present,বর্তমান,The current moment or period of time.,,noun,/pɹəˈzɛnt/,
presentation,উপস্থাপনা,"The act of presenting, or something presented",,noun,/ˌpɹizənˈteɪʃən/,
preserve,সংরক্ষণ করা,A sweet spread made of any of a variety of fruits.,,noun,/pɹəˈzɜːv/,
president,রাষ্ট্রপতি,An act in the past which may be used as an example to help decide the outcome of similar instances in the future.,,noun,/ˈpɹɛzɨdənt/,
press,প্রেস,A device used to apply pressure to an item.,a flower press,noun,/pɹɛs/,
pressure,চাপ,A pressing; a force applied to a surface.,Apply pressure to the wound to stop the bleeding.,noun,[ˈpɹɛʃ.ə(ɹ)],
presumably,সম্ভবত,Able to be sensibly presumed,"Presumably, he will attend the opening.",adverb,/pɹɪˈzjuːməbli/,
pretend,ভান,"To claim, to allege, especially when falsely or as a form of deliberate deception.",,verb,/pɹɪˈtɛnd/,
pretty,সুন্দর,A pretty person; a term of address to a pretty person.,,noun,/ˈpɹɪti/,
prevent,প্রতিরোধ,To stop (an outcome); to keep from (doing something).,I brush my teeth regularly to prevent them from turning yellow.,verb,/pɹəˈvɛnt/,
previous,পূর্ববর্তী,"An existing criminal record (short for ""previous convictions"")",It turned out the shoplifter had a lot of previous.,noun,/ˈpɹiːvɪəs/,
previously,পূর্বে,"(with present-tense constructions) First; beforehand, in advance.",,adverb,/ˈpɹiːvi.əsli/,
price,মূল্য,The cost required to gain possession of something.,,noun,/pɹaɪs/,
pride,গর্ব,"The quality or state of being proud; an unreasonable overestimation of one's own superiority in terms of talents, looks, wealth, importance etc., which manifests itself in lofty airs, distance, reserve and often contempt of others.",,noun,/pɹaɪd/,
priest,পুরোহিত,"A religious clergyman (clergywoman, clergyperson) who is trained to perform services or sacrifices at a church or temple",The Israelite priests were descended from Moses' brother Aaron.,noun,/ˈpɹiːst/,
primarily,প্রাথমিকভাবে,"(focus) Of a primary or central nature, first and foremost",,adverb,/pɹaɪˈmɛɹəli/,
primary,প্রাথমিক,A primary election; a preliminary election to select a political candidate of a political party.,,noun,/ˈpɹɒeməɹi/,
prime minister,প্রধানমন্ত্রী,"In a parliamentary democracy, the chief member of the cabinet and head of the government; often the leader of the majority party.",This is a list of all prime ministers since Churchill.,noun,,
prince,রাজপুত্র,"A (male) ruler, a sovereign; a king, monarch.",,noun,/pɹɪns/,
princess,রাজকুমারী,"A female member of a royal family other than a queen, especially a daughter or granddaughter.",,noun,/pɹɪnˈsɛs/,
principal,প্রধান,"The money originally invested or loaned, on which basis interest and returns are calculated.","A portion of your mortgage payment goes to reduce the principal, and the rest covers interest.",noun,/ˈpɹɪnsəpəl/,
principle,নীতি,A fundamental assumption or guiding belief.,We need some sort of principles to reason from.,noun,/ˈpɹɪnsəpəl/,
print,মুদ্রণ,"Books and other material created by printing presses, considered collectively or as a medium.",TV and the internet haven't killed print.,noun,/pɹɪnt/,
printer,প্রিন্টার,One who makes prints.,,noun,,
prior,পূর্বে,"A high-ranking member of a monastery, usually lower in rank than an abbot.",,noun,/ˈpɹaɪɚ/,
priority,অগ্রাধিকার,An item's relative importance.,He set his e-mail message's priority to high.,noun,/pɹaɪˈɒɹɨti/,
prison,কারাগার,"A place or institution of confinement, especially of long-term confinement for those convicted of serious crimes or otherwise considered undesirable by the government.",The cold stone walls of the prison had stood for over a century.,noun,/ˈpɹɪzən/,
prisoner,বন্দী,"A person incarcerated in a prison, while on trial or serving a sentence.",,noun,/ˈpɹɪzənəɹ/,
private,ব্যক্তিগত,A soldier of the lowest rank in the army.,,noun,/ˈpɹaɪvət/,
prize,পুরস্কার,"That which is taken from another; something captured; a thing seized by force, stratagem, or superior power.",,noun,/pɹaɪz/,
probably,সম্ভবত,In all likelihood.,,adverb,/ˈpɹɒbli/,
problem,সমস্যা,A difficulty that has to be resolved or dealt with.,She's leaving because she faced numerous problems to do with racism.,noun,/ˈpɹɒbləm/,
procedure,পদ্ধতি,A particular method for performing a task.,,noun,/pɹəˈsiːdʒə/,
proceed,এগিয়ে যান,"To move, pass, or go forward or onward; to advance; to carry on",To proceed on a journey.,verb,/pɹəˈsiːd/,
process 1,প্রক্রিয়া 1,,,,,
produce,উত্পাদন,"To yield, make or manufacture; to generate.",,verb,,
producer,প্রযোজক,An individual or organization that creates goods and services.,,noun,,
product,পণ্য,A commodity offered for sale.,That store offers a variety of products.  We've got to sell a lot of product by the end of the month.,noun,/ˈpɹɒd.əkt/,
production,উত্পাদন,"The act of producing, making or creating something.",The widget making machine is being used for production now.,noun,/pɹəˈdʌkʃən/,
profession,পেশা,"A declaration of belief, faith or one's opinion, whether genuine or pretended.","Despite his continued professions of innocence, the court eventually sentenced him to five years.",noun,/pɹəˈfɛʃən/,
professional,পেশাদার,A person who belongs to a profession,,noun,/pɹəˈfɛʃənəl/,
professor,অধ্যাপক,"The most senior rank for an academic at a university or similar institution, informally also known as ""full professor."" Abbreviated Prof.",,noun,/pɹəˈfɛsə/,
profile,প্রোফাইল,"The outermost shape, view, or edge of an object.",His fingers traced the profile of the handle.,noun,/ˈpɹəʊfaɪl/,
profit,লাভ,Total income or cash flow minus expenditures. The money or other benefit a non-governmental organization or individual receives in exchange for products and services sold at an advertised price.,,noun,/ˈpɹɒfɪt/,
progress,অগ্রগতি,"Movement or advancement through a series of events, or points in time; development through time.",Testing for the new antidote is currently in progress.,noun,/ˈpɹɒɡɹɛs/,
project,প্রকল্প,"A planned endeavor, usually with a specific goal and accomplished in several steps or stages.",,noun,,
promise,প্রতিশ্রুতি,An oath or affirmation; a vow,"if I make a promise, I always stick to it;  he broke his promise",noun,/ˈpɹɒmɪs/,
promote,প্রচার,"To raise (someone) to a more important, responsible, or remunerative job or rank.",He promoted his clerk to office manager.,verb,/pɹəˈməʊt/,
promotion,প্রচার,An advancement in rank or position.,I'll have to give myself a promotion!,noun,/pɹəˈməʊʃən/,
prompt,প্রম্পট,A reminder or cue.,,noun,/pɹɒmpt/,
promptly,অবিলম্বে,In prompt manner; both soon and quickly.,,adverb,/ˈpɹɒmptli/,
pronounce,উচ্চারণ,"To declare formally, officially or ceremoniously.",I hereby pronounce you man and wife.,verb,/pɹəˈnaʊns/,
pronunciation,উচ্চারণ,The formal or informal way in which a word is made to sound when spoken.,"What is the pronunciation of ""hiccough""?",noun,/pɹəˌnaʊn.siˈeɪ.ʃən/,
proof,প্রমাণ,"An effort, process, or operation designed to establish or discover a fact or truth; an act of testing; a test; a trial.",,noun,/pɹʉːf/,
proper,যথাযথ,Something set apart for a special use.,,noun,/ˈpɹɔp.ə/,
property,সম্পত্তি,Something that is owned.,"Important types of property include real property (land), personal property (other physical possessions), and intellectual property (rights over artistic creations, inventions, etc.).",noun,/ˈpɹɒp.ət.i/,
proportion,অনুপাত,A quantity of something that is part of the whole amount or number.,,noun,/pɹəˈpɔːʃən/,
proposal,প্রস্তাব,"Something which is proposed, or offered for consideration or acceptance",,noun,/pɹəˈpəʊzəl/,
propose,প্রস্তাব,An objective or aim.,,noun,/pɹəˈpəʊz/,
prospect,সম্ভাবনা,The region which the eye overlooks at one time; view; scene; outlook.,,noun,/ˈpɹɒspɛkt/,
protect,রক্ষা,To keep safe; to defend; to guard; to prevent harm coming to.,Condoms are designed to protect against sexually-transmitted diseases.,verb,/pɹəˈtɛkt/,
protection,সুরক্ষা,The process of keeping (something or someone) safe.,Raincoats give protection from rain.,noun,/pɹəˈtɛkʃən/,
protest,প্রতিবাদ,"A formal objection, especially one by a group.",They lodged a protest with the authorities.,noun,/ˈpɹəʊ.tɛst/,
proud,গর্বিত,Feeling honoured (by something); feeling happy or satisfied about an event or fact; gratified.,I am proud of Sivu’s schoolwork.,adjective,/pɹaʊd/,
proudly,গর্বিতভাবে,In a proud manner.,,adverb,/ˈpɹaʊdli/,
prove,প্রমাণ,To proofread.,,verb,/pɹuːv/,
provide,প্রদান,To make a living; earn money for necessities.,It is difficult to provide for my family working on minimum wage.,verb,/pɹəˈvaɪd/,
provided,প্রদান করা হয়,To make a living; earn money for necessities.,It is difficult to provide for my family working on minimum wage.,verb,/pɹəˈvaɪdɪd/,
pt.,pt,A portion; a component.,,noun,,
public,পাবলিক,"The people in general, regardless of membership of any particular group.",Members of the public may not proceed beyond this point.,noun,/ˈpʌblɪk/,
publication,প্রকাশনা,The act of publishing printed or other matter.,,noun,/ˌpʌblɪˈkeɪʃən/,
publicity,প্রচার,Advertising or other activity designed to rouse public interest in something.,,noun,,
publish,প্রকাশ,"To issue (something, such as printed work) for distribution and/or sale.",Most of the sketches Faulkner published in 1925 appeared in the Sunday magazine section of the New Orleans Times-Picayune.,verb,/ˈpʌblɪʃ/,
publishing,প্রকাশনা,"To issue (something, such as printed work) for distribution and/or sale.",Most of the sketches Faulkner published in 1925 appeared in the Sunday magazine section of the New Orleans Times-Picayune.,verb,/ˈpʌblɪʃɪŋ/,
pull,টান,An act of pulling (applying force),He gave the hair a sharp pull and it came out.,noun,/pʊl/,
punch,ঘুষি,A hit or strike with one's fist.,,noun,/pʌntʃ/,
punish,শাস্তি,"To cause to suffer for crime or misconduct, to administer disciplinary action.","If a prince violates the law, then he must be punished like an ordinary person.",verb,/ˈpʌnɪʃ/,
punishment,শাস্তি,"The act or process of punishing, imposing and/or applying a sanction.",,noun,/ˈpʌnɪʃmənt/,
purchase,ক্রয়,"The acquisition of title to, or property in, anything for a price; buying for money or its equivalent.",They offer a free hamburger with the purchase of a drink.,noun,/ˈpɜːtʃəs/,
pure,বিশুদ্ধ,"One who, or that which, is pure.",,noun,/ˈpjɔː/,
purely,বিশুদ্ধভাবে,"Wholly; really, completely.",,adverb,/ˈpjɔːli/,
purple,বেগুনি,A colour/color that is a dark blend of red and blue; dark magenta.,,noun,/ˈpɜː(ɹ).pəl/,
purpose,উদ্দেশ্য,An objective to be reached; a target; an aim; a goal.,,noun,/ˈpɜːpəs/,
pursue,অনুসরণ করা,"To follow urgently, originally with intent to capture or harm; to chase.",,verb,/pəˈʃu/,
push,ধাক্কা,"A short, directed application of force; an act of pushing.",Give the door a hard push if it sticks.,noun,[pʷʊʃ],
put,রাখা,A right to sell something at a predetermined price.,,noun,/pʊt/,
qualification,যোগ্যতা,"The act or process of qualifying for a position, achievement etc.",Qualification for this organization is extraordinarily difficult.,noun,/ˌkwɒlɪfɪˈkeɪʃən/,
qualified,যোগ্য,"Meeting the standards, requirements, and training for a position.",,adjective,/ˈkwɒl.ɪ.faɪd/,
qualify,যোগ্যতা,An instance of throwing and catching each prop at least twice.,,noun,/ˈkwɒl.ɪ.faɪ/,
quality,গুণমান,Level of excellence.,"Quality of life is usually determined by health, education, and income.",noun,/ˈkwɒlɪti/,
quantity,পরিমাণ,"A fundamental, generic term used when referring to the measurement (count, amount) of a scalar, vector, number of items or to some other way of denominating the value of a collection or group of items.",You have to choose between quantity and quality.,noun,/ˈkwɑndədi/,
quarter,চতুর্থাংশ,A fourth part of something.,,noun,/ˈkoː.tɘ/,
queen,রানী,A female monarch. Example: Queen Victoria.,,noun,/kwiːn/,
question,প্রশ্ন,"A sentence, phrase or word which asks for information, reply or response; an interrogative.",What is your question?,noun,/ˈkwɛstjən/,
quick,দ্রুত,"Raw or sensitive flesh, especially that underneath finger and toe nails.",,noun,/kwɪk/,
quickly,দ্রুত,Rapidly; with speed; fast.,,adverb,/ˈkwɪkli/,
quiet,শান্ত,The absence of sound; quietness.,There was a strange quiet in the normally very lively plaza.,noun,/ˈkwaɪ.ət/,
quite,বেশ,"(heading) To the greatest extent or degree; completely, entirely.",,adverb,/kwaɪt/,
quote,উদ্ধৃতি,A quotation; a statement attributed to a person.,,noun,/kwəʊt/,
race,জাতি,"A contest between people, animals, vehicles, etc. where the goal is to be the first to reach some objective. Example: Several horses run in a horse race, and the first one to reach the finishing post wins","The race around the park was won by Johnny, who ran faster than the others.",noun,/ɹeɪs/,
racing,দৌড়,To take part in a race (in the sense of a contest).,The drivers were racing around the track.,verb,/ˈɹeɪsɪŋ/,
radio,রেডিও,The technology that allows for the transmission of sound or other signals by modulation of electromagnetic waves.,,noun,/ˈɹeɪdiˌəʊ/,
rail,রেল,A horizontal bar extending between supports and used for support or as a barrier; a railing.,,noun,/ɹeɪl/,
railroad,রেলপথ,A permanent road consisting of fixed metal rails to drive trains or similar motorized vehicles on.,Many railroads roughly follow the trace of older land - and/or water roads,noun,/ˈɹeɪlɹəʊd/,
rain,বৃষ্টি,Condensed water falling from a cloud.,The rains came late that year.,noun,/ɹeɪn/,
raise,বাড়াতে,An increase in wages or salary; a rise (UK).,The boss gave me a raise.,noun,/ɹeɪz/,
range,পরিসীমা,"A line or series of mountains, buildings, etc.",,noun,/ɹeɪndʒ/,
rank,পদমর্যাদা,Strong of its kind or in character; unmitigated; virulent; thorough; utter (used of negative things).,rank nonsense,adjective,/ɹæŋk/,
rapid,দ্রুত,(often in the plural) a rough section of a river or stream which is difficult to navigate due to the swift and turbulent motion of the water.,,noun,/ˈɹæpɪd/,
rare,বিরল,A scarce or uncommon item.,,noun,[ɹɜɹ],
rarely,খুব কমই,Not occurring at a regular interval; seldom; not often.,Rarely do you ever find an eagle this far up the river.,adverb,/ˈɹɛːli/,
rate,হার,The worth of something; value.,,noun,/ɹeɪt/,
rather,বরং,To prefer; to prefer to.,,verb,/ˈɹɑːðə/,
raw,কাঁচা,"(sugar refining, sugar trade) An unprocessed sugar; a batch of such.",,noun,/ɹɔː/,
re-,পুনরায়,,,,,
reach,নাগাল,The act of stretching or extending; extension.,,noun,/ɹiːt͡ʃ/,
react,প্রতিক্রিয়া,An emoji used to express a reaction to a post on social media.,Sad reacts only,noun,/ɹiːˈækt/,
reaction,প্রতিক্রিয়া,An action or statement in response to a stimulus or other event.,The announcement of the verdict brought a violent reaction.,noun,/ɹiˈækʃən/,
read,পড়া,"A reading or an act of reading, especially an actor's part of a play.",,noun,/ɹiːd/,
reader,পাঠক,A person who reads,"an early reader, a talented reader",noun,/ˈɹiːdə/,
reading,পড়া,To look at and interpret letters or other information that is written.,Have you read this book?,verb,/ˈɹidiŋ/,
ready,প্রস্তুত,Ready money; cash,,noun,/ˈɹɛdi/,
real,বাস্তব,A commodity; see realty.,,noun,/ɹiːl/,
realistic,বাস্তবসম্মত,"Expressed or represented as being accurate, practicable, or not idealistic.",A realistic appraisal of the situation.,adjective,/ˌɹiːjəˈlɪstɪk/,
reality,বাস্তবতা,The state of being actual or real.,The reality of the crash scene on TV dawned upon him only when he saw the victim was no actor but his friend.,noun,/ɹiˈæləti/,
realize,উপলব্ধি করা,To make real; to convert from the imaginary or fictitious into reality; to bring into real existence,The objectives of the project were never fully realized.,verb,/ˈɹɪə.laɪz/,
really,সত্যিই,"In a way or manner that is real, not unreal.",,adverb,/ˈɹɪəli/,
rear,পিছনে,"To bring up to maturity, as offspring; to educate; to instruct; to foster.",,verb,/ɹɪə/,
reason,কারণ,A cause:,,noun,/ˈɹiːzən/,
reasonable,যুক্তিসঙ্গত,"Having the faculty of reason; rational, reasoning.",,adjective,/ˈɹiː.zən.ə.bəl/,
reasonably,যুক্তিসঙ্গতভাবে,In accordance with reason.,They were able handle their disagreements reasonably.,adverb,/ˈɹiː.zən.ə.bli/,
recall,প্রত্যাহার,The action or fact of calling someone or something back.,,noun,,
receipt,রসিদ,"The act of receiving, or the fact of having been received.",A balance payable on receipt of the goods.,noun,/ɹɪˈsiːt/,
receive,গ্রহণ,An operation in which data is received.,,noun,/ɹɪˈsiːv/,
recent,সাম্প্রতিক,Having happened a short while ago.,,adjective,/ˈɹiːsənt/,
recently,সম্প্রতি,In the recent past,a recently published book,adverb,/ˈɹiːsəntli/,
reception,অভ্যর্থনা,The act of receiving.,,noun,/ɹɪˈsɛp.ʃn̩/,
recognition,স্বীকৃতি,The act of recognizing or the condition of being recognized (matching a current observation with a memory of a prior observation of the same entity),He looked at her for ten full minutes before recognition dawned.,noun,/ˌɹɛkəɡˈnɪʃən/,
recognize,চিনতে,To match (something or someone which one currently perceives) to a memory of some previous encounter with the same person or thing.,I recognised his face immediately.,verb,/ˈɹɛkənaɪz/,
recommend,সুপারিশ,"To bestow commendation on; to represent favourably; to suggest, endorse or encourage as an appropriate choice.","The board recommends Philips, given his ample experience in similar positions.",verb,/ɹɛkəˈmɛnd/,
recommendation,সুপারিশ,An act of recommending.,,noun,/ˌɹɛkəmənˈdeɪʃən/,
record,রেকর্ড,"A disk, usually made of a polymer, used to record sound for playback on a phonograph.",,noun,/ˈɹɛkɔːd/,
recording,রেকর্ডিং,To make a record of information.,"I wanted to record every detail of what happened, for the benefit of future generations.",verb,,
recover,পুনরুদ্ধার,Recovery.,,noun,/ɹɪˈkʌvə/,
recovery,পুনরুদ্ধার,The act or process of regaining or repossession of something lost.,,noun,/ɹəˈkʌvəɹi/,
red,লাল,"Any of a range of colours having the longest wavelengths, 670 nm, of the visible spectrum; a primary additive colour for transmitted light: the colour obtained by subtracting green and blue from white light using magenta and yellow filters; the colour of blood, ripe strawberries, etc.",,noun,/ɹɛd/,
reduce,হ্রাস করা,"To bring down the size, quantity, quality, value or intensity of something; to diminish, to lower.","to reduce weight, speed, heat, expenses, price, personnel etc.",verb,/ɹɪˈdjuːs/,
reduction,হ্রাস,"The act, process, or result of reducing.",,noun,/ɹiˈdɑk.ʃən/,
refer,উল্লেখ করুন,To direct the attention of.,,verb,/ɹɪˈfɜː/,
reference,রেফারেন্স,A relationship or relation (to something).,,noun,/ˈɹɛf.(ə)ɹəns/,
reflect,প্রতিফলিত,"To bend back (light, etc.) from a surface.",A mirror reflects the light that shines on it.,verb,/ɹɪˈflɛkt/,
reform,সংস্কার,"The change of something that is defective, broken, inefficient or otherwise negative, in order to correct or improve it",A major reform is needed to improve the efficiency in the factory.,noun,/ɹɪˈfɔːm/,
refrigerator,রেফ্রিজারেটর,A household appliance used for keeping food fresh by refrigeration (short form fridge).,,noun,/ɹɪˈfɹɪd͡ʒəˌɹeɪtə/,
refusal,প্রত্যাখ্যান,The act of refusing.,,noun,/ɹɪˈfjuːzl̩/,
refuse 1,অস্বীকার 1,,,,,
regard,সম্মান,"A steady look, a gaze.",,noun,/ɹɪˈɡɑːd/,
regarding,সম্পর্কিত,To look at; to observe.,She regarded us warily.,verb,/ɹɪˈɡɑːdɪŋ/,
region,অঞ্চল,"Any considerable and connected part of a space or surface; specifically, a tract of land or sea of considerable but indefinite extent; a country; a district; in a broad sense, a place without special reference to location or extent but viewed as an entity for geographical, social or cultural reasons.",the equatorial regions,noun,/ˈɹiːd͡ʒn̩/,
regional,আঞ্চলিক,An entity or event with scope limited to a single region.,,noun,/ˈɹiːdʒnəl/,
register,নিবন্ধন,"A machine that tabulates the amount of sales transactions, makes a permanent and cumulative record of them, and has a drawer in which cash can be kept.",,noun,/ˈɹɛdʒ.ɪs.tə/,
regret,অনুশোচনা,"Emotional pain on account of something done or experienced in the past, with a wish that it had been different; a looking back with dissatisfaction or with longing.",,noun,/ɹiˈɡɹɛt/,
regular,নিয়মিত,A member of the British Army (as opposed to a member of the Territorial Army or Reserve).,,noun,/ˈɹɛɡjʊlə/,
regularly,নিয়মিত,With constant frequency or pattern.,,adverb,/ˈɹɛɡjəli/,
regulation,প্রবিধান,The act of regulating or the condition of being regulated.,,noun,/ˌɹɛɡjʊˈleɪʃən/,
reject,প্রত্যাখ্যান,Something that is rejected.,,noun,,
relate,সম্পর্কিত,To tell in a descriptive way.,Please relate the circumstances of your journey here today.,verb,/ɹiˈleɪt/,
related,সম্পর্কিত,To tell in a descriptive way.,Please relate the circumstances of your journey here today.,verb,/ɹɪˈleɪtɪd/,
relation,সম্পর্ক,The manner in which two things may be associated.,The relation between diet and health is complex.,noun,/ɹɪˈleɪʃən/,
relationship,সম্পর্ক,Connection or association; the condition of being related.,,noun,/ɹɪˈleɪʃ(ə)nʃɪp/,
relative,আপেক্ষিক,"Someone in the same family; someone connected by blood, marriage, or adoption.",Why do my relatives always talk about sex?,noun,[ˈɹɛl.ə.tʰɪv],
relatively,তুলনামূলকভাবে,"Proportionally, in relation to some larger scale thing.","He measured his success relatively, that is, competitively.",adverb,[ˈɹɛl.ə.tʰɪv.li],
relax,শিথিল করা,To calm down.,,verb,/ɹɪˈlæks/,
relaxed,শিথিল,To calm down.,,verb,/ɹɪˈlækst/,
relaxing,শিথিল,To calm down.,,verb,,
release,মুক্তি,"The event of setting (someone or something) free (e.g. hostages, slaves, prisoners, caged animals, hooked or stuck mechanisms).",,noun,/ɹɪˈliːs/,
relevant,প্রাসঙ্গিক,"Directly related, connected, or pertinent to a topic.",His mother provided some relevant background information concerning his medical condition.,adjective,/ˈɹɛləvənt/,
relief,ত্রাণ,The removal of stress or discomfort.,"I sighed with relief when I found out that my daughter hadn't got lost, but was waiting for me at home.",noun,/ɹɪˈliːf/,
religion,ধর্ম,"Belief in a spiritual or metaphysical reality (often including at least one deity), accompanied by practices or rituals pertaining to the belief.","My brother tends to value religion, but my sister not as much.",noun,/ɹɪˈlɪdʒən/,
religious,ধর্মীয়,"A member of a religious order, i.e. a monk or nun.",,noun,/ɹɪ.ˈlɪ.d͡ʒəs/,
rely,নির্ভর করা,"(with on or upon, formerly also with in) to trust; to have confidence in; to depend.",,verb,/ɹɪˈlaɪ/,
remain,থাকা,(chiefly in the plural) That which is left; relic; remainder.,,noun,/ɹɪˈmeɪn/,
remaining,অবশিষ্ট,To stay behind while others withdraw; to be left after others have been removed or destroyed; to be left after a number or quantity has been subtracted or cut off; to be left as not included or comprised.,,verb,/ɹɪˈmeɪnɪŋ/,
remains,অবশেষ,(chiefly in the plural) That which is left; relic; remainder.,,noun,/ɹɪˈmeɪnz/,
remark,মন্তব্য,An act of pointing out or noticing; notice or observation.,,noun,/ɹɪˈmɑːk/,
remarkable,উল্লেখযোগ্য,Worthy of being remarked or noted; notable,,adjective,/ɹɪˈmɑːkəbl̩/,
remember,মনে রাখবেন,To recall from one's memory; to have an image in one's memory.,,verb,/ɹɪˈmɛmbə/,
remind,মনে করিয়ে দেওয়া,To cause one to experience a memory (of someone or something); to bring to the notice or consideration (of a person).,,verb,/ɹəˈmaɪnd/,
remote,দূরবর্তী,An element of broadcast programming originating away from the station's or show's control room.,,noun,[ɹəˈməʊt],
removal,অপসারণ,"The process of moving, or the fact of being removed.",,noun,/ɹəˈmuːvəl/,
remove,অপসারণ,The act of removing something.,,noun,/ɹɪˈmuːv/,
rent,ভাড়া,A payment made by a tenant at intervals in order to occupy a property.,,noun,/ɹɛnt/,
repair,মেরামত,The act of repairing something.,I took the car to the workshop for repair.,noun,/ɹɪˈpɛə/,
repeat,পুনরাবৃত্তি,An iteration; a repetition.,We gave up after the third repeat because it got boring.,noun,,
repeated,পুনরাবৃত্তি,To do or say again (and again).,The scientists repeated the experiment in order to confirm the result.,verb,/ɹɪˈpiːtɪd/,
replace,প্রতিস্থাপন,"To restore to a former place, position, condition, etc.; to put back","When you've finished using the telephone, please replace the handset.",verb,/ɹɪˈpleɪs/,
reply,উত্তর,A written or spoken response; part of a conversation.,,noun,/ɹɪˈplaɪ/,
report,রিপোর্ট,"A piece of information describing, or an account of certain events given or presented to someone, with the most common adpositions being by (referring to creator of the report) and on (referring to the subject).",A report by the telecommunications ministry on the phone network revealed a severe capacity problem.,noun,/ɹəˈpoːt/,
reporter,রিপোর্টার,Someone or something that reports.,The reporters of important security bugs may be paid a bounty by the software developer.,noun,/ɹɪˈpɔːtə/,
represent,প্রতিনিধিত্ব,To present again or anew; to present by means of something standing in the place of; to exhibit the counterpart or image of; to typify.,,verb,/ɹɛp.ɹɪ.ˈzɛnt/,
representative,প্রতিনিধি,A delegate.,,noun,/ˌɹɛpɹɪˈzɛnt(ət)ɪv/,
reproduce,পুনরুত্পাদন,To produce an image or copy of.,,verb,/ˌɹi.pɹoʊˈdjus/,
reputation,খ্যাতি,What somebody is known for.,,noun,/ˌɹɛpjʊˈteɪʃən/,
request,অনুরোধ,"Act of requesting (with the adposition at in the presence of possessives, and on in their absence).",,noun,/ɹɪˈkwɛst/,
require,প্রয়োজন,To ask (someone) for something; to request.,,verb,/ɹɪˈkwaɪə/,
requirement,প্রয়োজন,"A necessity or prerequisite; something required or obligatory. Its adpositions are generally of in relation to who or what has given it, on in relation to whom or what it is given to, and for in relation to what is required.",There was a requirement of the government on citizens for paying taxes.,noun,/ɹɪˈkwʌɪəm(ə)nt/,
rescue,উদ্ধার,"An act or episode of rescuing, saving.",,noun,/ˈɹɛs.kjuː/,
research,গবেষণা,"Diligent inquiry or examination to seek or revise facts, principles, theories, applications, etc.; laborious or continued search after truth.","The research station that houses Wang and his team is outside Lijiang, a city of about 1.2 million people.",noun,/ɹɪˈsɜːtʃ/,
reservation,সংরক্ষণ,"The act of reserving, withholding or keeping back.",The committee authorised the reservation of funds.,noun,/ˌɹɛzəˈveɪʃən/,
reserve,রিজার্ভ,(behaviour) Restriction.,,noun,/ɹɪˈzɜːv/,
resident,বাসিন্দা,"A person, animal or plant living at a certain location or in a certain area.",The tiger lily is a resident of Asia.,noun,/ˈɹɛzɪd(ə)nt/,
resist,প্রতিরোধ,A protective coating or covering.,,noun,/ɹəˈzɪst/,
resistance,প্রতিরোধ,"The act of resisting, or the capacity to resist.",the resistance of bacteria to certain antibiotics,noun,/ɹɪˈzɪstəns/,
resolve,সমাধান,Determination; will power.,It took all my resolve to go through with the surgery.,noun,/ɹiːˈzɒlv/,
resort,অবলম্বন,"A place where people go for recreation, especially one with facilities such as lodgings, entertainment, and a relaxing environment.",,noun,/ɹɨˈzɔ(ɹ)t/,
resource,সম্পদ,"Something that one uses to achieve an objective, e.g. raw materials or personnel.",,noun,/ɹɪˈsɔɹs/,
respect,সম্মান,An attitude of consideration or high regard,"He is an intellectual giant, and I have great respect for him.",noun,/ɹɪˈspɛkt/,
respond,প্রতিক্রিয়া,A response.,,noun,,
response,প্রতিক্রিয়া,"An answer or reply, or something in the nature of an answer or reply.",,noun,/ɹɪˈspɒns/,
responsibility,দায়িত্ব,"The state of being responsible, accountable, or answerable.",Responsibility is a heavy burden.,noun,/ɹɪˌspɑnsəˈbɪlɪɾi/,
responsible,দায়ী,The individual who bears the responsibility for something.,,noun,/ɹɪˈspɒnsəbl̩/,
rest,বিশ্রাম,(of a person or animal) Relief from work or activity by sleeping; sleep.,I need to get a good rest tonight; I was up late last night.,noun,/ɹɛst/,
restaurant,রেস্টুরেন্ট,"An eating establishment in which diners are served food, usually by waiters at their tables but sometimes (as in a fast food restaurant) at a counter.",,noun,/ˈɹɛs.t(ə).ɹ(ə)nt/,
restore,পুনরুদ্ধার,The act of recovering data or a system from a backup.,"We backed up the data successfully, but the restore failed.",noun,/ɹɪˈstɔː/,
restrict,সীমাবদ্ধ,To restrain within boundaries; to limit; to confine,"After suffering diahrroea, the patient was restricted to a diet of rice, cold meat, and yoghurt.",verb,/ɹɪˈstɹɪkt/,
restricted,সীমাবদ্ধ,To restrain within boundaries; to limit; to confine,"After suffering diahrroea, the patient was restricted to a diet of rice, cold meat, and yoghurt.",verb,/ɹɪˈstɹɪktɪd/,
restriction,সীমাবদ্ধতা,"The act of restricting, or the state of being restricted.",,noun,/ɹɪˈstɹɪkʃən/,
result,ফলাফল,"That which results; the conclusion or end to which any course or condition of things leads, or which is obtained by any process or operation; consequence or effect.",the result of a course of action;  the result of a mathematical operation,noun,/ɹɪˈzʌlt/,
retain,ধরে রাখা,To keep in possession or use.,,verb,/ɹɪˈteɪn/,
retire,অবসর,"The act of retiring, or the state of being retired.",,noun,,
retired,অবসরপ্রাপ্ত,"To stop working on a permanent basis, usually because of old age or illness.","Having made a large fortune, he retired.",verb,/ɹɪˈtʌɪəd/,
retirement,অবসর,An act of retiring; withdrawal.,,noun,/ɹəˈtaɪə(ɹ).mənt/,
return,ফিরে,The act of returning.,I expect the house to be spotless upon my return.,noun,,
reveal,প্রকাশ করা,The outer side of a window or door frame; the jamb.,,noun,/ɹəˈviːl/,
reverse,বিপরীত,The opposite of something.,"We believed the Chinese weren't ready for us. In fact, the reverse was true.",noun,/ɹɪˈvɜːs/,
review,পর্যালোচনা,A second or subsequent reading of a text or artifact in an attempt to gain new insights.,I need to make a review of the book before I can understand it.,noun,/ɹɪˈvjuː/,
revise,সংশোধন করা,A review or a revision.,,noun,/ɹɪˈvaɪ̯z/,
revision,পুনর্বিবেচনা,The process of revising:,,noun,/riˈvɪ.ʒ(ə)n/,
revolution,বিপ্লব,A political upheaval in a government or nation state characterized by great change.,,noun,/ˌɹɛvəˈl(j)uːʃən/,
reward,পুরস্কার,Something of value given in return for an act.,"For catching the thief, you'll get a nice reward.",noun,/ɹəˈwɔːd/,
rhythm,ছন্দ,"The variation of strong and weak elements (such as duration, accent) of sounds, notably in speech or music, over time; a beat or meter.",Dance to the rhythm of the music.,noun,/ˈɹɪ.ð(ə)m/,
rice,চাল,"Cereal plants, Oryza sativa of the grass family whose seeds are used as food.",,noun,/ɹaɪs/,
rich,ধনী,To enrich.,,verb,/ɹɪt͡ʃ/,
rid,পরিত্রাণ,To free (something) from a hindrance or annoyance.,We're trying to rid the world of poverty.,verb,/ˈɹɪd/,
ride,অশ্বারোহণ,An instance of riding.,Can I have a ride on your bike?,noun,/ɹaɪd/,
rider,রাইডার,"One who rides, often on a horse or a motorcycle.",,noun,/ˈɹaɪ.də(ɹ)/,
ridiculous,হাস্যকর,Deserving of ridicule; foolish; absurd.,It's ridiculous to charge so much for a little souvenir.,adjective,/ɹiːˈdɪkjʊləs/,
riding,অশ্বারোহণ,"To transport oneself by sitting on and directing a horse, later also a bicycle etc.",,verb,/ˈɹaɪdɪŋ/,
right,অধিকার,"Straight, not bent.",a right line,adjective,,
rightly,সঠিকভাবে,"In a right manner, correctly, justifiably.",I don't rightly know what he meant by that remark.,adverb,/ˈɹaɪtli/,
ring 1,রিং 1,,,,,
rise,উঠা,"To move, or appear to move, physically upwards relative to the ground.",,verb,/ɹaɪs/,
risk,ঝুঁকি,A possible adverse event or outcome,,noun,/ɹɪsk/,
rival,প্রতিদ্বন্দ্বী,"A competitor (person, team, company, etc.) with the same goal as another, or striving to attain the same thing. Defeating a rival may be a primary or necessary goal of a competitor.",Chris is my biggest rival in the 400-metre race.,noun,/ˈɹaɪvəl/,
river,নদী,"A large and often winding stream which drains a land mass, carrying water down from higher areas to a lower point, oftentimes ending in another body of water, such as an ocean or in an inland sea.",Occasionally rivers overflow their banks and cause floods.,noun,/ˈɹɪvə/,
road,রাস্তা,"A way used for travelling between places, originally one wide enough to allow foot passengers and horses to travel, now (US) usually one surfaced with asphalt or concrete and designed to accommodate many vehicles travelling in both directions. In the UK both senses are heard: a country road is the same as a country lane.",,noun,/ɹəʊd/,
rob,ডাকাতি,"To steal from, especially using force or violence.",He robbed three banks before he was caught.,verb,/ɹɒb/,
rock,শিলা,"A formation of minerals, specifically:",,noun,/ɹɒk/,
role,ভূমিকা,A character or part played by a performer or actor.,"Her dream was to get a role in a Hollywood movie, no matter how small.",noun,/ɹəʊl/,
roll,রোল,"The act or result of rolling, or state of being rolled.",Look at the roll of the waves.,noun,/ɹəʊl/,
romantic,রোমান্টিক,"Of or dealing with languages or cultures derived from Roman influence and Latin: Italian, French, Portuguese, Spanish, Romanian, Catalan, Occitan, Corsican, etc.",,adjective,/ɹə-/,
roof,ছাদ,The external covering at the top of a building.,The roof was blown off by the tornado.,noun,/ɹuːf/,
room,রুম,Opportunity or scope (to do something).,,noun,/ɹuːm/,
root,মূল,"The part of a plant, generally underground, that anchors and supports the plant body, absorbs and stores water and nutrients, and in some plants is able to perform vegetative reproduction.",This tree's roots can go as deep as twenty metres underground.,noun,/ɹuːt/,
rope,দড়ি,"Thick strings, yarn, monofilaments, metal wires, or strands of other cordage that are twisted together to form a stronger line.",Nylon rope is usually stronger than similar rope made of plant fibers.,noun,/ɹəʊp/,
rose,গোলাপ,"A shrub of the genus Rosa, with red, pink, white or yellow flowers.",,noun,/ɹəʊz/,
rough,রুক্ষ,The unmowed part of a golf course.,,noun,,
roughly,মোটামুটি,"In a rough manner; without kindness, softness, or gentleness.",,adverb,/ˈɹʌf.li/,
round,বৃত্তাকার,"So as to form a circle or trace a circular path, or approximation thereof.","High above, vultures circled around.",adverb,/ˈɹaʊnd/,
route,রুট,A course or way which is traveled or passed.,The route was used so much that it formed a rut.,noun,/ɹʉːt/,
routine,রুটিন,A course of action to be followed regularly; a standard procedure.,,noun,/ɹuːˈtiːn/,
row,সারি,"A line of objects, often regularly spaced, such as seats in a theatre, vegetable plants in a garden etc.",,noun,/ˈɹəʊ/,
royal,রাজকীয়,A royal person; a member of a royal family.,,noun,/ˈɹɔɪəl/,
rub,ঘষা,An act of rubbing.,Give that lamp a good rub and see if any genies come out,noun,/ɹʌb/,
rubber,রাবার,Pliable material derived from the sap of the rubber tree; a hydrocarbon polymer of isoprene.,,noun,,
rude,অসভ্য,Bad-mannered.,Karen broke up with Fred because he was often rude to her.,adjective,/ɹʉːd/,
rudely,অভদ্রভাবে,In a rude manner,,adverb,/ˈɹuːdli/,
ruin,ধ্বংস,"(sometimes in the plural) The remains of a destroyed or dilapidated construction, such as a house or castle.",,noun,/ˈɹuː.ɪn/,
ruined,নষ্ট,To cause the fiscal ruin of.,"With all these purchases, you surely mean to ruin us!",verb,/ɹuːnd/,
rule,নিয়ম,"A regulation, law, guideline.",All participants must adhere to the rules.,noun,/ɹuːl/,
ruler,শাসক,"A (usually rigid), flat, rectangular measuring or drawing device with graduations in units of measurement; a straightedge with markings.",,noun,/ˈɹuːlə(ɹ)/,
rumor,গুজব,"A statement or claim of questionable accuracy, from no known reliable source, usually spread by word of mouth.",There's a rumor going round that he's going to get married.,noun,/ˈɹuːmə(ɹ)/,
run,চালান,To run.,,verb,,
runner,রানার,"Act or instance of running, of moving rapidly using the feet.",I just got back from my morning run.,noun,,
running,চলমান,To move swiftly.,,verb,/ˈɹʌnɪŋ/,
rural,গ্রামীণ,A person from the countryside; a rustic.,,noun,/ˈɹɔːɹəl/,
rush,তাড়াহুড়ো,"Any of several stiff plants of the genus Juncus, or the family Juncaceae, having hollow or pithy stems and small flowers, and often growing in marshes or near water.",,noun,/ɹʌʃ/,
sack,বস্তা,"A bag; especially a large bag of strong, coarse material for storage and handling of various commodities, such as potatoes, coal, coffee; or, a bag with handles used at a supermarket, a grocery sack; or, a small bag for small items, a satchel.",,noun,,
sad,দুঃখজনক,To make melancholy; to sadden or grieve (someone).,,verb,/sæd/,
sadly,দুঃখজনকভাবে,In a sad manner; sorrowfully.,"“Only when we climb up can we see it,” he said sadly.",adverb,/ˈsadli/,
sadness,দুঃখ,The state or emotion of being sad.,,noun,/ˈsædnəs/,
safe,নিরাপদ,"A box, usually made of metal, in which valuables can be locked for safekeeping.",,noun,/seɪf/,
safely,নিরাপদে,In a safe manner; without risk; using caution above all else.,,adverb,/ˈseɪfli/,
safety,নিরাপত্তা,The condition or feeling of being safe; security; certainty.,"If you push it to the limit, safety is not guaranteed.",noun,/ˈseɪfti/,
sail,পাল,"A piece of fabric attached to a boat and arranged such that it causes the wind to drive the boat along. The sail may be attached to the boat via a combination of mast, spars and ropes.",,noun,/seɪl/,
sailing,পালতোলা,"To be impelled or driven forward by the action of wind upon sails, as a ship on water; to be impelled on a body of water by steam or other power.",,verb,/ˈseɪ.lɪŋ/,
sailor,নাবিক,A person in the business of navigating ships or other vessels,,noun,/ˈseɪlə/,
salad,সালাদ,"A food made primarily of a mixture of raw or cold ingredients, typically vegetables, usually served with a dressing such as vinegar or mayonnaise.",,noun,/ˈsæləd/,
salary,বেতন,"A fixed amount of money paid to a worker, usually calculated on a monthly or annual basis, not hourly, as wages. Implies a degree of professionalism and/or autonomy.",,noun,/ˈsælɚi/,
sale,বিক্রয়,A hall.,,noun,/seɪl/,
salt,লবণ,"A common substance, chemically consisting mainly of sodium chloride (NaCl), used extensively as a condiment and preservative.",,noun,/sɔlt/,
salty,লবণাক্ত,Tasting of salt.,,adjective,,
same,একই,Not different or other; not another or others; not different as regards self; selfsame; identical.,Are you the same person who phoned me yesterday?,adjective,/seɪm/,
sample,নমুনা,"A part or snippet of something taken or presented for inspection, or shown as evidence of the quality of the whole; a specimen.",a blood sample,noun,/sæːm.pəl/,
sand,বালি,"Rock that is ground more finely than gravel, but is not as fine as silt (more formally, see grain sizes chart), forming beaches and deserts and also used in construction.",,noun,/sænd/,
satisfaction,সন্তুষ্টি,A fulfilment of a need or desire.,He enjoyed the dish with great satisfaction. He'll order it again the next time he arrives.,noun,/sætɪsˈfækʃən/,
satisfied,সন্তুষ্ট,To do enough for; to meet the needs of; to fulfill the wishes or requirements of.,I'm not satisfied with the quality of the food here.,verb,/ˈsætɪsfaɪd/,
satisfy,সন্তুষ্ট করা,To do enough for; to meet the needs of; to fulfill the wishes or requirements of.,I'm not satisfied with the quality of the food here.,verb,/ˈsætɪsfaɪ/,
satisfying,সন্তোষজনক,To do enough for; to meet the needs of; to fulfill the wishes or requirements of.,I'm not satisfied with the quality of the food here.,verb,,
sauce,সস,A liquid (often thickened) condiment or accompaniment to food.,apple sauce; mint sauce,noun,,
save,সংরক্ষণ,"In various sports, a block that prevents an opponent from scoring.",The goaltender made a great save.,noun,/seɪv/,
saving,সংরক্ষণ,To prevent harm or difficulty.,,verb,/ˈseɪvɪŋ/,
say,বল,A chance to speak; the right or power to influence or make a decision.,,noun,/seɪ/,
scale,স্কেল,A ladder; a series of steps; a means of ascending.,,noun,/skeɪl/,
scare,ভয় দেখানো,A minor fright.,Johnny had a bad scare last night.,noun,/skɛə/,
scared,ভীত,"To frighten, terrify, startle, especially in a minor way.","Did it scare you when I said ""Boo!""?",verb,/skɛəd/,
scary,ভীতিকর,Causing or able to cause fright.,She was hiding behind her pillow during the scary parts of the film.,adjective,/ˈskɛəɹi/,
scene,দৃশ্য,The location of an event that attracts attention.,the scene of the crime,noun,/siːn/,
schedule,সময়সূচী,A slip of paper; a short note.,,noun,,
school,স্কুল,"(collective) A group of fish or a group of marine mammals such as porpoises, dolphins, or whales.",The divers encountered a huge school of mackerel.,noun,/skuːl/,
science,বিজ্ঞান,"A particular discipline or branch of learning, especially one dealing with measurable or systematic principles rather than intuition or natural ability.",Of course in my opinion Social Studies is more of a science than an art.,noun,/ˈsaɪəns/,
scientific,বৈজ্ঞানিক,"Of, or having to do with science.",,adjective,/ˌsaɪənˈtɪfɪk/,
scientist,বিজ্ঞানী,"One whose activities make use of the scientific method to answer questions regarding the measurable universe. A scientist may be involved in original research, or make use of the results of the research of others.",,noun,/ˈsaɪ.ən.tɪst/,
scissors,কাঁচি,One blade on a pair of scissors.,,noun,/ˈsɪzəz/,
score,স্কোর,"The total number of goals, points, runs, etc. earned by a participant in a game.",The player with the highest score is the winner.,noun,/skɔː/,
scratch,আঁচড়,"A disruption, mark or shallow cut on a surface made by scratching.",Her skin was covered with tiny scratches.,noun,/skɹætʃ/,
scream,চিৎকার,"A loud, emphatic, exclamation of extreme emotion, especially horror, fear, excitement, or anger; it may comprise a word or a sustained, high-pitched vowel sound.",,noun,/skɹiːm/,
screen,পর্দা,"A physical divider intended to block an area from view, or provide shelter from something dangerous.",a fire screen,noun,/skɹiːn/,
screw,স্ক্রু,A device that has a helical function.,,noun,/skɹuː/,
sea,সমুদ্র,A large body of salt water.,,noun,/siː/,
seal,সীল,"A pinniped (Pinnipedia), particularly an earless seal (true seal) or eared seal.",The seals in the harbor looked better than they smelled.,noun,/siːl/,
search,অনুসন্ধান,An attempt to find something.,"With only five minutes until we were meant to leave, the search for the keys started in earnest.",noun,/sɜːt͡ʃ/,
season,ঋতু,"Each of the four divisions of a year: spring, summer, autumn (fall) and winter",,noun,,
seat,আসন,Something to be sat upon.,,noun,/siːt/,
second,দ্বিতীয়,Something that is number two in a series.,,noun,/ˈsɛkɪnd/,
secondary,মাধ্যমিক,Any flight feather attached to the ulna (forearm) of a bird.,,noun,/ˈsɛkənd(ə)ɹɪ/,
secret,গোপন,A piece of knowledge that is hidden and intended to be kept hidden.,"""Can you keep a secret?"" ""Yes."" ""So can I.""",noun,/ˈsiːkɹət/,
secretary,সচিব,Someone entrusted with a secret; a confidant.,,noun,/ˈsɛk.ɹə.tɹi/,
section,বিভাগ,A cutting; a part cut out from the rest of something.,,noun,/ˈsɛkʃən/,
sector,সেক্টর,Section,,noun,/ˈsɛk.təɹ/,
secure,নিরাপদ,"To make safe; to relieve from apprehensions of, or exposure to, danger; to guard; to protect.",,verb,/səˈkjɔː(ɹ)/,
security,নিরাপত্তা,"The condition of not being threatened, especially physically, psychologically, emotionally, or financially.",,noun,/sɪˈkjɔːɹəti/,
see,দেখুন,"(stative) To perceive or detect with the eyes, or as if by sight.",,verb,/siː/,
seed,বীজ,"A fertilized and ripened ovule, containing an embryonic plant.",,noun,/siːd/,
seek,চাওয়া,The operation of navigating through a stream.,,noun,/siːk/,
seem,মনে হয়,To appear; to look outwardly; to be perceived as.,He seems to be ill.   Her eyes seem blue.   It seems like it is going to rain later.   How did she seem to you?,verb,/siːm/,
select,নির্বাচন করুন,"To choose one or more elements of a set, especially a set of options.","He looked over the menu, and selected the roast beef.",verb,/sɪˈlɛkt/,
selection,নির্বাচন,"A process by which heritable traits conferring survival and reproductive advantage to individuals, or related individuals, tend to be passed on to succeeding generations and become more frequent in a population, whereas other less favourable traits tend to become eliminated; the differential survival and reproduction of phenotypes.",,noun,/səˈlɛkʃən/,
self,স্ব,"One individual's personality, character, demeanor, or disposition.",one's true self; one's better self; one's former self,noun,/sɛlf/,
self-,স্ব-,,,,,
sell,বিক্রি,An act of selling.,This is going to be a tough sell.,noun,/sɛl/,
semester,সেমিস্টার,Half of a school year or academic year such as fall or spring semester.,,noun,/sɪˈmɛstə/,
senate,সিনেট,"In some bicameral legislative systems, the upper house or chamber.",,noun,/ˈsɛnət/,
senator,সিনেটর,"A member, normally elected, in the house or chamber of a legislature called a senate. The legislatures of the United States and Canada have senators.",,noun,/ˈsɛn.ə.tə/,
send,পাঠান,"The rising motion of water as a wave passes; a surge; the upward angular displacement of a vessel, opposed to pitch, the correlative downward movement.",,noun,/sɛnd/,
senior,সিনিয়র,An old person.,,noun,/ˈsiːnjə(r)/,
sense,অনুভূতি,"Any of the manners by which living beings perceive the physical world: for humans sight, smell, hearing, touch, taste.",,noun,/sɛn(t)s/,
sensible,বুদ্ধিমান,Sensation; sensibility.,,noun,/ˈsen.sə.bl̩/,
sensitive,সংবেদনশীল,A person with a paranormal sensitivity to something that most cannot perceive.,,noun,/ˈsɛnsɪtɪv/,
sentence,বাক্য,The decision or judgement of a jury or court; a verdict.,"The court returned a sentence of guilt in the first charge, but innocence in the second.",noun,[ˈsɛntn̩t͡s],
separate,পৃথক,"(usually in the plural) Anything that is sold by itself, especially an article of clothing.",,noun,,
separated,পৃথক,To divide (a thing) into separate parts.,Separate the articles from the headings.,verb,/ˈsɛpəɹeɪtɪd/,
separately,আলাদাভাবে,In a separate manner; not together; apart.,We've been living separately for three years.,adverb,/ˈsɛpəɹətli/,
separation,বিচ্ছেদ,"The act of disuniting two or more things, or the condition of being separated.",,noun,/sɛpəˈɹeɪʃən/,
series,সিরিজ,A number of things that follow on one after the other or are connected one after the other.,A series of seemingly inconsequential events led cumulatively to the fall of the company.,noun,,
serious,গুরুতর,Without humor or expression of happiness; grave in manner or disposition,"It was a surprise to see the captain, who had always seemed so serious, laugh so heartily.",adjective,/ˈsɪə.ɹi.əs/,
seriously,গুরুত্ব সহকারে,(manner) In a serious or literal manner.,He was hoping that we would take him seriously.,adverb,/ˈsɪəɹi.əsli/,
servant,চাকর,"One who is hired to perform regular household or other duties, and receives compensation. As opposed to a slave.","There are three servants in the household, the butler and two maids.",noun,/ˈsɜːvənt/,
serve,পরিবেশন করা,An act of putting the ball or shuttlecock in play in various games.,Whose serve is it?,noun,,
service,সেবা,An act of being of assistance to someone.,I say I did him a service by ending our relationship – now he can freely pursue his career.,noun,/ˈsɜːvɪs/,
session,অধিবেশন,"An informal gathering of musicians to play music, especially improvised jazz or a similar genre.",,noun,,
set,সেট,"To put (something) down, to rest.",Set the tray there.,verb,/sɛt/,
settle,নিষ্পত্তি,To conclude or resolve (something):,,verb,/ˈsɛtəl/,
several,বেশ কিছু,An area of land in private ownership (as opposed to common land).,,noun,/ˈsɛv(ə)ɹəl/,
severe,গুরুতর,Very bad or intense.,,adjective,/sɪˈvɪə/,
sew,সেলাই,To use a needle to pass thread repeatedly through (pieces of fabric) in order to join them together.,"Balls were first made of grass or leaves held together by strings, and later of pieces of animal skin sewn together and stuffed with feathers or hay.",verb,/səʊ/,
sex,যৌনতা,A category into which sexually-reproducing organisms are divided on the basis of their reproductive roles in their species.,"The effect of the medication is dependent upon age, sex, and other factors.",noun,/sɛks/,
sexual,যৌন,"A species which reproduces by sexual rather than asexual reproduction, or a member of such a species.",,noun,/ˈsɛksjuəl/,
shade,ছায়া,"Darkness where light, particularly sunlight, is blocked.",The old oak tree gave shade in the heat of the day.,noun,/ʃeɪd/,
shadow,ছায়া,A dark image projected onto a surface where light (or other radiation) is blocked by the shade of an object.,My shadow lengthened as the sun began to set.,noun,,
shake,ঝাঁকান,The act of shaking or being shaken; tremulous or back-and-forth motion.,"She replied in the negative, with a shake of her head.",noun,/ˈʃeɪk/,
shall,হবে,"(modal, auxiliary verb, defective) Used before a verb to indicate the simple future tense in the first person singular or plural.",I hope that we shall win the game.,verb,,
shallow,অগভীর,A shallow portion of an otherwise deep body of water.,The ship ran aground in an unexpected shallow.,noun,/ˈʃaləʊ/,
shame,লজ্জা,Uncomfortable or painful feeling due to recognition or consciousness of one's own impropriety or dishonor or something being exposed that should have been kept private.,The teenager couldn’t bear the shame of introducing his parents.,noun,/ʃeɪm/,
shape,আকৃতি,The status or condition of something,The used bookshop wouldn't offer much due to the poor shape of the book.,noun,/ʃeɪp/,
shaped,আকৃতির,To create or make.,Earth was shapen by God for God's folk.,verb,/ʃeɪpt/,
share,ভাগ,"A portion of something, especially a portion given or allotted to someone.",,noun,/ʃɛə/,
sharp,তীক্ষ্ণ,"The symbol ♯, placed after the name of a note in the key signature or before a note on the staff to indicate that the note is to be played a semitone higher.",The pitch pipe sounded out a perfect F♯ (F sharp).,noun,/ʃɑːp/,
sharply,তীক্ষ্ণভাবে,In a sharp manner.,,adverb,/ʃɑːpli/,
shave,শেভ,To make bald or shorter by using a tool such as a razor or pair of electric clippers to cut the hair close to the skin.,,verb,/ʃeɪv/,
she,সে,A female.,Pat is definitely a she.,noun,/ʃiː/,
sheep,ভেড়া,A woolly ruminant of the genus Ovis.,,noun,/ʃiːp/,
sheet,শীট,A thin bed cloth used as a covering for a mattress or as a layer over the sleeper.,Use the sheets in the hall closet to make the bed.,noun,/ʃiːt/,
shelf,তাক,"A flat, rigid structure, fixed at right angles to a wall or forming a part of a cabinet, desk etc., and used to support, store or display objects.",,noun,/ʃɛlf/,
shell,শেল,A hard external covering of an animal.,,noun,/ʃɛl/,
shelter,আশ্রয়,"A refuge, haven or other cover or protection from something.",,noun,/ˈʃɛltə/,
shift,স্থানান্তর,A modifier key whose main function is shifting between two or more functions of any of certain other keys (usually by pressing Shift and the other button simultaneously).,,noun,/ʃɪft/,
shine,চকমক,Brightness from a source of light.,,noun,,
shiny,চকচকে,Anything shiny; a trinket.,,noun,/ˈʃaɪni/,
ship,জাহাজ,A water-borne vessel generally larger than a boat.,,noun,/ʃɪp/,
shirt,শার্ট,"An article of clothing that is worn on the upper part of the body, and often has sleeves, either long or short, that cover the arms.",It can take a while to learn how to iron a shirt properly.,noun,/ʃɜːt/,
shock,শক,"A sudden, heavy impact.",The train hit the buffers with a great shock.,noun,/ʃɒk/,
shocking,জঘন্য,"To cause to be emotionally shocked, to cause (someone) to feel surprised and upset.",The disaster shocked the world.,verb,/ˈʃɒkɪŋ/,
shoe,জুতা,"A protective covering for the foot, with a bottom part composed of thick leather or plastic sole and often a thicker heel, and a softer upper part made of leather or synthetic material. Shoes generally do not extend above the ankle, as opposed to boots, which do.","Get your shoes on now, or you'll be late for school.",noun,/ʃuː/,
shoot,অঙ্কুর,The emerging stem and embryonic leaves of a new plant.,,noun,/ʃuːt/,
shooting,শুটিং,To launch a projectile.,,verb,/ˈʃuːtɪŋ/,
shop,দোকান,"An establishment that sells goods or services to the public; originally only a physical location, but now a virtual establishment as well.",,noun,/ʃɒp/,
shopping,কেনাকাটা,"To visit stores or shops to browse or explore merchandise, especially with the intention of buying such merchandise.",He’s shopping for clothes.,verb,/ˈʃɒpɪŋ/,
short,সংক্ষিপ্ত,A short circuit.,,noun,/ʃoːt/,
shortly,শীঘ্রই,In a short or brief time or manner; quickly.,,adverb,/ʃɔːɹtli/,
shot,গুলি,To launch a projectile.,,verb,/ʃɒt/,
should,উচিত,"(modal, auxiliary verb, defective) Used before a verb to indicate the simple future tense in the first person singular or plural.",I hope that we shall win the game.,verb,,
shoulder,কাঁধ,The part of an animal's body between the base of the neck and forearm socket.,,noun,/ˈʃəʊldə/,
shout,চিৎকার,"A loud burst of voice or voices; a violent and sudden outcry, especially that of a multitude expressing joy, triumph, exultation, anger, or animated courage.",,noun,/ʃaʊt/,
show,প্রদর্শন,"A play, dance, or other entertainment.",,noun,/ʃəʊ/,
shower,ঝরনা,"A brief fall of precipitation (spell of rain, or a similar fall of snow, sleet, or cascade).",Today there will be frequent showers and some sunny spells.,noun,,
shut,বন্ধ,"Closed, shut.",,adjective,/ʃʌt/,
shut down,বন্ধ,"To close, terminate, or end.",They are planning to shut down the entire building at the end of the month.,verb,,
shy,লাজুক,An act of throwing.,,noun,/ʃaɪ/,
sick,অসুস্থ,Sick people in general as a group.,We have to cure the sick.,noun,/sɪk/,
side,পাশ,A bounding straight edge of a two-dimensional shape.,A square has four sides.,noun,/saɪd/,
sideways,পাশে,A footpath near a road.,,noun,/ˈsaɪdweɪz/,
sight,দৃষ্টি,(in the singular) The ability to see.,He is losing his sight and now can barely read.,noun,/saɪt/,
sign,চিহ্ন,(sometimes also used uncountably) A visible indication.,I gave them a thumbs-up sign.,noun,/saɪn/,
signal,সংকেত,A sequence of states representing an encoded message in a communication channel.,,noun,/ˈsɪɡnəl/,
signature,স্বাক্ষর,"A person's name, written by that person, used as identification or to signify approval of accompanying material, such as a legal contract.",,noun,/ˈsɪɡnətʃə/,
significant,উল্লেখযোগ্য,That which has significance; a sign; a token; a symbol.,,noun,/sɪɡˈnɪ.fɪ.kənt/,
significantly,উল্লেখযোগ্যভাবে,In a significant manner or to a significant extent.,,adverb,,
silence,নীরবতা,The absence of any sound.,"When the motor stopped, the silence was almost deafening.",noun,/ˈsaɪ.ləns/,
silent,নীরব,That which is silent; a time of silence.,,noun,/ˈsaɪlənt/,
silk,রেশম,A fine fiber excreted by the silkworm or other arthropod (such as a spider).,The thread made of silk was barely visible.,noun,/sɪlk/,
silly,নির্বোধ,A silly person.,,noun,/ˈsɪli/,
silver,রূপা,"A lustrous, white, metallic element, atomic number 47, atomic weight 107.87, symbol Ag.",,noun,/ˈsɪl.və/,
similar,অনুরূপ,"That which is similar to, or resembles, something else, as in quality, form, etc.",,noun,/ˈsɪmələ/,
similarly,একইভাবে,(manner) In a like style or manner.,The sisters dressed similarly.,adverb,/ˈsɪmələli/,
simple,সহজ,"A herbal preparation made from one plant, as opposed to something made from more than one plant.",,noun,/ˈsɪmpəl/,
simply,সহজভাবে,(manner) In a simple way or state; considered in or by itself; without addition; alone.,,adverb,/ˈsɪmpli/,
since,থেকে,From a specified time in the past.,A short/long time since,adverb,/sɪns/,
sincere,আন্তরিক,Genuine; meaning what one says or does; heartfelt.,I believe he is sincere in his offer to help.,adjective,/sɪnˈsɪə(ɹ)/,
sincerely,আন্তরিকভাবে,In a sincere or earnest manner; honestly.,I sincerely hope they make it home safely.,adverb,/sɪnˈsɪəli/,
sing,গান,A gathering at which people sing songs.,,noun,/sɪŋ/,
singer,গায়ক,"A person who sings, often professionally.",,noun,/ˈsɪŋə/,
singing,গান,To produce musical or harmonious sounds with one’s voice.,"""I really want to sing in the school choir,"" said Vera.",verb,/ˈsɪŋɪŋ/,
single,একক,A 45 RPM vinyl record with one song on side A and one on side B.,,noun,/ˈsɪŋɡəl/,
sink,ডুব,A basin used for holding water for washing.,,noun,/sɪŋk/,
sir,স্যার,A man of a higher rank or position.,,noun,/ˈsə(ɹ)/,
sister,বোন,A daughter of the same parents as another person; a female sibling.,My sister is always driving me crazy.,noun,/ˈsɪs.tə/,
sit,বসা,Subsidence of the roof of a coal mine.,,noun,/sɪt/,
sit down,বসুন,To assume a sitting position from a standing position.,Sit down! We have work to do.,verb,,
site,সাইট,"Sorrow, grief.",,noun,/saɪt/,
situation,পরিস্থিতি,The combination of circumstances at a given moment; a state of affairs.,The United States is in an awkward situation with debt default looming.,noun,/sɪtjuːˈeɪʃən/,
size,আকার,(obsolete outside dialectal) An assize.,,noun,/saɪz/,
skill,দক্ষতা,"Capacity to do something well; technique, ability. Skills are usually acquired or learned, as opposed to abilities, which are often thought of as innate.",,noun,/skɪl/,
skilled,দক্ষ,Having or showing skill; skillful.,,adjective,/skɪld/,
skillful,দক্ষ,Possessing skill.,,adjective,/ˈskɪl.fəl/,
skin,চামড়া,"The outer protective layer of the body of any animal, including of a human.",He is so disgusting he makes my skin crawl.,noun,/skɪn/,
skirt,স্কার্ট,"An article of clothing, usually worn by women and girls, that hangs from the waist and covers the lower part of the body.",,noun,/skɜːt/,
sky,আকাশ,"The atmosphere above a given point, especially as visible from the ground during the day.","That year, a meteor fell from the sky.",noun,/skaɪ/,
sleep,ঘুম,To rest in a state of reduced consciousness.,You should sleep 8 hours a day.,verb,/sliːp/,
sleeve,হাতা,The part of a garment that covers the arm.,,noun,/sliːv/,
slice,টুকরা,That which is thin and broad.,,noun,/slaɪs/,
slide,স্লাইড,An item of play equipment that children can climb up and then slide down again.,"The long, red slide was great fun for the kids.",noun,/slaɪd/,
slight,সামান্য,The act of slighting; a deliberate act of neglect or discourtesy.,,noun,[sl̥l͡ɐɪʔ̚],
slightly,সামান্য,Slenderly; delicately.,"He was slightly built, but tall.",adverb,/ˈslaɪtli/,
slip,স্লিপ,"A thin, slippery mix of clay and water.",,noun,/slɪp/,
slope,ঢাল,An area of ground that tends evenly upward or downward.,I had to climb a small slope to get to the site.,noun,/sləʊp/,
slow,ধীর,Someone who is slow; a sluggard.,,noun,/sləʊ/,
slowly,ধীরে ধীরে,(manner) At a slow pace.,,adverb,/ˈsləʊli/,
small,ছোট,"Any part of something that is smaller or slimmer than the rest, now usually with anatomical reference to the back.",,noun,/smoːl/,
smart,স্মার্ট,To hurt or sting.,"After being hit with a pitch, the batter exclaimed ""Ouch, my arm smarts!""",verb,/smɑːt/,
smash,চূর্ণ,The sound of a violent impact; a violent striking together.,"I could hear the screech of the brakes, then the horrible smash of cars colliding.",noun,/smæʃ/,
smell,গন্ধ,"A sensation, pleasant or unpleasant, detected by inhaling air (or, the case of water-breathing animals, water) carrying airborne molecules of a substance.",I love the smell of fresh bread.,noun,/smɛl/,
smile,হাসি,"A facial expression comprised by flexing the muscles of both ends of one's mouth, often showing the front teeth, without vocalisation, and in humans is a common involuntary or voluntary expression of happiness, pleasure, amusement or anxiety.",He always puts a smile on my face.,noun,/ˈsmaɪ.əl/,
smoke,ধোঁয়া,"The visible vapor/vapour, gases, and fine particles given off by burning or smoldering material.",,noun,/sməʊk/,
smoking,ধূমপান,"To inhale and exhale the smoke from a burning cigarette, cigar, pipe, etc.",He's smoking his pipe.,verb,/ˈsməʊkɪŋ/,
smooth,মসৃণ,"Something that is smooth, or that goes smoothly and easily.",,noun,/smuːð/,
smoothly,মসৃণভাবে,In a smooth manner,,adverb,/ˈsmuːðli/,
snake,সাপ,"A legless reptile of the sub-order Serpentes with a long, thin body and a fork-shaped tongue.",,noun,/ˈsneɪk/,
snow,তুষার,"The frozen, crystalline state of water that falls as precipitation.",,noun,/snəʊ/,
so,তাই,"True, accurate.","That is so.  You are responsible for this, is that not so?",adjective,/səʊ/,
soap,সাবান,"A substance able to mix with both oil and water, used for cleaning, often in the form of a solid bar or in liquid form, derived from fats or made synthetically.","I tried washing my hands with soap, but the stain wouldn't go away.",noun,/səʊp/,
social,সামাজিক,A festive gathering to foster introductions.,They organized a social at the dance club to get people to know each other.,noun,/ˈsəʊʃəl/,
society,সমাজ,"A long-standing group of people sharing cultural aspects such as language, dress, norms of behavior and artistic forms.",This society has been known for centuries for its colorful clothing and tight-knit family structure.,noun,/səˈsaɪ.ə.ti/,
sock,মোজা,A knitted or woven covering for the foot.,,noun,/sɒk/,
soft,নরম,A soft or foolish person; an idiot.,,noun,/sɑft/,
softly,নরমভাবে,In a soft manner; gently.,,adverb,/ˈsɑftli/,
software,সফ্টওয়্যার,"Encoded computer instructions, usually modifiable (unless stored in some form of unalterable memory such as ROM).",,noun,/ˈsɑftˌwɛɹ/,
soil,মাটি,"A mixture of mineral particles and organic material, used to support plant growth.",,noun,/sɔɪl/,
soldier,সৈনিক,"A member of an army, of any rank.",,noun,/ˈsɒld͡ʒə/,
solid,কঠিন,A substance in the fundamental state of matter that retains its size and shape without need of a container (as opposed to a liquid or gas).,,noun,/ˈsɒlɪd/,
solution,সমাধান,"A homogeneous mixture, which may be liquid, gas or solid, formed by dissolving one or more substances.",,noun,/səˈl(j)uːʃən/,
solve,সমাধান,(chiefly law enforcement) A solution; an explanation.,,noun,/sɒlv/,
some,কিছু,"Of a measurement: approximately, roughly.",I guess he must have weighed some 90 kilos.,adverb,/sɐm/,
somebody,কেউ,"A recognised or important person, a celebrity.",I'm tired of being a nobody – I want to be a somebody.,noun,/ˈsʌmbədɪ/,
somehow,কোনোভাবে,In one way or another; in a way not yet known or explained; by some means,This problem has to be tackled somehow.,adverb,/ˈsʌmhaʊ/,
something,কিছু,An object whose nature is yet to be defined.,,noun,/ˈsamθɪŋ/,
sometimes,কখনও কখনও,Former; sometime.,,adjective,/ˈsʌmtaɪmz/,
somewhat,কিছুটা,"More or less; a certain quantity or degree; a part, more or less; something.",,noun,/ˈsʌmwɒt/,
somewhere,কোথাও,Unspecified or unknown (unlocated) place or location.,,noun,/ˈsʌm.hweːɹ/,
son,পুত্র,One's male offspring.,"Before the birth of the man's child, he said: ""I want a son, not a daughter.""",noun,/sɒn/,
song,গান,"A musical composition with lyrics for voice or voices, performed by singing.",Thomas listened to his favorite song on the radio yesterday.,noun,/sɒŋ/,
soon,শীঘ্রই,Short in length of time from the present.,I need the soonest date you have available.,adjective,/suːn/,
sore,কালশিটে,"An injured, infected, inflamed or diseased patch of skin.",They put ointment and a bandage on the sore.,noun,/sɔː/,
sorry,দুঃখিত,The act of saying sorry; an apology.,,noun,/ˈsɔɹi/,
sort,সাজান,A general type.,,noun,,
soul,আত্মা,The spirit or essence of a person usually thought to consist of one's thoughts and personality. Often believed to live on after the person's death.,,noun,/səʊl/,
sound,শব্দ,Healthy.,He was safe and sound.,adjective,/saʊnd/,
soup,স্যুপ,"Any of various dishes commonly made by combining liquids, such as water or stock with other ingredients, such as meat and vegetables, that contribute flavor and texture.",Pho is a traditional Vietnamese soup.,noun,/suːp/,
sour,টক,The sensation of a sour taste.,,noun,/ˈsaʊə/,
source,উৎস,"The person, place or thing from which something (information, goods, etc.) comes or is acquired.",The accused refused to reveal the source of the illegal drugs she was selling.,noun,/sɔːs/,
south,দক্ষিণ,"One of the four major compass points, specifically 180°, directed toward the South Pole, and conventionally downwards on a map, abbreviated as S.",,noun,/sæoθ/,
southern,দক্ষিণ,"Someone from one of the states which seceded in 1861 and briefly formed the Confederate States of America, or, more broadly, from some neighboring states as well (but excluding geographically-southerly states like Arizona); compare the South.",,noun,/ˈsʌðɚn/,
space,স্থান,(heading) Of time.,,noun,/speɪs/,
spare,অতিরিক্ত,The act of sparing; moderation; restraint.,,noun,/ˈspɛə(ɹ)/,
speak,কথা বলা,"A low class bar, a speakeasy.",,noun,/spiːk/,
speaker,স্পিকার,One who speaks.,,noun,/ˈspiːkə/,
special,বিশেষ,A reduction in consumer cost (usually for a limited time) for items or services rendered.,We're running a special on turkey for Thanksgiving.,noun,/ˈspɛ.ʃəl/,
specialist,বিশেষজ্ঞ,"Someone who is an expert in, or devoted to, some specific branch of study or research.",,noun,/ˈspɛʃəlɪst/,
specially,বিশেষভাবে,"For a special purpose, person, or occasion.",We had this cake made specially for your birthday.,adverb,/ˈspɛʃəli/,
species,প্রজাতি,Type or kind. (Compare race.),the male species,noun,/ˈspiːsiːz/,
specific,নির্দিষ্ট,A distinguishing attribute or quality.,,noun,/spəˈsɪf.ɪk/,
specifically,বিশেষভাবে,"In a specific manner, applying to or naming a particular thing or things, expressly, explicitly",,adverb,/spəˈsɪf.ɪk.li/,
speech,বক্তৃতা,The faculty of uttering articulate sounds or words; the ability to speak or to use vocalizations to communicate.,It was hard to hear the sounds of his speech over the noise. He had a bad speech impediment.,noun,/ˈspiːtʃ/,
speed,গতি,The state of moving quickly or the capacity for rapid motion; rapidity.,How does Usain Bolt run at that speed?,noun,/spiːd/,
speed up,গতি বাড়ান,To accelerate; to increase speed.,The car sped up as it went around the corner.,verb,,
spell,বানান,Words or a formula supposed to have magical powers.,He cast a spell to cure warts.,noun,/spɛl/,
spelling,বানান,To put under the influence of a spell; to affect by a spell; to bewitch; to fascinate; to charm.,,verb,/ˈspɛlɪŋ/,
spend,ব্যয়,Amount of money spent (during a period); expenditure.,"I’m sorry, boss, but the advertising spend exceeded the budget again this month.",noun,/spɛnd/,
spice,মশলা,Aromatic or pungent plant matter (usually dried) used to season or flavour food.,,noun,/spaɪs/,
spicy,মশলাদার,"Of, pertaining to, or containing spice.",He prepared a spicy casserole.,adjective,,
spider,মাকড়সা,"Any of various eight-legged, predatory arthropods, of the order Araneae, most of which spin webs to catch prey.",,noun,,
spill,ছড়ানো,A mess of something that has been dropped.,,noun,/spɪl/,
spin,স্পিন,Rapid circular motion.,He put some spin on the cue ball.,noun,/spɪn/,
spirit,আত্মা,The soul of a person or other creature. What moves through experience into self-definition as souls purpose.,,noun,/ˈspɪɹɪt/,
spiritual,আধ্যাত্মিক,"A Christian religious song, especially one in an African-American style, or a similar non-religious song.",,noun,/ˈspɪɹɪtjʊəl/,
spite,সত্ত্বেও,"Ill will or hatred toward another, accompanied with the desire to irritate, annoy, or thwart; a want to disturb or put out another; mild malice","He was so filled with spite for his ex-wife, he could not hold down a job.",noun,/spaɪt/,
split,বিভক্ত,A crack or longitudinal fissure.,,noun,/splɪt/,
split up,বিভক্ত করা,,,,,
spoil,লুণ্ঠন,(Also in plural: spoils) Plunder taken from an enemy or victim.,,noun,/spɔɪl/,
spoken,কথ্য,"To communicate with one's voice, to say words out loud.",I was so surprised I couldn't speak.,verb,/ˈspoʊkən/,
spoon,চামচ,"An implement for eating or serving; a scooped utensil whose long handle is straight, in contrast to a ladle.",,noun,/spuːn/,
sport,খেলাধুলা,Any activity that uses physical exertion or skills competitively under a set of rules that is not based on aesthetics.,,noun,/spɔːt/,
spot,স্পট,"A round or irregular patch on the surface of a thing having a different color, texture etc. and generally round in shape.",The leopard is noted for the spots of color in its fur.,noun,/spɒt/,
spray,স্প্রে,"A fine, gentle, dispersed mist of liquid.",The sailor could feel the spray from the waves.,noun,/spɹeɪ/,
spread,ছড়িয়ে পড়া,The act of spreading.,,noun,/spɹɛd/,
spring,বসন্ত,"To weaken, as a joint, ligament, or muscle, by sudden and excessive exertion, as by wrenching; to overstrain, or stretch injuriously, but without luxation",to sprain one's ankle,verb,/spɹɪŋ/,
square,বর্গক্ষেত্র,A polygon with four sides of equal length and four right angles; an equilateral rectangle; a regular quadrilateral.,,noun,,
squeeze,চাপা,A close or tight fit.,,noun,/skwiːz/,
stable,স্থিতিশীল,"A building, wing or dependency set apart and adapted for lodging and feeding (and training) animals with hoofs, especially horses.",There were stalls for fourteen horses in the squire's stables.,noun,/ˈsteɪ.bəɫ/,
staff,কর্মী,"(plural staffs or staves) A long, straight, thick wooden rod or stick, especially one used to assist in walking.",,noun,/ˈstæf/,
stage,মঞ্চ,A phase.,Completion of an identifiable stage of maintenance such as removing an aircraft engine for repair or storage.,noun,/steɪd͡ʒ/,
stair,সিঁড়ি,A single step in a staircase.,,noun,/stɛə/,
stamp,স্ট্যাম্প,"An act of stamping the foot, paw or hoof.",The horse gave two quick stamps and rose up on its hind legs.,noun,/stæmp/,
stand,দাঁড়ানো,The act of standing.,,noun,/stænd/,
stand up,দাঁড়ানো,To rise from a lying or sitting position.,"Stand up, then sit down again.",verb,,
standard,মান,A principle or example or measure used for comparison.,,noun,/ˈstændəd/,
star,তারকা,"Any small luminous dot appearing in the cloudless portion of the night sky, especially with a fixed location relative to other such dots.",,noun,/stɑː(ɹ)/,
stare,তাকান,A persistent gaze.,the stares of astonished passers-by,noun,/stɛə(ɹ)/,
start,শুরু,The beginning of an activity.,The movie was entertaining from start to finish.,noun,/stɑːt/,
start up,শুরু,To rise suddenly.,He started up when he heard the scream.,verb,,
state,রাষ্ট্র,A condition; a set of circumstances applying at any given time.,,noun,/steɪt/,
statement,বিবৃতি,A declaration or remark.,,noun,/ˈsteɪtm(ə)nt/,
station,স্টেশন,A stopping place.,,noun,/ˈsteɪʃən/,
statue,মূর্তি,"A three-dimensional work of art, usually representing a person or animal, usually created by sculpting, carving, molding, or casting.",,noun,/ˈstæt.juː/,
status,অবস্থা,"A person’s condition, position or standing relative to that of others.",Superstition is highly correlated with economic status.,noun,/ˈstæt.əs/,
stay,থাকা,Continuance or a period of time spent in a place; abode for an indefinite time; sojourn.,I hope you enjoyed your stay in Hawaii.,noun,/steɪ/,
steady,স্থির,"A rest or support, as for the hand, a tool, or a piece of work.",,noun,/ˈstɛdi/,
steal,চুরি,The act of stealing.,,noun,/stiːl/,
steam,বাষ্প,The vapor formed when water changes from liquid phase to gas phase.,,noun,/stiːm/,
steel,ইস্পাত,"An artificial metal produced from iron, harder and more elastic than elemental iron; used figuratively as a symbol of hardness.",,noun,/stiːl/,
steep,খাড়া,The steep side of a mountain etc.; a slope or acclivity.,,noun,/stiːp/,
steer,বাহা,A suggestion about a course of action.,,noun,/stɪə(ɹ)/,
step,পদক্ষেপ,An advance or movement made from one foot to the other; a pace.,,noun,/stɛp/,
stick,লাঠি,"An elongated piece of wood or similar material, typically put to some use, for example as a wand or baton.",,noun,/stɪk/,
stick out,লেগে থাকা,To protrude; to extend beyond.,He stuck out his tongue at me.,verb,,
stick together,একসাথে লেগে থাকা,(of two or objects) To physically combine by adhesion.,,verb,,
sticky,আঠালো,"A sticky note, such as a post-it note.",Her desk is covered with yellow stickies.,noun,/ˈstɪki/,
stiff,কড়া,"An average person, usually male, of no particular distinction, skill, or education, often a working stiff or lucky stiff.","A Working Stiff's Manifesto: A Memoir of Thirty Jobs I Quit, Nine That Fired Me, and Three I Can't Remember was published in 2003.",noun,/stɪf/,
still,এখনও,A period of calm or silence.,the still of the night,noun,/stɪl/,
sting,স্টিং,A bump left on the skin after having been stung.,,noun,/stɪŋ/,
stir,নাড়া,The act or result of stirring (moving around the particles of a liquid etc.),Can you give the soup a little stir?,noun,/stɜː/,
stock,স্টক,A store or supply.,,noun,/stɒk/,
stomach,পেট,An organ in animals that stores food in the process of digestion.,,noun,/ˈstʌmək/,
stone,পাথর,A hard earthen substance that can form large rocks.,,noun,/stɐʉn/,
stop,থামা,"A (usually marked) place where buses, trams or trains halt to let passengers get on and off, usually smaller than a station.",They agreed to meet at the bus stop.,noun,/stɒp/,
store,দোকান,A place where items may be accumulated or routinely kept.,This building used to be a store for old tires.,noun,/stɔː/,
storm,ঝড়,"Any disturbed state of the atmosphere, especially as affecting the earth's surface, and strongly implying destructive or unpleasant weather.",,noun,/stɔːm/,
story,গল্প,"A sequence of real or fictional events; or, an account of such a sequence.",The book tells the story of two roommates.,noun,/ˈstɔː.ɹi/,
stove,চুলা,"A heater, a closed apparatus to burn fuel for the warming of a room.",,noun,/stəʊv/,
straight,সোজা,Something that is not crooked or bent such as a part of a road or track.,,noun,/stɹeɪt/,
strain,স্ট্রেন,Treasure.,,noun,/stɹeɪ̯n/,
strange,অদ্ভুত,Vagina,,noun,/ˈstɹeɪnd͡ʒ/,
strangely,অদ্ভুতভাবে,In a strange or coincidental manner.,,adverb,/ˈstɹeɪndʒli/,
stranger,অপরিচিত,"Not normal; odd, unusual, surprising, out of the ordinary.",He thought it strange that his girlfriend wore shorts in the winter.,adjective,/ˈstɹeɪndʒə/,
strategy,কৌশল,The science and art of military command as applied to the overall planning and conduct of warfare.,,noun,/ˈstɹætədʒi/,
stream,প্রবাহ,A small river; a large creek; a body of moving water confined by banks.,,noun,/stɹiːm/,
street,রাস্তা,"A paved part of road, usually in a village or a town.",Walk down the street until you see a hotel on the right.,noun,/stɹiːt/,
strength,শক্তি,The quality or degree of being strong.,It requires great strength to lift heavy objects.,noun,/stɹɛŋkθ/,
stress,চাপ,(Cause of) discomfort.,,noun,/stɹɛs/,
stressed,জোর,To apply force to (a body or structure) causing strain.,,verb,/stɹɛst/,
stretch,প্রসারিত,An act of stretching.,I was right in the middle of a stretch when the phone rang.,noun,/stɹɛtʃ/,
strict,কঠোর,Strained; drawn close; tight.,strict embrace,adjective,/stɹɪkt/,
strictly,কঠোরভাবে,In a strict manner.,He adhered strictly to the diet his doctor prescribed.,adverb,/ˈstɹɪktli/,
strike,ধর্মঘট,"A status resulting from a batter swinging and missing a pitch, or not swinging at a pitch when the ball goes in the strike zone, or hitting a foul ball that is not caught.",,noun,/stɹaɪk/,
striking,স্ট্রাইকিং,(sometimes with out or through) To delete or cross out; to scratch or eliminate.,Please strike the last sentence.,verb,/ˈstɹaɪkɪŋ/,
string,স্ট্রিং,"A building, wing or dependency set apart and adapted for lodging and feeding (and training) animals with hoofs, especially horses.",There were stalls for fourteen horses in the squire's stables.,noun,/stɹɪŋ/,
strip,ফালা,"A long, thin piece of land; any long, thin area.",The countries were in dispute over the ownership of a strip of desert about 100 metres wide.,noun,/stɹɪp/,
stripe,ডোরাকাটা,"A long, relatively straight region of a single colour.",zebra stripes,noun,/st(ʃ)ɹʌɪp/,
striped,ডোরাকাটা,To mark with stripes.,,verb,/stɹaɪpt/,
stroke,স্ট্রোক,An act of stroking (moving one's hand over a surface).,She gave the cat a stroke.,noun,,
strong,শক্তিশালী,Capable of producing great physical force.,a big strong man; Jake was tall and strong,adjective,/stɹɑŋ/,
structure,গঠন,A cohesive whole built up of distinct parts.,The birds had built an amazing structure out of sticks and various discarded items.,noun,/ˈstɹʌktʃə(ɹ)/,
struggle,সংগ্রাম,A contortion of the body in an attempt to escape or to perform a difficult task.,,noun,/ˈstrʌɡəl/,
student,ছাত্র,A person who studies or learns about a particular subject.,He is a student of life.,noun,/ˈstjuː.dənt/,
studio,স্টুডিও,An artist’s or photographer’s workshop or the room in which an artist works.,His studio was cramped when he began as an artist.,noun,/ˈstjuːdiəʊ/,
study,অধ্যয়ন,"(usually academic) To review materials already learned in order to make sure one does not forget them, usually in preparation for an examination.",I need to study my biology notes.,verb,/ˈstʌdi/,
stuff,জিনিসপত্র,Miscellaneous items or objects; (with possessive) personal effects.,What is all that stuff on your bedroom floor?  He didn't want his pockets to bulge so he was walking around with all his stuff in his hands.,noun,/stʌf/,
stupid,বোকা,A stupid person; a fool.,,noun,/ˈstjuːpɪd/,
style,শৈলী,"Senses relating to a thin, pointed object.",,noun,/staɪl/,
subject,বিষয়,Likely to be affected by or to experience something.,He's subject to sneezing fits.,adjective,/ˈsʌb.dʒɪkt/,
substance,পদার্থ,Physical matter; material.,,noun,/ˈsʌbstəns/,
substantial,যথেষ্ট,Anything having substance; an essential part.,,noun,/səbˈstænʃəl/,
substantially,উল্লেখযোগ্যভাবে,In a strong substantial manner; considerably.,,adverb,,
substitute,বিকল্প,A replacement or stand-in for something that achieves a similar result or purpose.,,noun,/ˈsʌbstɪtjut/,
succeed,সফল,"To follow in order; to come next after; hence, to take the place of.",Autumn succeeds summer.,verb,/səkˈsiːd/,
success,সাফল্য,The achievement of one's aim or goal.,His third attempt to pass the entrance exam was a success.,noun,/səkˈsɛs/,
successful,সফল,"Resulting in success; assuring, or promoting, success; accomplishing what was proposed; having the desired effect",a successful use of medicine;  a successful experiment;  a successful enterprise,adjective,/səkˈsɛsfl̩/,
such,যেমন,Something being indicated that is similar to something else.,,noun,/sʌt͡ʃ/,
suck,চুষা,An instance of drawing something into one's mouth by inhaling.,,noun,/sʌk/,
sudden,হঠাৎ,An unexpected occurrence; a surprise.,,noun,/ˈsʌdən/,
suddenly,হঠাৎ,Happening quickly and with little or no warning; in a sudden manner.,"Suddenly, the heavens opened and we all got drenched.",adverb,/ˈsʌdn̩li/,
suffer,ভোগা,To undergo hardship.,Is anyone here afraid of suffering hardship?,verb,/ˈsʌfə/,
suffering,কষ্ট,To undergo hardship.,Is anyone here afraid of suffering hardship?,verb,/ˈsʌfəɹɪŋ/,
sufficient,যথেষ্ট,Equal to the end proposed; adequate to what is needed; enough,There is not sufficient access to the internet in many small rural villages.,adjective,/səˈfɪʃənt/,
sugar,চিনি,"Sucrose in the form of small crystals, obtained from sugar cane or sugar beet and used to sweeten food and drink.",,noun,/ˈʃʊɡə(ɹ)/,
suggest,পরামর্শ,To imply but stop short of saying explicitly.,Are you suggesting that I killed my wife?,verb,/səˈdʒɛst/,
suggestion,পরামর্শ,Something suggested (with subsequent adposition being for),I have a small suggestion for fixing this: try lifting the left side up a bit.,noun,/səˈd͡ʒɛstjən/,
suit,স্যুট,"A set of clothes to be worn together, now especially a man's matching jacket and trousers (also business suit or lounge suit), or a similar outfit for a woman.",Nick hired a navy-blue suit for the wedding.,noun,/s(j)uːt/,
suitable,উপযুক্ত,Having sufficient or the required properties for a certain purpose or task; appropriate to a certain occasion.,,adjective,/ˈsuːtəbl/,
sum,যোগফল,A quantity obtained by addition or aggregation.,The sum of 3 and 4 is 7.,noun,/sʌm/,
summary,সারাংশ,An abstract or a condensed presentation of the substance of a body of material.,,noun,/ˈsʌməɹi/,
summer,গ্রীষ্ম,"One of four seasons, traditionally the second, marked by the longest and typically hottest days of the year due to the inclination of the Earth and thermal lag. Typically regarded as being from June 21 to September 22 or 23 in parts of the USA, the months of June, July and August in the United Kingdom and the months of December, January and February in the Southern Hemisphere.",the heat of summer,noun,/ˈsʌmə(ɹ)/,
sun,সূর্য,"A star, especially when seen as the centre of any single solar system.",,noun,/sʌn/,
superior,উচ্চতর,A person of higher rank or quality.,,noun,/suːˈpɪəɹi.ə(ɹ)/,
supermarket,সুপারমার্কেট,"A large self-service store that sells groceries and, usually, medications, household goods and/or clothing.",I went to the supermarket to buy some food.,noun,/ˌsuːpəˈmɑːkɪt/,
supply,সরবরাহ,The act of supplying.,supply and demand,noun,/səˈplaɪ/,
support,সমর্থন,(sometimes attributive) Something which supports.,Don't move that beam! It's a support for the whole platform.,noun,/səˈpɔːt/,
supporter,সমর্থক,A person who gives support to someone or something.,,noun,,
suppose,ধরুন,"To take for granted; to conclude, with less than absolute supporting data; to believe.",Suppose that A implies B and B implies C. Then A implies C.,verb,/səˈpəʊz/,
sure,নিশ্চিত,"Physically secure and certain, non-failing, reliable.",This investment is a sure thing.   The bailiff had a sure grip on the prisoner's arm.,adjective,/ʃoː/,
surely,অবশ্যই,Without fail.,slowly but surely,adverb,/ˈʃɔːli/,
surface,পৃষ্ঠ,"The overside or up-side of a flat object such as a table, or of a liquid.",,noun,/ˈsɜːfɪs/,
surgery,অস্ত্রোপচার,"A procedure involving major incisions to remove, repair, or replace a part of a body.",Many times surgery is necessary to prevent cancer from spreading.,noun,/ˈsɜːdʒəɹi/,
surprise,আশ্চর্য,Something unexpected.,It was a surprise to find out I owed twice as much as I thought I did.,noun,/səˈpɹaɪz/,
surprised,বিস্মিত,To cause (someone) to feel unusually alarmed or delighted by something unexpected.,It surprises me that I owe twice as much as I thought I did.,verb,/səˈpɹaɪzd/,
surprising,আশ্চর্যজনক,To cause (someone) to feel unusually alarmed or delighted by something unexpected.,It surprises me that I owe twice as much as I thought I did.,verb,/səˈpɹaɪzɪŋ/,
surround,ঘিরে,"Anything, such as a fence or border, that surrounds something.",,noun,/səˈɹaʊnd/,
surrounding,পার্শ্ববর্তী,To encircle something or simultaneously extend in all directions.,,verb,/səˈɹaʊndɪŋ/,
surroundings,পারিপার্শ্বিক,An outlying area; area in proximity to something,,noun,/səˈɹaʊndɪŋz/,
survey,জরিপ,The act of surveying; a general view.,,noun,,
survive,বেঁচে থাকা,"Of a person, to continue to live; to remain alive.",,verb,/səˈvʌɪv/,
suspect,সন্দেহ,"A person who is suspected of something, in particular of committing a crime.",,noun,/ˈsʌs.pɛkt/,
suspect,সন্দেহ,"A person who is suspected of something, in particular of committing a crime.",,noun,/ˈsʌs.pɛkt/,
suspicion,সন্দেহ,"The act of suspecting something or someone, especially of something wrong.",,noun,/sə.ˈspɪ.ʃən/,
suspicious,সন্দেহজনক,Arousing suspicion.,His suspicious behaviour brought him to the attention of the police.,adjective,/səˈspɪ.ʃəs/,
swallow,গিলে ফেলা,A deep chasm or abyss in the earth.,,noun,/ˈswɒləʊ/,
swear,শপথ,"To take an oath, to promise.",,verb,/swɛə/,
sweat,ঘাম,Fluid that exits the body through pores in the skin usually due to physical stress and/or high temperature for the purpose of regulating body temperature and removing certain compounds from the circulation.,,noun,/swɛt/,
sweater,সোয়েটার,"A knitted jacket or jersey, usually of thick wool, worn by athletes before or after exercise.",,noun,/ˈswetə/,
sweep,ঝাড়ু দেওয়া,A single action of sweeping.,Give the front steps a quick sweep to get rid of those fallen leaves.,noun,/swiːp/,
sweet,মিষ্টি,The basic taste sensation induced by sugar.,,noun,/swiːt/,
swell,ফুলে যাওয়া,"To become bigger, especially due to being engorged.",,verb,/swɛl/,
swelling,ফোলা,"To become bigger, especially due to being engorged.",,verb,/ˈswɛl.ɪŋ/,
swim,সাঁতার কাটা,An act or instance of swimming.,I'm going for a swim.,noun,/swɪm/,
swimming,সাঁতার,The act or art of sustaining and propelling the body in water.,,noun,/ˈswɪmɪŋ/,
swimming pool,সুইমিং পুল,"A pool of water used for swimming, usually one which has been artificially constructed.",,noun,/ˈswɪmɪŋ ˌpuːl/,
swing,সুইং,The manner in which something is swung.,Door swing indicates direction the door opens.,noun,/ˈswɪŋ/,
switch,সুইচ,"A bundle of thin sticks, typically made of wood, sometimes bond in such a way that binding can be moved so that it varies the tightness of the binding.",,noun,/swɪtʃ/,
swollen,ফোলা,"To become bigger, especially due to being engorged.",,verb,/ˈswəʊlən/,
symbol,প্রতীক,"A character or glyph representing an idea, concept or object.",$ is the symbol for dollars in the US and some other countries.,noun,/ˈsɪmbəl/,
sympathetic,সহানুভূতিশীল,"Of, related to, showing, or characterized by sympathy",John looked very upset. I gave him a sympathetic look.,adjective,/ˌsɪmpəˈθɛtɪk/,
sympathy,সহানুভূতি,A feeling of pity or sorrow for the suffering or distress of another; compassion.,,noun,/ˈsɪmpəθi/,
system,সিস্টেম,A collection of organized things; a whole composed of relationships among its members.,There are eight planets in the solar system.,noun,,
table,টেবিল,Furniture with a top surface to accommodate a variety of uses.,,noun,,
tablet,ট্যাবলেট,A slab of clay used for inscription.,,noun,/ˈtæblət/,
tackle,মোকাবেলা,"A device for grasping an object and an attached means of moving it, as a rope and hook.",,noun,/ˈtækəl/,
tail,লেজ,The caudal appendage of an animal that is attached to its posterior and near the anus.,Most primates have a tail and fangs.,noun,/teɪl/,
take,নিতে,The or an act of taking.,,noun,/teɪk/,
tale,গল্প,"An account of an asserted fact or circumstance; a rumour; a report, especially an idle or malicious story; a piece of gossip or slander; a lie.",Don't tell tales!,noun,/ˈteɪl/,
talent,প্রতিভা,A marked natural ability or skill.,He has a real talent for drawing.,noun,/ˈtalənt/,
talk,কথা,"To communicate, usually by means of speech.",Although I don't speak Chinese I managed to talk with the villagers using signs and gestures.,verb,/toːk/,
tall,লম্বা,(possibly nonstandard) Someone or something that is tall.,,noun,/tɔːl/,
tank,ট্যাঙ্ক,A closed container for liquids or gases.,,noun,/tæŋk/,
tap,টোকা,A tapering cylindrical pin or peg used to stop the vent in a cask.,,noun,/tæp/,
tape,টেপ,Flexible material in a roll with a sticky surface on one or both sides; adhesive tape.,Hand me some tape. I need to fix a tear in this paper.,noun,/teɪ̯p/,
target,লক্ষ্য,"A butt or mark to shoot at, as for practice, or to test the accuracy of a firearm, or the force of a projectile.",Take careful aim at the target.,noun,,
task,টাস্ক,A piece of work done as part of one’s duties.,,noun,/tɑːsk/,
taste,স্বাদ,One of the sensations produced by the tongue in response to certain chemicals; the quality of giving this sensation.,He had a strange taste in his mouth.,noun,/teɪst/,
tax,ট্যাক্স,Money paid to the government other than for transaction-specific goods and services.,,noun,/tæks/,
taxi,ট্যাক্সি,"A vehicle that may be hired for single journeys by members of the public, driven by a taxi driver.",,noun,/ˈtæk.si/,
tea,চা,"A drug smoked or ingested for euphoric effect, cannabis.","After smoking a bowl of that fine marijuana, they ate some brownies.",noun,,
teach,শেখান,"To show (someone) the way; to guide, conduct; to point, indicate.","‘The bliss is there’, mumbled the old man and taught to Heaven.",verb,/tiːt͡ʃ/,
teacher,শিক্ষক,"A person who teaches, especially one employed in a school.",,noun,/ˈtiːt͡ʃə/,
teaching,শিক্ষাদান,Something taught by a religious or philosophical authority.,Many follow the teachings of Confucius.,noun,/ˈtiːtʃɪŋ/,
team,দল,"A set of draught animals, such as two horses in front of a carriage.",,noun,/tiːm/,
tear 1,টিয়ার 1,,,,,
tear 2,টিয়ার 2,,,,,
technical,প্রযুক্তিগত,A pickup truck with a gun mounted on it.,,noun,/ˈtɛk.nɪk.əl/,
technique,কৌশল,"The practical aspects of a given art, occupation etc.; formal requirements.",,noun,/tɛkˈniːk/,
technology,প্রযুক্তি,The organization of knowledge for practical purposes.,,noun,/tɛkˈnɒlədʒi/,
telephone,টেলিফোন,"A telecommunication device (originally mechanical, and now electronic) used for two-way talking with another person (now often shortened to phone).",,noun,/ˈtɛləfəʊn/,
television,টেলিভিশন,"An electronic communication medium that allows the transmission of real-time visual images, and often sound.",It’s a good thing that television doesn’t transmit smell.,noun,/ˈtɛləˌvɪʒən/,
tell,বল,"A reflexive, often habitual behavior, especially one occurring in a context that often features attempts at deception by persons under psychological stress (such as a poker game or police interrogation), that reveals information that the person exhibiting the behavior is attempting to withhold.",,noun,/tɛl/,
tell off,বন্ধ বল,"To rebuke, to reprimand, or to admonish, often in a harsh, angry, direct way.",Joel's boss told him off for being late again.,verb,,
temperature,তাপমাত্রা,"A measure of cold or heat, often measurable with a thermometer.",The temperature in the room dropped nearly 20 degrees; it went from hot to cold.,noun,/ˈtɛmp(ə)ɹətʃə(ɹ)/,
temporary,অস্থায়ী,One serving for a limited time; short-term employee.,,noun,/ˈtɛmpəɹi/,
tend,ঝোঁক,(Old English law) To make a tender of; to offer or tender.,,verb,/tɛnd/,
tendency,প্রবণতা,A likelihood of behaving in a particular way or going in a particular direction; a tending toward.,Denim has a tendency to fade.,noun,/ˈtɛndənsi/,
tension,উত্তেজনা,"The condition of being held in a state between two or more forces, which are acting in opposition to each other.",,noun,/ˈtɛnʃən/,
tent,তাঁবু,"A pavilion or portable lodge consisting of skins, canvas, or some strong cloth, stretched and sustained by poles, used for sheltering people from the weather.",We were camping in a three-man tent.,noun,/tɛnt/,
term,মেয়াদ,"That which limits the extent of anything; limit, extremity, bound, boundary.","""Alright, look...we can spend the holidays with your parents, but this time it will be on my terms.""",noun,/tɜːm/,
terrible,ভয়ানক,"Dreadful; causing terror, alarm and fear; awesome",The witch gave him a terrible curse.,adjective,/ˈtɛ.ɹə.bl̩/,
terribly,ভয়ঙ্করভাবে,So as to cause terror or awe.,The lion roared terribly.,adverb,/ˈtɛɹ.ɪ.bli/,
territory,অঞ্চল,"A large extent or tract of land; for example a region, country or district.",,noun,/ˈtɛɹɪt(ə)ɹi/,
terror,সন্ত্রাস,"Intense dread, fright, or fear.",,noun,/ˈtɛɹə/,
terrorism,সন্ত্রাসবাদ,The deliberate commission of an act of violence to create public fear through the suffering of the victims in the furtherance of a political or social agenda.,,noun,/ˈtɛɹəɹɪzəm/,
terrorist,সন্ত্রাসী,"A person, group, or organization that uses violent action, or the threat of violent action, to further political goals.",,noun,/ˈtɛɹəɹɪst/,
test,পরীক্ষা,"A challenge, trial.",,noun,/test/,
text,পাঠ্য,"A writing consisting of multiple glyphs, characters, symbols or sentences.",,noun,/tɛkst/,
than,চেয়ে,At that time; then.,,adverb,,
thank,ধন্যবাদ,An expression of appreciation; a thought.,,noun,[θaŋk],
thank you,ধন্যবাদ,An expression of gratitude or politeness in response to something done or given.,“Thank you!” said the girl after her mom gave her a gift.,interjection,,
thanks,ধন্যবাদ,An expression of appreciation; a thought.,,noun,/θæŋks/,
that,যে,Something being indicated that is there; one of those.,,noun,/ˈðæt/,
the,দ,"With a comparative or with more and a verb phrase, establishes a correlation with one or more other such comparatives.","It looks weaker and weaker, the more I think about it.",adverb,/ði/,
theater,থিয়েটার,"A place or building, consisting of a stage and seating, in which an audience gathers to watch plays, musical performances, public ceremonies, and so on.",,noun,/ˈθi(ə)tɚ/,
their,তাদের,,,,,
theirs,তাদের,"That which belongs to them; the possessive case of they, used without a following noun.",,pronoun,/ðɛəz/,
them,তাদের,(plural) Those ones.,,pronoun,,
theme,থিম,A subject of a talk or an artistic piece; a topic.,,noun,/θiːm/,
themselves,নিজেদের,"The reflexive case of they, the third-person plural personal pronoun. The group of people, animals or objects previously mentioned, as the object of a verb or following a preposition (also used for emphasis).",They are going to try climbing Mount Everest themselves.,pronoun,/ðəmˈsɛlvz/,
then,তারপর,"Used in comparisons, to introduce the basis of comparison.",she's taller than I am;  she found his advice more witty than helpful;  we have less work today than we had yesterday;  We had no choice than to return home,conjunction,/ðen/,
theory,তত্ত্ব,A description of an event or system that is considered to be accurate.,,noun,/ˈθiːəɹi/,
there,সেখানে,That place.,,noun,/ðeː(ɹ)/,
therefore,তাই,"For that or this purpose, referring to something previously stated.",,adverb,/ˈðɛəfɔː/,
they,তারা,"(the third-person plural) A group of people, animals, plants or objects previously mentioned.",Dogs may bark if they want to be fed.,pronoun,/ðeɪ/,
thick,পুরু,"The thickest, or most active or intense, part of something.",It was mayhem in the thick of battle.,noun,/θɪk/,
thickly,ঘন,In a thick manner.,,adverb,/ˈθɪkli/,
thickness,বেধ,The property of being thick (in dimension).,,noun,/ˈθɪknəs/,
thief,চোর,One who carries out a theft.,,noun,/θiːf/,
thin,পাতলা,"A loss or tearing of paper from the back of a stamp, although not sufficient to create a complete hole.",,noun,/ˈθɪn/,
thing,জিনিস,"That which is considered to exist as a separate entity, object, quality or concept.",,noun,/θɪŋ/,
think,মনে,An act of thinking; consideration (of something).,I'll have a think about that and let you know.,noun,/θɪŋk/,
thinking,চিন্তা,Thought; gerund of think.,What is your thinking on this subject?,noun,/ˈθɪŋkɪŋ/,
thirsty,তৃষ্ণার্ত,Needing to drink.,After all that work I am really thirsty.,adjective,/ˈθɜː(ɹ)st.i/,
this,এই,Something being indicated that is here; one of these.,,noun,/ðəs/,
thorough,পুঙ্খানুপুঙ্খভাবে,"A furrow between two ridges, to drain off the surface water.",,noun,/ˈθʌɹə/,
thoroughly,পুঙ্খানুপুঙ্খভাবে,In a thorough or complete manner.,He went out in the rain and came back thoroughly drenched.,adverb,/θʌ.ɹə.liː/,
though,যদিও,Despite that; however.,"I will do it, though.",adverb,/ðəʊ/,
thought,চিন্তা,"To ponder, to go over in one's head.","Idly, the detective thought what his next move should be.",verb,/θɔːt/,
thread,থ্রেড,"A long, thin and flexible form of material, generally with a round cross-section, used in sewing, weaving or in the construction of string.",,noun,[θɾ̪̊ɛd],
threat,হুমকি,An expression of intent to injure or punish another.,,noun,/θɹɛt/,
threaten,হুমকি,To make a threat against someone; to use threats.,He threatened me with a knife.,verb,/ˈθɹɛt.n̩/,
threatening,হুমকি,To make a threat against someone; to use threats.,He threatened me with a knife.,verb,/ˈθɹɛt.n̩.ɪŋ/,
throat,গলা,The front part of the neck.,The wild pitch bounced and hit the catcher in the throat.,noun,/ˈθɹəʊt/,
through,মাধ্যমে,A large slab of stone laid in a dry-stone wall from one side to the other; a perpend.,,noun,/θɹuː/,
throughout,সর্বত্র,"Completely through, right the way through.",,adverb,/θɹuˈʌʊt/,
throw,নিক্ষেপ,To change place.,,verb,,
thumb,থাম্ব,The short thick digit of the hand that for humans has the most mobility and can be made to oppose (moved to touch) all of the other fingers.,,noun,/θʌm/,
thus,এইভাবে,(manner) In this way or manner.,"If you throw the ball thus, as I’m showing you, you’ll have better luck hitting the target.",adverb,/ˈðʌs/,
ticket,টিকিট,"A pass entitling the holder to admission to a show, concert, etc.",,noun,/ˈtɪkɪt/,
tie,টাই,A knot; a fastening.,,noun,/taɪ/,
tight,টাইট,,,,,
tightly,শক্তভাবে,In a tight manner.,tightly clenched fingers,adverb,/ˈtaɪtli/,
till,পর্যন্ত,"Until; to, up to; as late as (a given time).",I have to work till eight o'clock tonight.,preposition,/tɪl/,
time,সময়,The inevitable progression into the future with the passing of present and past events.,Time stops for nobody.   the ebb and flow of time,noun,/tɑem/,
timetable,সময়সূচী,"A tabular schedule of events with the times at which they occur, especially times of arrivals and departures",The timetable has been changed several times since it was first announced.,noun,/ˈtaɪmˌteɪbəl/,
tin,টিন,"A malleable, ductile, metallic element, resistant to corrosion, with atomic number 50 and symbol Sn.",,noun,/tɪn/,
tiny,ক্ষুদ্র,A small child; an infant.,,noun,/ˈtaɪni/,
tip,টিপ,The tip of the external ear.,,noun,,
tire,টায়ার,To become sleepy or weary.,,verb,/ˈtʌɪ̯ɚ/,
tired,ক্লান্ত,To become sleepy or weary.,,verb,/taɪəd/,
tiring,ক্লান্তিকর,To become sleepy or weary.,,verb,,
title,শিরোনাম,"A prefix (honorific) or suffix (post-nominal) added to a person's name to signify either veneration, official position or a professional or academic qualification. See also",,noun,/ˈtaɪtl̩/,
to,থেকে,"Toward a closed, touching or engaging position.",Please push the door to.,adverb,/tʉː/,
today,আজ,A current day or date.,Today is the day we'll fix this once and for all.,noun,/təˈdeɪ/,
toe,পায়ের আঙ্গুল,Each of the five digits on the end of the foot.,,noun,,
together,একসাথে,Coherent; well organized.,He's really together.,adjective,/təˈɡɛð.ə(ɹ)/,
toilet,টয়লেট,"A covering of linen, silk, or tapestry, spread over a dressing table in a chamber or dressing room.",,noun,/ˈtɔɪ.lət/,
tomato,টমেটো,"A widely cultivated plant, Solanum lycopersicum, having edible fruit.",,noun,[tʰə̥ˈmɐːtʰɐʉ],
tomorrow,আগামীকাল,The day after the present day.,,noun,/təˈmɔɹoʊ/,
ton,টন,A unit of weight (mass) equal to 2240 pounds (a long ton) or 2000 pounds (a short ton) or 1000 kilograms (a metric ton).,,noun,/tʌn/,
tone,স্বর,A specific pitch.,,noun,/təʊn/,
tongue,জিহ্বা,"The flexible muscular organ in the mouth that is used to move food around, for tasting and that is moved into various positions to modify the flow of air from the lungs in order to produce different sounds in speech.",,noun,/tʌŋ/,
tonight,আজ রাতে,The nighttime of the current day or date; this night.,I have high hopes for tonight.,noun,/təˈnaɪt/,
too,খুব,(focus) Likewise.,,adverb,/tuː/,
tool,টুল,A mechanical device intended to make a task easier.,"Hand me that tool, would you?   I don't have the right tools to start fiddling around with the engine.",noun,/tuːl/,
tooth,দাঁত,"A hard, calcareous structure present in the mouth of many vertebrate animals, generally used for eating.",,noun,/tuːθ/,
top,শীর্ষ,The highest or uppermost part of something.,His kite got caught at the top of the tree.,noun,/tɒp/,
topic,বিষয়,Subject; theme; a category or general area of interest.,"A society where a topic cannot be discussed, does not have free speech.",noun,/ˈtɒpɪk/,
total,মোট,An amount obtained by the addition of smaller amounts.,A total of £145 was raised by the bring-and-buy stall.,noun,/ˈtəʊ.təl/,
totally,সম্পূর্ণরূপে,To the fullest extent or degree.,They've totally demolished the bank on Main Street.,adverb,/ˈtoʊt.əl.i/,
touch,স্পর্শ,,,,,
tough,কঠিন,A person who obtains things by force; a thug or bully.,They were doing fine until they encountered a bunch of toughs from the opposition.,noun,/tʌf/,
tour,সফর,"A journey through a particular building, estate, country, etc.",On our last holiday to Spain we took a tour of the wine-growing regions.,noun,/tɔː(ɹ)/,
tourist,পর্যটক,Someone who travels for pleasure rather than for business.,,noun,/ˈtʊəɹɪst/,
toward,দিকে,"Yielding, pliant; docile; ready or apt to learn; not froward.",,adjective,/tɘ.ˈwoːd/,
towel,তোয়ালে,"A cloth used for wiping, especially one used for drying anything wet, as a person after a bath.",,noun,/taʊl/,
tower,টাওয়ার,"A very tall iron-framed structure, usually painted red and white, on which microwave, radio, satellite, or other communication antennas are installed; mast.",,noun,/ˈtaʊ.ə(ɹ)/,
town,শহর,"A settlement; an area with residential districts, shops and amenities, and its own local government; especially one larger than a village and smaller than a city.",This town is really dangerous because these youngsters have Beretta handguns.,noun,/taʊn/,
toy,খেলনা,"Something to play with, especially as intended for use by a child.",A grown man does not play with a child’s toy.,noun,/tɔɪ/,
trace,ট্রেস,An act of tracing.,Your cell phone company can put a trace on your line.,noun,/tɹeɪs/,
track,ট্র্যাক,A mark left by something that has passed along.,Can you see any tracks in the snow?,noun,/tɹæk/,
trade,বাণিজ্য,Buying and selling of goods and services on a market.,,noun,/tɹeɪd/,
tradition,ঐতিহ্য,"A part of culture that is passed from person to person or generation to generation, possibly differing in detail from family to family, such as the way to celebrate holidays.",,noun,/tɹəˈdɪʃn̩/,
traditional,ঐতিহ্যগত,A person with traditional beliefs.,,noun,/tɹəˈdɪʃnəl/,
traffic,ট্রাফিক,"Pedestrians or vehicles on roads, or the flux or passage thereof.",The traffic is slow during rush hour.,noun,/ˈtɹæfɪk/,
train,ট্রেন,Elongated portion.,,noun,/tɹeɪn/,
training,প্রশিক্ষণ,To practice an ability.,She trained seven hours a day to prepare for the Olympics.,verb,/ˈtɹeɪnɪŋ/,
transfer,স্থানান্তর,"The act of conveying or removing something from one place, person or thing to another.",,noun,/ˈtɹænzfɜː/,
transform,রূপান্তর,An operation (often an integration) that converts one function into another.,,noun,/tɹænzˈfɔːm/,
transition,স্থানান্তর,"The process of change from one form, state, style or place to another.",,noun,/tɹænˈzɪʃən/,
translate,অনুবাদ,In Euclidean spaces: a set of points obtained by adding a given fixed vector to each point of a given set.,,noun,/ˈtɹɛnzlæet/,
translation,অনুবাদ,"The act of translating, in its various senses:",,noun,/tɹæns-/,
transparent,স্বচ্ছ,"(of a material or object) See-through, clear; having the property that light passes through it almost undisturbed, such that one can see through it clearly.",The waters of the lake were transparent until the factory dumped waste there.,adjective,/tɹæn(t)sˈpæɹənt/,
transport,পরিবহন,An act of transporting; conveyance.,The transport of goods is not included in the price given on the website.,noun,,
transportation,পরিবহন,"The act of transporting, or the state of being transported; conveyance, often of people, goods etc.",We have to get people out of their cars and encourage them to use alternative forms of transportation.,noun,/tɹænspɔːˈteɪʃən/,
trap,ফাঁদ,"A machine or other device designed to catch (and sometimes kill) animals, either by holding them in a container, or by catching hold of part of the body.",I put down some traps in my apartment to try and deal with the mouse problem.,noun,/tɹæp/,
trash,আবর্জনা,Useless things to be discarded; rubbish; refuse.,,noun,/tɹæʃ/,
travel,ভ্রমণ,The act of traveling; passage from place to place.,space travel,noun,/ˈtɹævəl/,
traveler,ভ্রমণকারী,"A member of a particular nomadic ethnic minority in Ireland, the Pavee.",,noun,/ˈtɹæv.l̩.ɚ/,
treat,চিকিত্সা,"An entertainment, outing, food, drink, or other indulgence provided by someone for the enjoyment of others.",Here are some healthy Halloween treats for ghouls and witches of all ages.,noun,/tɹiːt/,
treatment,চিকিত্সা,The process or manner of treating someone or something.,He still has nightmares resulting from the treatment he received from his captors.,noun,/ˈtɹiːtmənt/,
tree,গাছ,Fast growing function based on Kruskal's tree theorem.,,noun,/tɹiː/,
trend,প্রবণতা,An inclination in a particular direction.,the trend of a coastline,noun,/tɹɛnd/,
trial,বিচার,An opportunity to test something out; a test.,They will perform the trials for the new equipment next week.,noun,/ˈtɹaɪəl/,
triangle,ত্রিভুজ,A polygon with three sides and three angles.,,noun,/ˈtɹaɪəŋɡəl/,
trick,কৌশল,Something designed to fool or swindle.,It was just a trick to say that the house was underpriced.,noun,/tɹɪk/,
trip,ট্রিপ,A journey; an excursion or jaunt,We made a trip to the beach.,noun,/tɹɪp/,
troop,সৈন্যদল,(collective) A collection of people; a number; a multitude (in general).,,noun,/tɹuːp/,
tropical,গ্রীষ্মমন্ডলীয়,A tropical plant.,,noun,,
trouble,কষ্ট,A distressing or dangerous situation.,He was in trouble when the rain started.,noun,/ˈtɹʌb(ə)l/,
truck,ট্রাক,"A small wheel or roller, specifically the wheel of a gun carriage.",,noun,/tɹʌk/,
true,সত্য,The state of being in alignment.,,noun,/tɹuː/,
truly,সত্যিই,"(manner) In accordance with the facts; truthfully, accurately.",,adverb,/ˈtɹuːli/,
trust,বিশ্বাস,Confidence in or reliance on some person or quality.,He needs to regain her trust if he is ever going to win her back.,noun,/trʊst/,
truth,সত্য,"True facts, genuine depiction or statements of reality.",The truth is that our leaders knew a lot more than they were letting on.,noun,/tɹuːθ/,
try,চেষ্টা করুন,An attempt.,I gave unicycling a try but I couldn’t do it.,noun,/tɹaɪ/,
try out,চেষ্টা করুন,To test (something) to see how it works.,,verb,,
tube,নল,Anything that is hollow and cylindrical in shape.,,noun,/tjuːb/,
tune,সুর,A melody.,,noun,/tjuːn/,
tunnel,টানেল,An underground or underwater passage.,,noun,/ˈtʌn(ə)l/,
turn,পালা,(heading) to make a non-linear physical movement.,,verb,,
turn around,ঘুরে,,,,,
turn back,ফিরে যান,To reverse direction and retrace one's steps.,"Realising he had forgotten his briefcase, he turned back and re-entered the office.",verb,,
twice,দুইবার,Two times.,,adverb,/twaɪs/,
twin,যমজ,"Either of two people (or, less commonly, animals) who shared the same uterus at the same time; one who was born at the same birth as a sibling.",,noun,/twɪn/,
twist,মোচড়,A twisting force.,,noun,/twɪst/,
twisted,পাকানো,"To turn the ends of something, usually thread, rope etc., in opposite directions, often using force.",,verb,/ˈtwɪstɪd/,
type,প্রকার,A grouping based on shared characteristics; a class.,This type of plane can handle rough weather more easily than that type of plane.,noun,/taɪp/,
typical,সাধারণ,"Anything that is typical, normal, or standard.","Among the moths, typicals were more common than melanics.",noun,/ˈtɪpɪkl̩/,
typically,সাধারণত,In a typical or common manner.,,adverb,/ˈtɪp.ɪ.kl.i/,
ugly,কুৎসিত,Ugliness.,,noun,/ˈʌɡli/,
ultimate,চূড়ান্ত,The most basic or fundamental of a set of things,,noun,/ˈʌltɪmɪt/,
ultimately,শেষ পর্যন্ত,Indicating the last item.,"Firstly,… Secondly,… Ultimately,…",adverb,/ˈʌltɪmətli/,
umbrella,ছাতা,Cloth-covered frame used for protection against rain or sun.,"Quick, grab that umbrella before you get rained on!",noun,/ʌmˈbɹɛlə/,
unable,অক্ষম,Not able; lacking a certain ability.,Are you unable to mind your own business or something?,adjective,/ʌnˈeɪbəl/,
unacceptable,অগ্রহণযোগ্য,Something that is not acceptable.,,noun,/ˌʌn.æk.ˈsɛp.tə.bl̩/,
uncertain,অনিশ্চিত,"(with ""the"") Something uncertain.",,noun,/ʌnˈsɜːtən/,
uncle,চাচা,The brother or brother-in-law of one’s parent.,,noun,/ˈʌŋ.kəl/,
uncomfortable,অস্বস্তিকর,Not comfortable; causing discomfort.,The class squirmed and fidgeted in the uncomfortable new chairs.,adjective,/ʌnˈkʌm.fə.tə.bəl/,
unconscious,অচেতন,Unconscious mind,,noun,/ˌʌnˈkɒnʃəs/,
uncontrolled,অনিয়ন্ত্রিত,Not controlled; not under control.,,adjective,,
under,অধীন,Being lower; being beneath something.,,adjective,/ˈʊndə/,
underground,ভূগর্ভস্থ,"An underground railway, especially for mass transit of people in urban areas.",,noun,/ˈʌndəɡɹaʊnd/,
underneath,নিচে,The lower surface or part of something.,The underneath of the aircraft was painted blue.,noun,/ʌndəˈniθ/,
understand,বুঝতে,"To grasp a concept fully and thoroughly, especially (of words, statements, art, etc.) to be aware of the meaning of and (of people) to be aware of the intent of.",I'm sorry. I don't understand.,verb,/ˌɞndəɹˈstand/,
understanding,বোঝা,"To grasp a concept fully and thoroughly, especially (of words, statements, art, etc.) to be aware of the meaning of and (of people) to be aware of the intent of.",I'm sorry. I don't understand.,verb,/ʌndəˈstandɪŋ/,
underwater,পানির নিচে,"Underlying water or body of water, for example in an aquifer or the deep ocean",,noun,,
underwear,অন্তর্বাস,"Clothes worn next to the skin, underneath outer clothing.",,noun,/ˈʌndəwɛə/,
undo,পূর্বাবস্থা,An operation that reverses a previous action.,How many undos does this program support?,noun,/ʌnˈduː/,
unemployed,বেকার,Unemployed people.,The unemployed are a growing portion of the population.,noun,,
unemployment,বেকারত্ব,The state of having no job; joblessness.,Unemployment made Jack depressed.,noun,/ʌn.ɪmˈplɔɪ.mənt/,
unexpected,অপ্রত্যাশিত,"Not expected, anticipated or foreseen.",,adjective,/ʌnɪkˈspɛktɪd/,
unfair,অন্যায়,To make ugly,,verb,/ʌnˈfɛə(ɹ)/,
unfortunate,দুর্ভাগ্যজনক,An unlucky person; one who has fallen into bad circumstances.,,noun,/ʌnˈfɔːtjʊnət/,
unfortunately,দুর্ভাগ্যবশত,"Happening through bad luck, or because of some unfortunate event.",,adverb,/ʌnˈfɔːtjʊnətli/,
unfriendly,বন্ধুত্বহীন,An enemy.,,noun,/ʌnˈfɹɛn(d)li/,
unhappy,অসুখী,An individual who is not happy.,,noun,/ʌnˈhæpi/,
uniform,ইউনিফর্ম,A distinctive outfit that serves to identify members of a group.,,noun,/ˈjuːnɪfɔːm/,
unimportant,গুরুত্বহীন,Petty; not important or noteworthy,,adjective,,
union,ইউনিয়ন,The act of uniting or joining two or more things into one.,,noun,/ˈjuːnjən/,
unique,অনন্য,A thing without a like; something unequalled or unparallelled.,,noun,/juːˈniːk/,
unit,ইউনিট,"A particular, minute unit of mass, defined differently for different substances, but so that varying substances of the same general type have the property that one international unit of the one has the same effect on the human body as one international unit of the other.",,noun,/ˈjuː.nɪt/,
unite,একত্রিত,"A British gold coin worth 20 shillings, first produced during the reign of King James I, and bearing a legend indicating the king's intention of uniting the kingdoms of England and Scotland.",,noun,/juˈnaɪt/,
united,ঐক্যবদ্ধ,To bring together as one.,I hope this song can unite people from all different cultures.,verb,/juːˈnaɪtɪd/,
universal,সর্বজনীন,A characteristic or property that particular things have in common.,,noun,/ˌjuːnɪˈvɜːsl̩/,
universe,মহাবিশ্ব,"Our universe, the sum of everything that exists in the cosmos, including time and space itself.",Powerful telescopes look far back into the distant reaches of the Universe.,proper noun,/ˈjuːnɪˌvɜːs/,
university,বিশ্ববিদ্যালয়,"Institution of higher education (typically accepting students from the age of about 17 or 18, depending on country, but in some exceptional cases able to take younger students) where subjects are studied and researched in depth and degrees are offered.",The only reason why I haven't gone to university is because I can't afford it.,noun,/juːnɪˈvɜːsətiː/,
unkind,নির্দয়,"Lacking kindness, sympathy, benevolence, gratitude, or similar; cruel, harsh or unjust; ungrateful.",,adjective,/ʌnˈkaɪnd/,
unknown,অজানা,"To undo the process of knowing, to lose knowledge of something.",,verb,/ʌnˈnəʊn/,
unless,যদি না,Except on a specified condition; if not.,I’m leaving unless I get a pay rise (AmE: raise).,conjunction,/ənˈlɛs/,
unlike,অপছন্দ,Something that is not like something else; something different.,,noun,/ʌnˈlaɪk/,
unlikely,অসম্ভাব্য,Something or somebody considered unlikely.,,noun,/ʌnˈlaɪkli/,
unload,আনলোড,"To remove the load or cargo from (a vehicle, etc.).",to unload a ship; to unload a camel,verb,,
unlucky,দুর্ভাগ্য,"Unfortunate, marked by misfortune.",,adjective,/ʌnˈlʌki/,
unnecessary,অপ্রয়োজনীয়,Not needed or necessary.,The automatic child-frightener made clowns unnecessary.,adjective,,
unpleasant,অপ্রীতিকর,Not pleasant.,,adjective,/ʌnˈplezənt/,
unreasonable,অযৌক্তিক,Without the ability to reason; unreasoning.,,adjective,/ʌnˈɹiːz(ə)nəbl̩/,
unsteady,অস্থির,"To render unsteady, removing balance.",,verb,/ʌnˈstɛdi/,
unsuccessful,অসফল,"Failed, not successful.","His unsuccessful attempt earned him sympathy, condolences, and an occasional good-natured ribbing.",adjective,/ˌʌnsəkˈsɛsfl̩/,
until,পর্যন্ত,Up to the time of (something happening).,"If you can wait until after my meeting with her, we'll talk then.",preposition,/ənˈtɪl/,
unusual,অস্বাভাবিক,Something that is unusual; an anomaly.,,noun,/ʌnˈjuːʒuəl/,
unusually,অস্বাভাবিকভাবে,In an unusual manner.,,adverb,/ʌnˈjuːʒuəli/,
unwilling,অনিচ্ছুক,Not willing; reluctant,We are unwilling to restore his previous privileges after his betrayal of our trust.,adjective,/ʌnˈwɪlɪŋ/,
up,আপ,The direction opposed to the pull of gravity.,Up is a good way to go.,noun,/ap/,
upon,উপর,Being the target of an action.,He was set upon by the agitated dogs,adverb,/əˈpɒn/,
upper,উপরের,"A stimulant, such as amphetamine, that increases energy and decreases appetite.",,noun,/ˈʌpə/,
upset,মন খারাপ,Disturbance or disruption.,My late arrival caused the professor considerable upset.,noun,,
upside down,উল্টো,Inverted; turned so that the top is at the bottom.,The pattern resembled an upside down letter W.,adjective,/ˌʌpsaɪd ˈdaʊn/,
upstairs,উপরে,An upper storey.,,noun,/ˈʌpˌstɛəz/,
upward,উপরের দিকে,The upper part; the top.,,noun,/ˈʌpwəd/,
urban,শহুরে,Related to the (or any) city.,,adjective,/ˈɜːbən/,
urge,তাগিদ,A strong desire; an itch to do something.,,noun,/ɜːd͡ʒ/,
urgent,জরুরী,Requiring immediate attention.,An urgent appeal was sent out for assistance.,adjective,/ˈɜːdʒənt/,
us,আমাদের,(personal) Me and at least one other person; the objective case of we.,,pronoun,/əs/,
use,ব্যবহার,The act of using.,The use of torture has been condemned by the United Nations.,noun,,
used 1,ব্যবহৃত 1,,,,,
used 2,ব্যবহৃত 2,,,,,
used to,অভ্যস্ত,,,,,
useful,দরকারী,Having a practical or beneficial use.,,adjective,/ˈjuːsfəl/,
useless,অকেজো,Without use or possibility to be used.,This fork has prongs that are bent. It's useless now.,adjective,/ˈjuːs.ləs/,
user,ব্যবহারকারী,"One who uses or makes use of something, a consumer/client or an express or implied licensee (free user) or a trespasser.",,noun,/ˈjuːzə/,
usual,স্বাভাবিক,"The typical state of something, or something that is typical.",,noun,/ˈjuːʒʊəl/,
usually,সাধারণত,"Most of the time; less than always, but more than occasionally.","Except for one or two days a year, he usually walks to work.",adverb,/ˈjuːʒju(ə)li/,
vacation,ছুটি,Freedom from some business or activity.,,noun,/veɪˈkeɪʃ(ə)n/,
valid,বৈধ,"Well grounded or justifiable, pertinent.",I will believe him as soon as he offers a valid answer.,adjective,/ˈvælɪd/,
valley,উপত্যকা,"An elongated depression between hills or mountains, often with a river flowing through it.",,noun,/ˈvæli/,
valuable,মূল্যবান,"A personal possession such as jewellery, of relatively great monetary value; — usually used in plural form.",,noun,/ˈvæljuəbl̩/,
value,মান,The quality (positive or negative) that renders something desirable or valuable.,The Shakespearean Shylock is of dubious value in the modern world.,noun,/ˈvæljuː/,
van,ভ্যান,"A covered vehicle used for carrying goods or people, usually roughly cuboid in shape, longer and higher than a car but smaller than a truck/lorry.",The van sped down the road.,noun,/væn/,
variation,প্রকরণ,"The act of varying; a partial change in the form, position, state, or qualities of a thing.",,noun,/ˌvɛəɹɪˈeɪʃn̩/,
varied,বৈচিত্র্যময়,Diverse or miscellaneous,,adjective,/ˈvɛəɹid/,
variety,বৈচিত্র্য,The quality of being varied; diversity.,Variety is the spice of life.,noun,/vəˈɹaɪ.ɪ.ti/,
various,বিভিন্ন,Having a broad range (of different elements).,The reasons are various.,adjective,/ˈvɛə.ɹi.əs/,
vary,পরিবর্তিত,Alteration; change.,,noun,/ˈvɛəɹi/,
vast,বিশাল,A vast space.,,noun,/vɑːst/,
vegetable,সবজি,Any plant.,,noun,/ˈvɛd͡ʒtəbəl/,
vehicle,যানবাহন,"A conveyance; a device for carrying or transporting substances, objects or individuals.",,noun,/ˈvɪː(ə).kəl/,
venture,উদ্যোগ,A risky or daring undertaking or journey.,,noun,/ˈvɛn.t͡ʃə/,
version,সংস্করণ,A specific form or variation of something.,,noun,/ˈvɜːʃən/,
vertical,উল্লম্ব,A vertex or zenith.,,noun,/ˈvɜːtɪkəl/,
very,খুব,"True, real, actual.",He tried his very best.,adjective,/ˈvɛɹi/,
via,মাধ্যমে,"A main road or highway, especially in ancient Rome. (Mainly used in set phrases, below.)",,noun,/ˈvaɪə/,
victim,শিকার,"One that is harmed—killed, injured, subjected to oppression, deceived, or otherwise adversely affected—by someone or something, especially another person or event, force, or condition; in particular:",the youngest victims of the brutal war,noun,/ˈvɪktəm/,
victory,বিজয়,An instance of having won a competition or battle or succeeded in an effort.,It was a great victory on the battlefield.,noun,/ˈvɪkt(ə)ɹi/,
video,ভিডিও,"Television, television show, movie.",,noun,/ˈvɪ.di.əʊ/,
view,দেখুন,(physical) Visual perception.,,noun,/vjuː/,
violence,সহিংসতা,Extreme force.,"The violence of the storm, fortunately, was more awesome than destructive.",noun,/ˈvaɪləns/,
violent,হিংস্র,An assailant.,,noun,/ˈvaɪ(ə)lənt/,
violently,হিংস্রভাবে,In a violent manner.,,adverb,/ˈvaɪ(ə)ləntli/,
virtually,কার্যত,Almost but not quite.,"With our medicare supplemental insurance plan, there are virtually no claim forms to fill out. (Advertisement)",adverb,[ˈvɝt͡ʃuəɫi],
virus,ভাইরাস,"A submicroscopic, non-cellular structure consisting of a core of DNA or RNA surrounded by a protein coat, that requires a living host cell to replicate, and often causes disease in the host organism.",,noun,/ˈvaɪɹəs/,
visible,দৃশ্যমান,Able to be seen.,"When the sun rises, the world becomes visible.",adjective,/ˈvɪzəb(ə)l/,
vision,দৃষ্টি,The sense or ability of sight.,,noun,/ˈvɪ.ʒ(ə)n/,
visit,পরিদর্শন,A single act of visiting.,,noun,/ˈvɪzɪt/,
visitor,দর্শনার্থী,Someone who visits someone else; someone staying as a guest.,,noun,/ˈvɪzɪtə/,
vital,গুরুত্বপূর্ণ,"Relating to, or characteristic of life.",vital energies; vital functions; vital actions,adjective,/ˈvaɪt̬əl/,
vocabulary,শব্দভান্ডার,"A usually alphabetized and explained collection of words e.g. of a particular field, or prepared for a specific purpose, often for learning.",,noun,/vəʊˈkabjʊləɹɪ/,
voice,ভয়েস,"Sound uttered by the mouth, especially by human beings in speech or song; sound thus uttered considered as possessing some special quality or character",His low voice allowed him to become a bass in the choir.,noun,/vɔɪs/,
volume,আয়তন,"A three-dimensional measure of space that comprises a length, a width and a height. It is measured in units of cubic centimeters in metric, cubic inches or cubic feet in English measurement.","The room is 9x12x8, so its volume is 864 cubic feet.",noun,/ˈvɒl.juːm/,
vote,ভোট,A formalized choice on matters of administration or other democratic activities,One occasion indicative votes were used was in 2003 when MPs were presented with seven different options on how to reform the House of Lords.,noun,/vəʊt/,
wage,মজুরি,"(often in plural) An amount of money paid to a worker for a specified quantity of work, usually calculated on an hourly basis and expressed in an amount of money per hour.","Before her promotion, her wages were 20% less.",noun,/weɪd͡ʒ/,
waist,কোমর,The part of the body between the pelvis and the stomach.,,noun,/weɪst/,
wait,অপেক্ষা করুন,A delay.,I had a very long wait at the airport security check.,noun,/weɪt/,
waiter,ওয়েটার,"A male or female attendant who serves customers at their tables in a restaurant, café or similar.",Waiter! There's a fly in my soup.,noun,/ˈweɪtə/,
wake,জেগে ওঠা,"The act of waking, or state of being awake.",,noun,/ˈweɪk/,
walk,হাঁটা,"To move on the feet by alternately setting each foot (or pair or group of feet, in the case of animals with four or more feet) forward, with at least one foot on the ground at all times. Compare run.",To walk briskly for an hour every day is to keep fit.,verb,,
walking,হাঁটা,"To move on the feet by alternately setting each foot (or pair or group of feet, in the case of animals with four or more feet) forward, with at least one foot on the ground at all times. Compare run.",To walk briskly for an hour every day is to keep fit.,verb,/ˈwɔːkɪŋ/,
wall,প্রাচীর,"A rampart of earth, stones etc. built up for defensive purposes.",,noun,/wɔːl/,
wallet,মানিব্যাগ,"A small case, often flat and often made of leather, for keeping money (especially paper money), credit cards, etc.",The thief stole all the money and credit cards out of the old man's wallet.,noun,,
wander,বিচরণ,The act or instance of wandering.,to go for a wander in the park,noun,/ˈwɒndə/,
want,চাই,"A desire, wish, longing.",,noun,/wɔnt/,
war,যুদ্ধ,"Organized, large-scale, armed conflict between countries or between national, ethnic, or other sizeable groups, usually involving the engagement of military forces.",The war was largely between Sunni and Shia militants.,noun,/wɔː/,
warm,উষ্ণ,"Having a temperature slightly higher than usual, but still pleasant; mildly hot.",The tea is still warm.,adjective,/wɔːm/,
warmth,উষ্ণতা,A moderate degree of heat; the sensation of being warm.,,noun,/wɔːmθ/,
warn,সতর্ক করা,To make (someone) aware of (something impending); especially:,,verb,/wɔːn/,
warning,সতর্কতা,To make (someone) aware of (something impending); especially:,,verb,/ˈwɔːnɪŋ/,
wash,ধোয়া,The process or an instance of washing or being washed by water or other liquid.,I'm going to have a quick wash before coming to bed.,noun,/wɑʃ/,
waste,বর্জ্য,"Excess of material, useless by-products or damaged, unsaleable products; garbage; rubbish.",,noun,/weɪst/,
watch,ঘড়ি,A portable or wearable timepiece.,More people today carry a watch on their wrists than in their pockets.,noun,/wɒt͡ʃ/,
water,জল,"A substance (of molecular formula H₂O) found at room temperature and pressure as a clear liquid; it is present naturally as rain, and found in rivers, lakes and seas; its solid form is ice and its gaseous form is steam.","By the action of electricity, the water was resolved into its two parts, oxygen and hydrogen.",noun,/ˈwoːtə/,
wave,তরঙ্গ,To move back and forth repeatedly and somewhat loosely.,The flag waved in the gentle breeze.,verb,/weɪv/,
way,উপায়,(heading) To do with a place or places.,,noun,/weɪ/,
we,আমরা,"(personal) The speakers/writers, or the speaker/writer and at least one other person (not the person being addressed). (This is the exclusive we.)",,pronoun,/wiː/,
weak,দুর্বল,Lacking in force (usually strength) or ability.,The child was too weak to move the boulder.,adjective,/wiːk/,
weakness,দুর্বলতা,The condition of being weak.,"In a small number of horses, muscle weakness may progress to paralysis.",noun,/ˈwiːk.nəs/,
wealth,সম্পদ,Riches; valuable material possessions.,,noun,/wɛlθ/,
weapon,অস্ত্র,"An instrument of attack or defense in combat or hunting, e.g. most guns, missiles, or swords.",The club that is now mostly used for golf was once a common weapon.,noun,/ˈwɛ.pən/,
wear,পরিধান,(in combination) clothing,footwear; outdoor wear; maternity wear,noun,/wɛə/,
wear away,দূরে পরিধান,To erode gradually and progressively.,,verb,,
wear out,পরিধান করা,"To cause (something) to become damaged, useless, or ineffective through continued use, especially hard, heavy, or careless use.",He wears a pair of tennis shoes out every summer.,verb,,
weather,আবহাওয়া,"The short term state of the atmosphere at a specific time and place, including the temperature, relative humidity, cloud cover, precipitation, wind, etc.",,noun,/ˈwɛðə/,
web,ওয়েব,The World Wide Web.,Some of that content is now only available on the Web.,proper noun,/wɛb/,
wedding,বিবাহ,To perform the marriage ceremony for; to join in matrimony.,The priest wed the couple.,verb,/ˈwɛdɪŋ/,
week,সপ্তাহ,Any period of seven consecutive days.,,noun,/wiːk/,
weekend,সপ্তাহান্তে,"The break in the working week, usually two days including the traditional holy or sabbath day. Thus in western countries, Saturday and Sunday.",,noun,/wiːˈkɛnd/,
weekly,সাপ্তাহিক,A publication that is published once a week.,,noun,/wiːk.li/,
weigh,ওজন,To determine the weight of an object.,,verb,/weɪ/,
weight,ওজন,"(physical) Matter, material.",,noun,/weɪt/,
weird,অদ্ভুত,Fate; destiny; luck.,,noun,,
welcome,স্বাগত,"The act of greeting someone’s arrival, especially by saying ""Welcome!""; reception.",,noun,/ˈwɛlkəm/,
well,ভাল,In good health.,"I had been sick, but now I'm well.",adjective,/wɛl/,
well-known,সুপরিচিত,"Familiar, famous, renowned or widely known.",,adjective,/ˌwɛlˈnəʊn/,
west,পশ্চিম,"One of the four principal compass points, specifically 270°, conventionally directed to the left on maps; the direction of the setting sun at an equinox, abbreviated as W.",,noun,/wɛst/,
western,পশ্চিমী,"A film, or some other dramatic work, set in, the historic (c. 1850-1910) American West (west of the Mississippi river) focusing on conflict between whites and Indians, lawmen and outlaws, ranchers and farmers, or industry (railroads, mining) and agriculture.",,noun,/ˈwɛstən/,
wet,ভিজা,Liquid or moisture.,,noun,/wɛt/,
what,কি,(Singlish) Used to contradict an underlying assumption held by the interlocutor.,,adverb,/wɔt/,
whatever,যাই হোক,Unexceptional or unimportant; blah.,,adjective,/wɒtˈɛvə/,
wheel,চাকা,"A circular device capable of rotating on its axis, facilitating movement or transportation or performing labour in machines.",,noun,/ʍiːl/,
when,যখন,The time at which something happens.,"A good article will cover the who, the what, the when, the where, the why and the how.",noun,/ʍɛn/,
whenever,যখনই,(interrogative) When ever: emphatic form of when.,Whenever will I find time to finish that jigsaw?,adverb,/wəˈnɛvə/,
where,যেখানে,The place in which something happens.,"A good article will cover the who, the what, the when, the where, the why and the how.",noun,/wɛə(ɹ)/,
whereas,যেখানে,"A clause, as in legal documents, stating whereas.",,noun,/weəɹˈæz/,
wherever,যেখানেই,An emphatic form of where.,Wherever have you been all my life?,adverb,/wɛəˈɹɛvə/,
whether,কিনা,Which of two.,,pronoun,/ˈwɛðə(ɹ)/,
which,যা,(interrogative) What one or ones (of those mentioned or implied).,"By now, you must surely know which is which.",pronoun,/wɪt͡ʃ/,
while,যখন,"An uncertain duration of time, a period of time.",He lectured for quite a long while.,noun,/waɪl/,
whisper,ফিসফিস,"The act of speaking in a quiet voice, especially, without vibration of the vocal cords.",,noun,/ˈ(h)wɪspə/,
whistle,বাঁশি,"A device designed to be placed in the mouth and blown, or driven by steam or some other mechanism, to make a whistling sound.",,noun,/wɪsl̩/,
white,সাদা,The color/colour of snow or milk; the colour of light containing equal amounts of all visible wavelengths.,,noun,/waɪt/,
who,WHO,A person under discussion; a question of which person.,,noun,/huː/,
whoever,যে কেউ,(interrogative) Who ever: an emphatic form of who.,Whoever thought up that stupid idea?,pronoun,/huˈɛvə/,
whole,সম্পূর্ণ,"Something complete, without any parts missing.","This variety of fascinating details didn't fall together into an enjoyable, coherent whole.",noun,/həʊl/,
whom,কাকে,(interrogative) What person or people; which person or people.,,pronoun,/huːm/,
whose,যার,(interrogative) That or those of whom or belonging to whom.,Several people have lost their suitcases. Whose have you found?,pronoun,/huːz/,
why,কেন,Reason,"A good article will cover the who, the what, the when, the where, the why and the how.",noun,/waɪ/,
wide,প্রশস্ত,A ball that passes so far from the batsman that the umpire deems it unplayable; the arm signal used by an umpire to signal a wide; the extra run added to the batting side's score,,noun,/wɑed/,
widely,ব্যাপকভাবে,In a wide manner; across a wide area.,,adverb,/ˈwaɪdli/,
width,প্রস্থ,The state of being wide.,,noun,/ˈwɪdθ/,
wife,স্ত্রী,"A married woman, especially in relation to her spouse.",,noun,/waɪf/,
wild,বন্য,The undomesticated state of a wild animal,"After mending the lion's leg, we returned him to the wild.",noun,/waɪld/,
wildly,বন্যভাবে,"In a wild, uncontrolled manner.","He swung wildly at the guy's head, but ended up on the floor.",adverb,/ˈwaɪldli/,
will,হবে,"(now uncommon or literary) To wish, desire (something).",Do what you will.,verb,/wɪl/,
willing,ইচ্ছুক,"To wish, desire.",,verb,/ˈwɪlɪŋ/,
win,জয়,"To conquer, defeat.",,verb,/wɪn/,
wind 1,বায়ু 1,,,,,
wind 2,বাতাস 2,,,,,
window,জানালা,The inedible parts of a grain-producing plant.,"To separate out the chaff, early cultures tossed baskets of grain into the air and let the wind blow away the lighter chaff.",noun,/ˈwɪndəʊ/,
wine,ওয়াইন,An alcoholic beverage made by fermenting the juice of grapes.,She ordered some wine for the meal.,noun,/waɪn/,
wing,উইং,"An appendage of an animal's (bird, bat, insect) body that enables it to fly; a similar fin at the side of a ray or similar fish",,noun,/wɪŋ/,
winner,বিজয়ী,One who has won or often wins.,,noun,/ˈwɪnə/,
winning,বিজয়ী,"To conquer, defeat.",,verb,/ˈwɪnɪŋ/,
winter,শীতকাল,"Traditionally the fourth of the four seasons, typically regarded as being from December 23 to March 20 in continental regions of the Northern Hemisphere or the months of June, July and August in the Southern Hemisphere. It is the time when the sun is lowest in the sky, resulting in short days, and the time of year with the lowest atmospheric temperatures for the region.",,noun,/ˈwɪntɚ/,
wire,তার,"Metal formed into a thin, even thread, now usually by being drawn through a hole in a steel die.",,noun,/waɪə(ɹ)/,
wise,জ্ঞানী,To become wise.,,verb,/waɪz/,
wish,ইচ্ছা,"A desire, hope, or longing for something or for something to happen.",,noun,/wɪʃ/,
with,সঙ্গে,"Along, together with others, in a group, etc.",Do you want to come with?,adverb,,
withdraw,প্রত্যাহার,"To pull (something) back, aside, or away.",,verb,/wɪðˈdɹɔː/,
within,ভিতরে,In the context of which the present document or ruling is made.,the within appeal,adjective,/wɪˈθɪn/,
without,ছাড়া,"Outside, externally. This is still used in the names of some civil parishes in England, e.g. St Cuthbert Without.",,adverb,/wɪθˈʌʊt/,
witness,সাক্ষী,Attestation of a fact or event; testimony.,"She can bear witness, since she was there at the time.",noun,/ˈwɪtnəs/,
woman,মহিলা,An adult female human.,,noun,/ˈwʊmɘn/,
wonder,আশ্চর্য,Something that causes amazement or awe; a marvel.,Wonders of the World seem to come in sevens.,noun,/ˈwʌndə/,
wonderful,বিস্ময়কর,"Tending to excite wonder; surprising, extraordinary.",,adjective,/ˈwʌn.də.fl/,
wood,কাঠ,"The substance making up the central part of the trunk and branches of a tree. Used as a material for construction, to manufacture various items, etc. or as fuel.",There was lots of wood on the beach.,noun,/wʊd/,
wooden,কাঠের,Made of wood.,"On a recent windy day, hundreds of visitors climbed wooden stairs to take pictures in front of the glacier.",adjective,/ˈwʊdən/,
wool,পশম,"The hair of the sheep, llama and some other ruminants.",,noun,/wʊl/,
word,শব্দ,"The smallest unit of language that has a particular meaning and can be expressed by itself; the smallest discrete, meaningful unit of language. (contrast morpheme.)",,noun,/wɜːd/,
work,কাজ,(heading) Employment.,,noun,/wɜːk/,
worker,,,,,,
working,কাজ,(usually in the plural) Operation; action.,,noun,/ˈwɜːkɪŋ/,
world,বিশ্ব,"(with ""the"") Human collective existence; existence in general.","There will always be lovers, till the world’s end.",noun,/wɝld/,
worried,উদ্বিগ্ন,Thinking about unpleasant things that have happened or that might happen; feeling afraid and unhappy.,She was worried about her son who had been sent off to fight in the war.,adjective,/ˈwʌɹid/,
worry,চিন্তা,A strong feeling of anxiety.,I'm afflicted by worry throughout the night.,noun,/ˈwɒɹi/,
worrying,উদ্বেগজনক,To be troubled; to give way to mental anxiety or doubt.,"Stop worrying about your test, it’ll be fine.",verb,/ˈwʌɹijˌɪŋ/,
worse,খারাপ,Unfavorable; negative; not good.,Abducting children is bad for mothers.,adjective,/wɜːs/,
worship,উপাসনা,"The condition of being worthy; honour, distinction.",,noun,/ˈwɜːʃɪp/,
worst,সবচেয়ে খারাপ,Unfavorable; negative; not good.,Abducting children is bad for mothers.,adjective,/wɜːst/,
worth,মূল্য,Value.,"I’ll have a dollar's worth of candy, please.",noun,/wɜːθ/,
would,হবে,"Something that would happen, or would be the case, under different circumstances; a potentiality.",,noun,/wʊd/,
wound 1,ক্ষত ১,,,,,
wounded,আহত,"To hurt or injure (someone) by cutting, piercing, or tearing the skin.",The police officer wounded the suspect during the fight that ensued.,verb,/ˈwuːndɪd/,
wrap,মোড়ানো,"To enclose (an object) completely in any flexible, thin material such as fabric or paper.",,verb,/ɹæp/,
wrist,কব্জি,"The complex joint between forearm bones, carpus, and metacarpals where the hand is attached to the arm; the carpus in a narrow sense.",,noun,/ɹɪst/,
write,লিখুন,The act or style of writing.,,noun,/ɹaɪt/,
writer,লেখক,"A person who writes, or produces literary work.",Has your girlfriend written you another letter already? She’s quite a writer!,noun,/ˈɹaɪ.tə/,
writing,লেখা,Graphism of symbols such as letters that express some meaning.,,noun,/ˈɹaɪtɪŋ/,
written,লিখিত,"To form letters, words or symbols on a surface in order to communicate.",The pupil wrote his name on the paper.,verb,/ˈɹɪtn̩/,
wrong,ভুল,Something that is immoral or not good.,Injustice is a heinous wrong.,noun,,
wrongly,ভুলভাবে,In an unfair or immoral manner; unjustly.,,adverb,/ˈɹɒŋli/,
yard,গজ,"A small, usually uncultivated area adjoining or (now especially) within the precincts of a house or other building.",,noun,/jɑːd/,
yawn,yawn,"The action of yawning; opening the mouth widely and taking a long, rather deep breath, often because one is tired or bored.",,noun,/jɔːn/,
yeah,হ্যাঁ,"Expressing joy, celebration, glee, etc.",Yeah! We did it!,interjection,/ˈjæ.ə/,
year,বছর,"A solar year, the time it takes the Earth to complete one revolution of the Sun (between 365.24 and 365.26 days depending on the point of reference).",we moved to this town a year ago;  I quit smoking exactly one year ago,noun,/jɪə/,
yellow,হলুদ,"The colour of gold, butter, or a lemon; the colour obtained by mixing green and red light, or by subtracting blue from white light.",,noun,/jɛlə/,
yes,হ্যাঁ,An affirmative expression; an answer that shows agreement or acceptance.,Was that a yes?,noun,/jɛs/,
yesterday,গতকাল,The day immediately before today; one day ago.,Today is the child of yesterday and the parent of tomorrow.,noun,/ˈjɛstədeɪ/,
yet,এখনো,(usually with negative) Thus far; up to the present; up to some specified time; still,He has never yet been late for an appointment;   I’m not yet wise enough to answer that;   Have you finished yet?,adverb,/jɛt/,
you,আপনি,"To address (a person) using the pronoun you (in the past, especially to use you rather than thou, when you was considered more formal).",,verb,/jʉː/,
young,তরুণ,"People who are young; young people, collectively; youth.",The young of today are well-educated.,noun,/jʌŋ/,
your,আপনার,,,,,
yours,তোমার,That which belongs to you (singular); the possessive second-person singular pronoun used without a following noun.,"If this edit is mine, the other must be yours.  Their encyclopedia is good, but yours is even better.  It’s all yours.",pronoun,/jɔː(ɹ)z/,
yourself,নিজেকে,(reflexive pronoun) Your own self (singular).,Be careful with that fire or you'll burn yourself.,pronoun,/jɔːˈsɛlf/,
youth,যুবক,The quality or state of being young.,Her youth and beauty attracted him to her.,noun,/juθ/,
zero,শূন্য,The numeric symbol that represents the cardinal number zero.,"In unary and k-adic notation in general, zero is the empty string.",noun,/ˈzɪəɹəʊ/,
zone,অঞ্চল,"Each of the five regions of the earth's surface into which it was divided by climatic differences, namely the torrid zone (between the tropics), two temperate zones (between the tropics and the polar circles), and two frigid zones (within the polar circles).",,noun,/zəʊn/,
